inventory_id,family,cohort,arm,network_mode,peak_target_rows_per_second,peak_concurrency,abstract_node_cost,plan_sha256,u_strong_c1_p95_pass_latency_ms,slo_1.5x_latency_budget_ms,slo_1.5x_target_rows_per_second,slo_1.5x_concurrency,slo_1.5x_p50_pass_latency_ms,slo_1.5x_p95_pass_latency_ms,slo_1.5x_rows_per_second_per_abstract_cost,slo_1.5x_latency_eligible,slo_2.0x_latency_budget_ms,slo_2.0x_target_rows_per_second,slo_2.0x_concurrency,slo_2.0x_p50_pass_latency_ms,slo_2.0x_p95_pass_latency_ms,slo_2.0x_rows_per_second_per_abstract_cost,slo_2.0x_latency_eligible,slo_4.0x_latency_budget_ms,slo_4.0x_target_rows_per_second,slo_4.0x_concurrency,slo_4.0x_p50_pass_latency_ms,slo_4.0x_p95_pass_latency_ms,slo_4.0x_rows_per_second_per_abstract_cost,slo_4.0x_latency_eligible
coarse-friendly-01,coarse-friendly,negative_control,U_STRONG,SHARED_NIC,54.80144374589557,8,46.93480000000001,dd704e9398787162aaf48db1bc0e2ec04acc504a82fb35e95fbf28b2c3ca034c,1252.5130106001016,1878.7695159001523,13.572713302081299,1,1252.5130106000015,1252.5130106001016,0.2891822976145908,True,2505.026021200203,54.80144374589557,8,2344.276453600025,2471.3608299992156,1.1676079102477386,True,5010.052042400406,54.80144374589557,8,2344.276453600025,2471.3608299992156,1.1676079102477386,True
coarse-friendly-01,coarse-friendly,negative_control,U_STRONG,LEGACY_DIRECTED_LINK,3.951579442540533,1,46.93480000000001,dd704e9398787162aaf48db1bc0e2ec04acc504a82fb35e95fbf28b2c3ca034c,4302.077244613902,6453.115866920853,3.951579442540533,1,4302.07724460015,4302.077244613902,0.08419295368341896,True,8604.154489227803,3.951579442540533,1,4302.07724460015,4302.077244613902,0.08419295368341896,True,17208.308978455607,3.951579442540533,1,4302.07724460015,4302.077244613902,0.08419295368341896,True
coarse-friendly-01,coarse-friendly,negative_control,FLEX_FREE_NO_ALT,SHARED_NIC,55.74866058258214,8,46.93480000000001,d1aa19ec99c69134fdb029b86dd477bc93a509560131b1f52ec1f87db8c3a1a8,1252.5130106001016,1878.7695159001523,13.0665623031628,1,1301.0307994999675,1301.030799500135,0.27839816731216066,True,2505.026021200203,55.74866058258214,8,2323.2046434000295,2470.254583199232,1.187789456492456,True,5010.052042400406,55.74866058258214,8,2323.2046434000295,2470.254583199232,1.187789456492456,True
coarse-friendly-01,coarse-friendly,negative_control,FLEX_FREE,SHARED_NIC,56.525661430665345,8,46.93480000000001,e13fba40341a89598690ee6d0d457bda62c0734a34f34cd726dfc20083e65594,1252.5130106001016,1878.7695159001523,13.253736131171085,1,1282.65719429998,1282.6571943001181,0.2823861214103625,True,2505.026021200203,56.525661430665345,8,2287.5906419993407,2393.9964017992497,1.2043443549491066,True,5010.052042400406,56.525661430665345,8,2287.5906419993407,2393.9964017992497,1.2043443549491066,True
coarse-friendly-01,coarse-friendly,negative_control,FLEX_POOL_NO_ALT,SHARED_NIC,51.40838924514718,8,44.63710000000001,8679069e58c937cb1984cc1e12d45e9b7edeb074d48fcf0bfe2ebc6ca7f1bd32,1252.5130106001016,1878.7695159001523,12.414423940814439,1,1369.374856299939,1369.3748563003028,0.2781189624956468,True,2505.026021200203,12.414423940814439,1,1369.374856299939,1369.3748563003028,0.2781189624956468,True,5010.052042400406,51.40838924514718,8,2509.156672099918,2636.726838199902,1.1516964418644393,True
coarse-friendly-01,coarse-friendly,negative_control,FLEX_POOL,SHARED_NIC,56.304082279405854,8,44.63710000000001,d907774cca446fdfaf132accdb9930b0f4721ed53bd59c298d0f58e7078404ea,1252.5130106001016,1878.7695159001523,12.596541790393886,1,1349.576755499933,1349.5767555003113,0.2821989284786396,True,2505.026021200203,56.304082279405854,8,2293.800257900035,2430.3728945000275,1.2613741098638989,True,5010.052042400406,56.304082279405854,8,2293.800257900035,2430.3728945000275,1.2613741098638989,True
coarse-friendly-01,coarse-friendly,negative_control,FLEX_POOL,LEGACY_DIRECTED_LINK,3.857511473020332,1,44.63710000000001,d907774cca446fdfaf132accdb9930b0f4721ed53bd59c298d0f58e7078404ea,4302.077244613902,6453.115866920853,3.857511473020332,1,4406.986244600157,4406.986244613945,0.08641940164169112,True,8604.154489227803,3.857511473020332,1,4406.986244600157,4406.986244613945,0.08641940164169112,True,17208.308978455607,3.857511473020332,1,4406.986244600157,4406.986244613945,0.08641940164169112,True
coarse-friendly-02,coarse-friendly,negative_control,U_STRONG,SHARED_NIC,57.465823006659626,8,47.71009999999999,2f42bfe671cbaef77251af3aefa1fcae120c876075aec693d81f8cdc31e364cb,1262.1233533000632,1893.1850299500948,13.469364904430092,1,1262.1233533000195,1262.1233533000632,0.28231684495379583,True,2524.2467066001263,57.465823006659626,8,2232.7082712000347,2328.4567569000246,1.2044791984644685,True,5048.493413200253,57.465823006659626,8,2232.7082712000347,2328.4567569000246,1.2044791984644685,True
coarse-friendly-02,coarse-friendly,negative_control,U_STRONG,LEGACY_DIRECTED_LINK,4.4328443657995855,1,47.71009999999999,2f42bfe671cbaef77251af3aefa1fcae120c876075aec693d81f8cdc31e364cb,3835.00944251247,5752.514163768705,4.4328443657995855,1,3835.0094425002026,3835.00944251247,0.09291207450413197,True,7670.01888502494,4.4328443657995855,1,3835.0094425002026,3835.00944251247,0.09291207450413197,True,15340.03777004988,4.4328443657995855,1,3835.0094425002026,3835.00944251247,0.09291207450413197,True
coarse-friendly-02,coarse-friendly,negative_control,FLEX_FREE_NO_ALT,SHARED_NIC,57.645426010177616,8,47.71009999999999,61e194bf763650c2aeed02bab90899431ee5a5e28fb7dcbc33ed2f3622fed31e,1262.1233533000632,1893.1850299500948,13.287621085234505,1,1279.3862717000084,1279.386271700103,0.2785075085827636,True,2524.2467066001263,57.645426010177616,8,2212.866993399268,2414.542337399831,1.2082436635047427,True,5048.493413200253,57.645426010177616,8,2212.866993399268,2414.542337399831,1.2082436635047427,True
coarse-friendly-02,coarse-friendly,negative_control,FLEX_FREE,SHARED_NIC,57.850355119400774,8,47.71009999999999,eaf243fb7246000d03f20744d56720e9d658d019aa074836f6d7911216dba8db,1262.1233533000632,1893.1850299500948,13.287621085234505,1,1279.3862717000084,1279.386271700103,0.2785075085827636,True,2524.2467066001263,57.850355119400774,8,2225.8120078993634,2334.417401400002,1.2125389617586377,True,5048.493413200253,57.850355119400774,8,2225.8120078993634,2334.417401400002,1.2125389617586377,True
coarse-friendly-02,coarse-friendly,negative_control,FLEX_POOL_NO_ALT,SHARED_NIC,57.645426010177616,8,47.71009999999999,61e194bf763650c2aeed02bab90899431ee5a5e28fb7dcbc33ed2f3622fed31e,1262.1233533000632,1893.1850299500948,13.287621085234505,1,1279.3862717000084,1279.386271700103,0.2785075085827636,True,2524.2467066001263,57.645426010177616,8,2212.866993399268,2414.542337399831,1.2082436635047427,True,5048.493413200253,57.645426010177616,8,2212.866993399268,2414.542337399831,1.2082436635047427,True
coarse-friendly-02,coarse-friendly,negative_control,FLEX_POOL,SHARED_NIC,57.850355119400774,8,47.71009999999999,eaf243fb7246000d03f20744d56720e9d658d019aa074836f6d7911216dba8db,1262.1233533000632,1893.1850299500948,13.287621085234505,1,1279.3862717000084,1279.386271700103,0.2785075085827636,True,2524.2467066001263,57.850355119400774,8,2225.8120078993634,2334.417401400002,1.2125389617586377,True,5048.493413200253,57.850355119400774,8,2225.8120078993634,2334.417401400002,1.2125389617586377,True
coarse-friendly-02,coarse-friendly,negative_control,FLEX_POOL,LEGACY_DIRECTED_LINK,4.416128514613332,1,47.71009999999999,eaf243fb7246000d03f20744d56720e9d658d019aa074836f6d7911216dba8db,3835.00944251247,5752.514163768705,4.416128514613332,1,3849.525652100201,3849.5256521124975,0.09256171155820954,True,7670.01888502494,4.416128514613332,1,3849.525652100201,3849.5256521124975,0.09256171155820954,True,15340.03777004988,4.416128514613332,1,3849.525652100201,3849.5256521124975,0.09256171155820954,True
coarse-friendly-03,coarse-friendly,negative_control,U_STRONG,SHARED_NIC,56.952063438393914,8,48.66230000000001,6ec391eb8f3022dc97b417e315e2e326ed775f0379c5a6ca43dead1b534c15cf,1251.4469686000812,1877.1704529001217,13.584275184284039,1,1251.4469686000025,1251.4469686000812,0.2791539895213345,True,2502.8939372001623,56.952063438393914,8,2260.268070200018,2376.486477199298,1.170352889986579,True,5005.787874400325,56.952063438393914,8,2260.268070200018,2376.486477199298,1.170352889986579,True
coarse-friendly-03,coarse-friendly,negative_control,U_STRONG,LEGACY_DIRECTED_LINK,4.471700121176775,1,48.66230000000001,6ec391eb8f3022dc97b417e315e2e326ed775f0379c5a6ca43dead1b534c15cf,3801.686056612467,5702.5290849187,4.471700121176775,1,3801.6860566001487,3801.686056612467,0.0918924942137296,True,7603.372113224934,4.471700121176775,1,3801.6860566001487,3801.686056612467,0.0918924942137296,True,15206.744226449868,4.471700121176775,1,3801.6860566001487,3801.686056612467,0.0918924942137296,True
coarse-friendly-03,coarse-friendly,negative_control,FLEX_FREE_NO_ALT,SHARED_NIC,56.952063438393914,8,48.66230000000001,6ec391eb8f3022dc97b417e315e2e326ed775f0379c5a6ca43dead1b534c15cf,1251.4469686000812,1877.1704529001217,13.584275184284039,1,1251.4469686000025,1251.4469686000812,0.2791539895213345,True,2502.8939372001623,56.952063438393914,8,2260.268070200018,2376.486477199298,1.170352889986579,True,5005.787874400325,56.952063438393914,8,2260.268070200018,2376.486477199298,1.170352889986579,True
coarse-friendly-03,coarse-friendly,negative_control,FLEX_FREE,SHARED_NIC,56.952063438393914,8,48.66230000000001,6ec391eb8f3022dc97b417e315e2e326ed775f0379c5a6ca43dead1b534c15cf,1251.4469686000812,1877.1704529001217,13.584275184284039,1,1251.4469686000025,1251.4469686000812,0.2791539895213345,True,2502.8939372001623,56.952063438393914,8,2260.268070200018,2376.486477199298,1.170352889986579,True,5005.787874400325,56.952063438393914,8,2260.268070200018,2376.486477199298,1.170352889986579,True
coarse-friendly-03,coarse-friendly,negative_control,FLEX_POOL_NO_ALT,SHARED_NIC,56.596777527412584,8,46.7537,bfbea0cc1dc0493d20fc296aa495f4131df9ff058ea7504d41d5b9b155aab39b,1251.4469686000812,1877.1704529001217,12.239891260610177,1,1388.901227799979,1388.9012278002192,0.26179513622686923,True,2502.8939372001623,56.596777527412584,8,2287.147185499274,2416.3593633000073,1.2105304505827899,True,5005.787874400325,56.596777527412584,8,2287.147185499274,2416.3593633000073,1.2105304505827899,True
coarse-friendly-03,coarse-friendly,negative_control,FLEX_POOL,SHARED_NIC,57.7003631734304,8,46.7537,b604d69a85e1db7273d231ac27db2c7bd9a1e3a9c1000e94fe096c7227efc2c8,1251.4469686000812,1877.1704529001217,12.787563620306514,1,1329.4166507999762,1329.416650800209,0.2735091259153075,True,2502.8939372001623,57.7003631734304,8,2224.514145800007,2344.814898999881,1.2341346925148253,True,5005.787874400325,57.7003631734304,8,2224.514145800007,2344.814898999881,1.2341346925148253,True
coarse-friendly-03,coarse-friendly,negative_control,FLEX_POOL,LEGACY_DIRECTED_LINK,4.361212491060112,1,46.7537,b604d69a85e1db7273d231ac27db2c7bd9a1e3a9c1000e94fe096c7227efc2c8,3801.686056612467,5702.5290849187,4.361212491060112,1,3897.9985577003863,3897.9985577117186,0.09328058508866917,True,7603.372113224934,4.361212491060112,1,3897.9985577003863,3897.9985577117186,0.09328058508866917,True,15206.744226449868,4.361212491060112,1,3897.9985577003863,3897.9985577117186,0.09328058508866917,True
memory-fragmented-01,memory-fragmented,headline,U_STRONG,SHARED_NIC,66.03811477817094,8,48.8227,b54b1e91151d2053f79f179db05604b735a73dfbac7f2745e7ea55dcf0031b71,1379.3058983269366,2068.958847490405,12.325039732394357,1,1379.3058983269002,1379.3058983269366,0.25244486135331223,True,2758.611796653873,66.03811477817094,8,1947.6682345066238,2147.633029759967,1.3526108711351674,True,5517.223593307746,66.03811477817094,8,1947.6682345066238,2147.633029759967,1.3526108711351674,True
memory-fragmented-01,memory-fragmented,headline,U_STRONG,LEGACY_DIRECTED_LINK,4.628900665264972,1,48.8227,b54b1e91151d2053f79f179db05604b735a73dfbac7f2745e7ea55dcf0031b71,3672.578270600585,5508.867405900877,4.628900665264972,1,3672.57827059408,3672.578270600585,0.09481041944146826,True,7345.15654120117,4.628900665264972,1,3672.57827059408,3672.578270600585,0.09481041944146826,True,14690.31308240234,4.628900665264972,1,3672.57827059408,3672.578270600585,0.09481041944146826,True
memory-fragmented-01,memory-fragmented,headline,FLEX_FREE_NO_ALT,SHARED_NIC,66.03811477817094,8,48.8227,b54b1e91151d2053f79f179db05604b735a73dfbac7f2745e7ea55dcf0031b71,1379.3058983269366,2068.958847490405,12.325039732394357,1,1379.3058983269002,1379.3058983269366,0.25244486135331223,True,2758.611796653873,66.03811477817094,8,1947.6682345066238,2147.633029759967,1.3526108711351674,True,5517.223593307746,66.03811477817094,8,1947.6682345066238,2147.633029759967,1.3526108711351674,True
memory-fragmented-01,memory-fragmented,headline,FLEX_FREE,SHARED_NIC,66.03811477817094,8,48.8227,b54b1e91151d2053f79f179db05604b735a73dfbac7f2745e7ea55dcf0031b71,1379.3058983269366,2068.958847490405,12.325039732394357,1,1379.3058983269002,1379.3058983269366,0.25244486135331223,True,2758.611796653873,66.03811477817094,8,1947.6682345066238,2147.633029759967,1.3526108711351674,True,5517.223593307746,66.03811477817094,8,1947.6682345066238,2147.633029759967,1.3526108711351674,True
memory-fragmented-01,memory-fragmented,headline,FLEX_POOL_NO_ALT,SHARED_NIC,66.03811477817094,8,48.8227,b54b1e91151d2053f79f179db05604b735a73dfbac7f2745e7ea55dcf0031b71,1379.3058983269366,2068.958847490405,12.325039732394357,1,1379.3058983269002,1379.3058983269366,0.25244486135331223,True,2758.611796653873,66.03811477817094,8,1947.6682345066238,2147.633029759967,1.3526108711351674,True,5517.223593307746,66.03811477817094,8,1947.6682345066238,2147.633029759967,1.3526108711351674,True
memory-fragmented-01,memory-fragmented,headline,FLEX_POOL,SHARED_NIC,66.03811477817094,8,48.8227,b54b1e91151d2053f79f179db05604b735a73dfbac7f2745e7ea55dcf0031b71,1379.3058983269366,2068.958847490405,12.325039732394357,1,1379.3058983269002,1379.3058983269366,0.25244486135331223,True,2758.611796653873,66.03811477817094,8,1947.6682345066238,2147.633029759967,1.3526108711351674,True,5517.223593307746,66.03811477817094,8,1947.6682345066238,2147.633029759967,1.3526108711351674,True
memory-fragmented-01,memory-fragmented,headline,FLEX_POOL,LEGACY_DIRECTED_LINK,4.628900665264972,1,48.8227,b54b1e91151d2053f79f179db05604b735a73dfbac7f2745e7ea55dcf0031b71,3672.578270600585,5508.867405900877,4.628900665264972,1,3672.57827059408,3672.578270600585,0.09481041944146826,True,7345.15654120117,4.628900665264972,1,3672.57827059408,3672.578270600585,0.09481041944146826,True,14690.31308240234,4.628900665264972,1,3672.57827059408,3672.578270600585,0.09481041944146826,True
memory-fragmented-02,memory-fragmented,capacity_exploratory,U_STRONG,SHARED_NIC,36.61888490218912,8,66.22859999999999,4d6e142ab099cabe701f5796b01da0bda2b02e939d8c32977c858138e9980f4b,2085.8419772597845,3128.7629658896767,8.150185961039803,1,2085.841977259399,2085.8419772597845,0.1230614260461463,True,4171.683954519569,36.61888490218912,8,3516.0911523590403,3679.37078866559,0.5529164877739999,True,8343.367909039138,36.61888490218912,8,3516.0911523590403,3679.37078866559,0.5529164877739999,True
memory-fragmented-02,memory-fragmented,capacity_exploratory,U_STRONG,LEGACY_DIRECTED_LINK,2.473897925051652,1,66.22859999999999,4d6e142ab099cabe701f5796b01da0bda2b02e939d8c32977c858138e9980f4b,6871.746739385708,10307.620109078562,2.473897925051652,1,6871.746739369584,6871.746739385708,0.03735392149391128,True,13743.493478771416,2.473897925051652,1,6871.746739369584,6871.746739385708,0.03735392149391128,True,27486.98695754283,2.473897925051652,1,6871.746739369584,6871.746739385708,0.03735392149391128,True
memory-fragmented-02,memory-fragmented,capacity_exploratory,FLEX_FREE_NO_ALT,SHARED_NIC,36.61888490218912,8,66.22859999999999,4d6e142ab099cabe701f5796b01da0bda2b02e939d8c32977c858138e9980f4b,2085.8419772597845,3128.7629658896767,8.150185961039803,1,2085.841977259399,2085.8419772597845,0.1230614260461463,True,4171.683954519569,36.61888490218912,8,3516.0911523590403,3679.37078866559,0.5529164877739999,True,8343.367909039138,36.61888490218912,8,3516.0911523590403,3679.37078866559,0.5529164877739999,True
memory-fragmented-02,memory-fragmented,capacity_exploratory,FLEX_FREE,SHARED_NIC,38.02390137475334,8,66.22859999999999,fb75567786c40178cea32e6a400e2c8cce18f86fe72d5ea131a52536568e2080,2085.8419772597845,3128.7629658896767,8.40473912189231,1,2022.6683723847382,2022.668372386459,0.12690497944833973,True,4171.683954519569,38.02390137475334,8,3381.8675773059294,3542.0290373392418,0.5741311363180461,True,8343.367909039138,38.02390137475334,8,3381.8675773059294,3542.0290373392418,0.5741311363180461,True
memory-fragmented-02,memory-fragmented,capacity_exploratory,FLEX_POOL_NO_ALT,SHARED_NIC,36.61888490218912,8,66.22859999999999,4d6e142ab099cabe701f5796b01da0bda2b02e939d8c32977c858138e9980f4b,2085.8419772597845,3128.7629658896767,8.150185961039803,1,2085.841977259399,2085.8419772597845,0.1230614260461463,True,4171.683954519569,36.61888490218912,8,3516.0911523590403,3679.37078866559,0.5529164877739999,True,8343.367909039138,36.61888490218912,8,3516.0911523590403,3679.37078866559,0.5529164877739999,True
memory-fragmented-02,memory-fragmented,capacity_exploratory,FLEX_POOL,SHARED_NIC,38.02390137475334,8,66.22859999999999,fb75567786c40178cea32e6a400e2c8cce18f86fe72d5ea131a52536568e2080,2085.8419772597845,3128.7629658896767,8.40473912189231,1,2022.6683723847382,2022.668372386459,0.12690497944833973,True,4171.683954519569,38.02390137475334,8,3381.8675773059294,3542.0290373392418,0.5741311363180461,True,8343.367909039138,38.02390137475334,8,3381.8675773059294,3542.0290373392418,0.5741311363180461,True
memory-fragmented-02,memory-fragmented,capacity_exploratory,FLEX_POOL,LEGACY_DIRECTED_LINK,2.4799397467105546,1,66.22859999999999,fb75567786c40178cea32e6a400e2c8cce18f86fe72d5ea131a52536568e2080,6871.746739385708,10307.620109078562,2.4799397467105546,1,6855.005256702891,6855.005256719014,0.0374451482699401,True,13743.493478771416,2.4799397467105546,1,6855.005256702891,6855.005256719014,0.0374451482699401,True,27486.98695754283,2.4799397467105546,1,6855.005256702891,6855.005256719014,0.0374451482699401,True
memory-fragmented-03,memory-fragmented,headline,U_STRONG,SHARED_NIC,65.80458459872257,8,49.36099999999998,68663b7f3e438fa8fc2d46c659a3d0654b2b66d7e94825484ba169ae527c25c0,1385.7855354669373,2078.678303200406,12.267410479412918,1,1385.7855354669155,1385.7855354669373,0.2485243507913722,True,2771.5710709338746,65.80458459872257,8,1954.9960806871532,2098.8717288195476,1.3331290816377828,True,5543.142141867749,65.80458459872257,8,1954.9960806871532,2098.8717288195476,1.3331290816377828,True
memory-fragmented-03,memory-fragmented,headline,U_STRONG,LEGACY_DIRECTED_LINK,4.959968136216427,1,49.36099999999998,68663b7f3e438fa8fc2d46c659a3d0654b2b66d7e94825484ba169ae527c25c0,3427.4413732404937,5141.162059860741,4.959968136216427,1,3427.4413732334397,3427.4413732404937,0.1004835423961514,True,6854.882746480987,4.959968136216427,1,3427.4413732334397,3427.4413732404937,0.1004835423961514,True,13709.765492961975,4.959968136216427,1,3427.4413732334397,3427.4413732404937,0.1004835423961514,True
memory-fragmented-03,memory-fragmented,headline,FLEX_FREE_NO_ALT,SHARED_NIC,65.80458459872257,8,49.36099999999998,68663b7f3e438fa8fc2d46c659a3d0654b2b66d7e94825484ba169ae527c25c0,1385.7855354669373,2078.678303200406,12.267410479412918,1,1385.7855354669155,1385.7855354669373,0.2485243507913722,True,2771.5710709338746,65.80458459872257,8,1954.9960806871532,2098.8717288195476,1.3331290816377828,True,5543.142141867749,65.80458459872257,8,1954.9960806871532,2098.8717288195476,1.3331290816377828,True
memory-fragmented-03,memory-fragmented,headline,FLEX_FREE,SHARED_NIC,65.80458459872257,8,49.36099999999998,68663b7f3e438fa8fc2d46c659a3d0654b2b66d7e94825484ba169ae527c25c0,1385.7855354669373,2078.678303200406,12.267410479412918,1,1385.7855354669155,1385.7855354669373,0.2485243507913722,True,2771.5710709338746,65.80458459872257,8,1954.9960806871532,2098.8717288195476,1.3331290816377828,True,5543.142141867749,65.80458459872257,8,1954.9960806871532,2098.8717288195476,1.3331290816377828,True
memory-fragmented-03,memory-fragmented,headline,FLEX_POOL_NO_ALT,SHARED_NIC,65.80458459872257,8,49.36099999999998,68663b7f3e438fa8fc2d46c659a3d0654b2b66d7e94825484ba169ae527c25c0,1385.7855354669373,2078.678303200406,12.267410479412918,1,1385.7855354669155,1385.7855354669373,0.2485243507913722,True,2771.5710709338746,65.80458459872257,8,1954.9960806871532,2098.8717288195476,1.3331290816377828,True,5543.142141867749,65.80458459872257,8,1954.9960806871532,2098.8717288195476,1.3331290816377828,True
memory-fragmented-03,memory-fragmented,headline,FLEX_POOL,SHARED_NIC,65.80458459872257,8,49.36099999999998,68663b7f3e438fa8fc2d46c659a3d0654b2b66d7e94825484ba169ae527c25c0,1385.7855354669373,2078.678303200406,12.267410479412918,1,1385.7855354669155,1385.7855354669373,0.2485243507913722,True,2771.5710709338746,65.80458459872257,8,1954.9960806871532,2098.8717288195476,1.3331290816377828,True,5543.142141867749,65.80458459872257,8,1954.9960806871532,2098.8717288195476,1.3331290816377828,True
memory-fragmented-03,memory-fragmented,headline,FLEX_POOL,LEGACY_DIRECTED_LINK,4.959968136216427,1,49.36099999999998,68663b7f3e438fa8fc2d46c659a3d0654b2b66d7e94825484ba169ae527c25c0,3427.4413732404937,5141.162059860741,4.959968136216427,1,3427.4413732334397,3427.4413732404937,0.1004835423961514,True,6854.882746480987,4.959968136216427,1,3427.4413732334397,3427.4413732404937,0.1004835423961514,True,13709.765492961975,4.959968136216427,1,3427.4413732334397,3427.4413732404937,0.1004835423961514,True
memory-fragmented-04,memory-fragmented,capacity_exploratory,U_STRONG,SHARED_NIC,32.977356051553805,8,69.2963,0edfa33322cfd5d98b7c31ce141a8a657cdbb902c94811a82997a2e6e3811553,2253.25017473771,3379.875262106565,7.544657131567434,1,2253.250174732806,2253.25017473771,0.10887532424627915,True,4506.50034947542,32.977356051553805,8,3884.7223362508084,4126.12057087295,0.4758891319096951,True,9013.00069895084,32.977356051553805,8,3884.7223362508084,4126.12057087295,0.4758891319096951,True
memory-fragmented-04,memory-fragmented,capacity_exploratory,U_STRONG,LEGACY_DIRECTED_LINK,2.601246965284056,1,69.2963,0edfa33322cfd5d98b7c31ce141a8a657cdbb902c94811a82997a2e6e3811553,6535.327182281879,9802.990773422818,2.601246965284056,1,6535.327182264067,6535.327182281879,0.037538035440334565,True,13070.654364563758,2.601246965284056,1,6535.327182264067,6535.327182281879,0.037538035440334565,True,26141.308729127515,2.601246965284056,1,6535.327182264067,6535.327182281879,0.037538035440334565,True
memory-fragmented-04,memory-fragmented,capacity_exploratory,FLEX_FREE_NO_ALT,SHARED_NIC,33.47032851369726,8,69.2963,0da2f5b96631e160b3a7b7bfcfb7fa4468822552790f7bf4a0d132fadeeecd8e,2253.25017473771,3379.875262106565,7.480149149960421,1,2272.6819558261195,2272.6819558311254,0.10794442343906414,True,4506.50034947542,33.47032851369726,8,3847.7486929789447,4012.6395304323596,0.48300311147488767,True,9013.00069895084,33.47032851369726,8,3847.7486929789447,4012.6395304323596,0.48300311147488767,True
memory-fragmented-04,memory-fragmented,capacity_exploratory,FLEX_FREE,SHARED_NIC,34.137273817984976,8,69.2963,8e2b809a3d975844b660b54cc204d6b50fd8987f7a586e074dd3fef81b3a8c18,2253.25017473771,3379.875262106565,7.480149149960421,1,2272.6819558261195,2272.6819558311254,0.10794442343906414,True,4506.50034947542,34.137273817984976,8,3760.7249524190047,3944.49845355226,0.4926276557043446,True,9013.00069895084,34.137273817984976,8,3760.7249524190047,3944.49845355226,0.4926276557043446,True
memory-fragmented-04,memory-fragmented,capacity_exploratory,FLEX_POOL_NO_ALT,SHARED_NIC,33.47032851369726,8,69.2963,0da2f5b96631e160b3a7b7bfcfb7fa4468822552790f7bf4a0d132fadeeecd8e,2253.25017473771,3379.875262106565,7.480149149960421,1,2272.6819558261195,2272.6819558311254,0.10794442343906414,True,4506.50034947542,33.47032851369726,8,3847.7486929789447,4012.6395304323596,0.48300311147488767,True,9013.00069895084,33.47032851369726,8,3847.7486929789447,4012.6395304323596,0.48300311147488767,True
memory-fragmented-04,memory-fragmented,capacity_exploratory,FLEX_POOL,SHARED_NIC,34.137273817984976,8,69.2963,8e2b809a3d975844b660b54cc204d6b50fd8987f7a586e074dd3fef81b3a8c18,2253.25017473771,3379.875262106565,7.480149149960421,1,2272.6819558261195,2272.6819558311254,0.10794442343906414,True,4506.50034947542,34.137273817984976,8,3760.7249524190047,3944.49845355226,0.4926276557043446,True,9013.00069895084,34.137273817984976,8,3760.7249524190047,3944.49845355226,0.4926276557043446,True
memory-fragmented-04,memory-fragmented,capacity_exploratory,FLEX_POOL,LEGACY_DIRECTED_LINK,2.3141554035975576,1,69.2963,8e2b809a3d975844b660b54cc204d6b50fd8987f7a586e074dd3fef81b3a8c18,6535.327182281879,9802.990773422818,2.3141554035975576,1,7346.092649430182,7346.092649449711,0.03339507886564733,True,13070.654364563758,2.3141554035975576,1,7346.092649430182,7346.092649449711,0.03339507886564733,True,26141.308729127515,2.3141554035975576,1,7346.092649430182,7346.092649449711,0.03339507886564733,True
memory-fragmented-05,memory-fragmented,headline,U_STRONG,SHARED_NIC,52.64522210630225,8,48.2177,ac5c93acca10b069266bb479fa648e6f1c183f1da1221432870cc543ab8f5d5e,1427.416195853657,2141.1242937804855,11.909630876676,1,1427.416195853526,1427.416195853657,0.24699707527891207,True,2854.832391707314,52.64522210630225,8,2437.4591486066693,2550.0218184003315,1.0918235856604992,True,5709.664783414628,52.64522210630225,8,2437.4591486066693,2550.0218184003315,1.0918235856604992,True
memory-fragmented-05,memory-fragmented,headline,U_STRONG,LEGACY_DIRECTED_LINK,4.0100514999085775,1,48.2177,ac5c93acca10b069266bb479fa648e6f1c183f1da1221432870cc543ab8f5d5e,4239.347050883167,6359.02057632475,4.0100514999085775,1,4239.347050874152,4239.347050883167,0.08316554916365936,True,8478.694101766334,4.0100514999085775,1,4239.347050874152,4239.347050883167,0.08316554916365936,True,16957.388203532668,4.0100514999085775,1,4239.347050874152,4239.347050883167,0.08316554916365936,True
memory-fragmented-05,memory-fragmented,headline,FLEX_FREE_NO_ALT,SHARED_NIC,52.74649112199817,8,48.2177,ca10706c6791494b529bd9fa8ddc08e415536e61a9c515a7994773f1358123f7,1427.416195853657,2141.1242937804855,11.799611760287446,1,1440.725368373518,1440.725368373649,0.24471535888869536,True,2854.832391707314,52.74649112199817,8,2433.2649608660395,2529.9786094393385,1.09392383133161,True,5709.664783414628,52.74649112199817,8,2433.2649608660395,2529.9786094393385,1.09392383133161,True
memory-fragmented-05,memory-fragmented,headline,FLEX_FREE,SHARED_NIC,52.961018283314765,8,48.2177,77ebe719dee967dfc812c0d1a44dd26da2d1dcbb3881b07f46326b06800423fb,1427.416195853657,2141.1242937804855,11.799611760287446,1,1440.725368373518,1440.725368373649,0.24471535888869536,True,2854.832391707314,52.961018283314765,8,2434.2373895527926,2535.300347026041,1.0983729685014998,True,5709.664783414628,52.961018283314765,8,2434.2373895527926,2535.300347026041,1.0983729685014998,True
memory-fragmented-05,memory-fragmented,headline,FLEX_POOL_NO_ALT,SHARED_NIC,52.74649112199817,8,48.2177,ca10706c6791494b529bd9fa8ddc08e415536e61a9c515a7994773f1358123f7,1427.416195853657,2141.1242937804855,11.799611760287446,1,1440.725368373518,1440.725368373649,0.24471535888869536,True,2854.832391707314,52.74649112199817,8,2433.2649608660395,2529.9786094393385,1.09392383133161,True,5709.664783414628,52.74649112199817,8,2433.2649608660395,2529.9786094393385,1.09392383133161,True
memory-fragmented-05,memory-fragmented,headline,FLEX_POOL,SHARED_NIC,52.961018283314765,8,48.2177,77ebe719dee967dfc812c0d1a44dd26da2d1dcbb3881b07f46326b06800423fb,1427.416195853657,2141.1242937804855,11.799611760287446,1,1440.725368373518,1440.725368373649,0.24471535888869536,True,2854.832391707314,52.961018283314765,8,2434.2373895527926,2535.300347026041,1.0983729685014998,True,5709.664783414628,52.961018283314765,8,2434.2373895527926,2535.300347026041,1.0983729685014998,True
memory-fragmented-05,memory-fragmented,headline,FLEX_POOL,LEGACY_DIRECTED_LINK,3.997679363499848,1,48.2177,77ebe719dee967dfc812c0d1a44dd26da2d1dcbb3881b07f46326b06800423fb,4239.347050883167,6359.02057632475,3.997679363499848,1,4252.467107594122,4252.46710760321,0.08290896006030665,True,8478.694101766334,3.997679363499848,1,4252.467107594122,4252.46710760321,0.08290896006030665,True,16957.388203532668,3.997679363499848,1,4252.467107594122,4252.46710760321,0.08290896006030665,True
memory-fragmented-06,memory-fragmented,capacity_exploratory,U_STRONG,SHARED_NIC,39.12040769585103,8,72.39880000000001,d06b4594a872a0c2d0ef262722db132c7ed21dc003aec7f41a36fad83c608c1f,2099.5435708400964,3149.3153562601447,8.096997955231306,1,2099.5435708396,2099.5435708400964,0.11183884201438843,True,4199.087141680193,39.12040769585103,8,3276.870427738617,3455.7239194417343,0.5403460788832277,True,8398.174283360386,39.12040769585103,8,3276.870427738617,3455.7239194417343,0.5403460788832277,True
memory-fragmented-06,memory-fragmented,capacity_exploratory,U_STRONG,LEGACY_DIRECTED_LINK,2.4733152355204893,1,72.39880000000001,d06b4594a872a0c2d0ef262722db132c7ed21dc003aec7f41a36fad83c608c1f,6873.365657521819,10310.048486282729,2.4733152355204893,1,6873.36565750101,6873.365657521819,0.034162378872584755,True,13746.731315043638,2.4733152355204893,1,6873.36565750101,6873.365657521819,0.034162378872584755,True,27493.462630087277,2.4733152355204893,1,6873.36565750101,6873.365657521819,0.034162378872584755,True
memory-fragmented-06,memory-fragmented,capacity_exploratory,FLEX_FREE_NO_ALT,SHARED_NIC,39.12040769585103,8,72.39880000000001,d06b4594a872a0c2d0ef262722db132c7ed21dc003aec7f41a36fad83c608c1f,2099.5435708400964,3149.3153562601447,8.096997955231306,1,2099.5435708396,2099.5435708400964,0.11183884201438843,True,4199.087141680193,39.12040769585103,8,3276.870427738617,3455.7239194417343,0.5403460788832277,True,8398.174283360386,39.12040769585103,8,3276.870427738617,3455.7239194417343,0.5403460788832277,True
memory-fragmented-06,memory-fragmented,capacity_exploratory,FLEX_FREE,SHARED_NIC,39.12040769585103,8,72.39880000000001,d06b4594a872a0c2d0ef262722db132c7ed21dc003aec7f41a36fad83c608c1f,2099.5435708400964,3149.3153562601447,8.096997955231306,1,2099.5435708396,2099.5435708400964,0.11183884201438843,True,4199.087141680193,39.12040769585103,8,3276.870427738617,3455.7239194417343,0.5403460788832277,True,8398.174283360386,39.12040769585103,8,3276.870427738617,3455.7239194417343,0.5403460788832277,True
memory-fragmented-06,memory-fragmented,capacity_exploratory,FLEX_POOL_NO_ALT,SHARED_NIC,39.12040769585103,8,72.39880000000001,d06b4594a872a0c2d0ef262722db132c7ed21dc003aec7f41a36fad83c608c1f,2099.5435708400964,3149.3153562601447,8.096997955231306,1,2099.5435708396,2099.5435708400964,0.11183884201438843,True,4199.087141680193,39.12040769585103,8,3276.870427738617,3455.7239194417343,0.5403460788832277,True,8398.174283360386,39.12040769585103,8,3276.870427738617,3455.7239194417343,0.5403460788832277,True
memory-fragmented-06,memory-fragmented,capacity_exploratory,FLEX_POOL,SHARED_NIC,39.12040769585103,8,72.39880000000001,d06b4594a872a0c2d0ef262722db132c7ed21dc003aec7f41a36fad83c608c1f,2099.5435708400964,3149.3153562601447,8.096997955231306,1,2099.5435708396,2099.5435708400964,0.11183884201438843,True,4199.087141680193,39.12040769585103,8,3276.870427738617,3455.7239194417343,0.5403460788832277,True,8398.174283360386,39.12040769585103,8,3276.870427738617,3455.7239194417343,0.5403460788832277,True
memory-fragmented-06,memory-fragmented,capacity_exploratory,FLEX_POOL,LEGACY_DIRECTED_LINK,2.4733152355204893,1,72.39880000000001,d06b4594a872a0c2d0ef262722db132c7ed21dc003aec7f41a36fad83c608c1f,6873.365657521819,10310.048486282729,2.4733152355204893,1,6873.36565750101,6873.365657521819,0.034162378872584755,True,13746.731315043638,2.4733152355204893,1,6873.36565750101,6873.365657521819,0.034162378872584755,True,27493.462630087277,2.4733152355204893,1,6873.36565750101,6873.365657521819,0.034162378872584755,True
compute-heterogeneous-01,compute-heterogeneous,headline,U_STRONG,SHARED_NIC,51.049132493396215,8,45.2938,799df9447e9be1cf84d42c3adb924e3445cdb05fba129fca569f75601193697a,1750.5002774402747,2625.750416160412,9.711509457664246,1,1750.5002774398445,1750.5002774402747,0.21441145273004797,True,3501.0005548805493,51.049132493396215,8,2636.919268599595,2735.919188527332,1.1270666734386652,True,7002.001109761099,51.049132493396215,8,2636.919268599595,2735.919188527332,1.1270666734386652,True
compute-heterogeneous-01,compute-heterogeneous,headline,U_STRONG,LEGACY_DIRECTED_LINK,3.1410780302433023,1,45.2938,799df9447e9be1cf84d42c3adb924e3445cdb05fba129fca569f75601193697a,5412.154628553719,8118.231942830578,3.1410780302433023,1,5412.154628546326,5412.154628553719,0.06934896233575683,True,10824.309257107438,3.1410780302433023,1,5412.154628546326,5412.154628553719,0.06934896233575683,True,21648.618514214875,3.1410780302433023,1,5412.154628546326,5412.154628553719,0.06934896233575683,True
compute-heterogeneous-01,compute-heterogeneous,headline,FLEX_FREE_NO_ALT,SHARED_NIC,51.049132493396215,8,45.2938,799df9447e9be1cf84d42c3adb924e3445cdb05fba129fca569f75601193697a,1750.5002774402747,2625.750416160412,9.711509457664246,1,1750.5002774398445,1750.5002774402747,0.21441145273004797,True,3501.0005548805493,51.049132493396215,8,2636.919268599595,2735.919188527332,1.1270666734386652,True,7002.001109761099,51.049132493396215,8,2636.919268599595,2735.919188527332,1.1270666734386652,True
compute-heterogeneous-01,compute-heterogeneous,headline,FLEX_FREE,SHARED_NIC,51.049132493396215,8,45.2938,799df9447e9be1cf84d42c3adb924e3445cdb05fba129fca569f75601193697a,1750.5002774402747,2625.750416160412,9.711509457664246,1,1750.5002774398445,1750.5002774402747,0.21441145273004797,True,3501.0005548805493,51.049132493396215,8,2636.919268599595,2735.919188527332,1.1270666734386652,True,7002.001109761099,51.049132493396215,8,2636.919268599595,2735.919188527332,1.1270666734386652,True
compute-heterogeneous-01,compute-heterogeneous,headline,FLEX_POOL_NO_ALT,SHARED_NIC,51.049132493396215,8,45.2938,799df9447e9be1cf84d42c3adb924e3445cdb05fba129fca569f75601193697a,1750.5002774402747,2625.750416160412,9.711509457664246,1,1750.5002774398445,1750.5002774402747,0.21441145273004797,True,3501.0005548805493,51.049132493396215,8,2636.919268599595,2735.919188527332,1.1270666734386652,True,7002.001109761099,51.049132493396215,8,2636.919268599595,2735.919188527332,1.1270666734386652,True
compute-heterogeneous-01,compute-heterogeneous,headline,FLEX_POOL,SHARED_NIC,51.049132493396215,8,45.2938,799df9447e9be1cf84d42c3adb924e3445cdb05fba129fca569f75601193697a,1750.5002774402747,2625.750416160412,9.711509457664246,1,1750.5002774398445,1750.5002774402747,0.21441145273004797,True,3501.0005548805493,51.049132493396215,8,2636.919268599595,2735.919188527332,1.1270666734386652,True,7002.001109761099,51.049132493396215,8,2636.919268599595,2735.919188527332,1.1270666734386652,True
compute-heterogeneous-01,compute-heterogeneous,headline,FLEX_POOL,LEGACY_DIRECTED_LINK,3.1410780302433023,1,45.2938,799df9447e9be1cf84d42c3adb924e3445cdb05fba129fca569f75601193697a,5412.154628553719,8118.231942830578,3.1410780302433023,1,5412.154628546326,5412.154628553719,0.06934896233575683,True,10824.309257107438,3.1410780302433023,1,5412.154628546326,5412.154628553719,0.06934896233575683,True,21648.618514214875,3.1410780302433023,1,5412.154628546326,5412.154628553719,0.06934896233575683,True
compute-heterogeneous-02,compute-heterogeneous,headline,U_STRONG,SHARED_NIC,53.602954041861835,8,45.1631,ffa09c606e308efcf027a674222caaa67b5d58af8172268d1e1ac620f15ce914,1722.7360631135962,2584.1040946703943,9.868023526064707,1,1722.7360631132692,1722.7360631135962,0.21849747971385283,True,3445.4721262271923,53.602954041861835,8,2401.331393686287,2611.9093651265393,1.1868749940075378,True,6890.944252454385,53.602954041861835,8,2401.331393686287,2611.9093651265393,1.1868749940075378,True
compute-heterogeneous-02,compute-heterogeneous,headline,U_STRONG,LEGACY_DIRECTED_LINK,3.586723028390375,1,45.1631,ffa09c606e308efcf027a674222caaa67b5d58af8172268d1e1ac620f15ce914,4739.702470880409,7109.553706320614,3.586723028390375,1,4739.7024708731005,4739.702470880409,0.07941711327146221,True,9479.404941760818,3.586723028390375,1,4739.7024708731005,4739.702470880409,0.07941711327146221,True,18958.809883521637,3.586723028390375,1,4739.7024708731005,4739.702470880409,0.07941711327146221,True
compute-heterogeneous-02,compute-heterogeneous,headline,FLEX_FREE_NO_ALT,SHARED_NIC,52.961530540116144,8,45.1631,e437d121069635cbb0cda40a3b0449f5fa79fd9c1da85ce40541b1b062e7eb9c,1722.7360631135962,2584.1040946703943,9.82363936549213,1,1730.5195526332645,1730.5195526335738,0.21751472696719515,True,3445.4721262271923,52.961530540116144,8,2422.2590233995506,2610.6125585729715,1.172672614149962,True,6890.944252454385,52.961530540116144,8,2422.2590233995506,2610.6125585729715,1.172672614149962,True
compute-heterogeneous-02,compute-heterogeneous,headline,FLEX_FREE,SHARED_NIC,54.72255106124353,8,45.1631,011c093d906f258f7ecc276c547c56cd4d5cc071d15f66fff17b13392b69274d,1722.7360631135962,2584.1040946703943,54.72255106124353,8,2338.220469000553,2503.024717886645,1.2116650774912159,True,3445.4721262271923,54.72255106124353,8,2338.220469000553,2503.024717886645,1.2116650774912159,True,6890.944252454385,54.72255106124353,8,2338.220469000553,2503.024717886645,1.2116650774912159,True
compute-heterogeneous-02,compute-heterogeneous,headline,FLEX_POOL_NO_ALT,SHARED_NIC,52.961530540116144,8,45.1631,e437d121069635cbb0cda40a3b0449f5fa79fd9c1da85ce40541b1b062e7eb9c,1722.7360631135962,2584.1040946703943,9.82363936549213,1,1730.5195526332645,1730.5195526335738,0.21751472696719515,True,3445.4721262271923,52.961530540116144,8,2422.2590233995506,2610.6125585729715,1.172672614149962,True,6890.944252454385,52.961530540116144,8,2422.2590233995506,2610.6125585729715,1.172672614149962,True
compute-heterogeneous-02,compute-heterogeneous,headline,FLEX_POOL,SHARED_NIC,54.72255106124353,8,45.1631,011c093d906f258f7ecc276c547c56cd4d5cc071d15f66fff17b13392b69274d,1722.7360631135962,2584.1040946703943,54.72255106124353,8,2338.220469000553,2503.024717886645,1.2116650774912159,True,3445.4721262271923,54.72255106124353,8,2338.220469000553,2503.024717886645,1.2116650774912159,True,6890.944252454385,54.72255106124353,8,2338.220469000553,2503.024717886645,1.2116650774912159,True
compute-heterogeneous-02,compute-heterogeneous,headline,FLEX_POOL,LEGACY_DIRECTED_LINK,3.573539632388791,1,45.1631,011c093d906f258f7ecc276c547c56cd4d5cc071d15f66fff17b13392b69274d,4739.702470880409,7109.553706320614,3.573539632388791,1,4757.188040093271,4757.188040100678,0.07912520691424617,True,9479.404941760818,3.573539632388791,1,4757.188040093271,4757.188040100678,0.07912520691424617,True,18958.809883521637,3.573539632388791,1,4757.188040093271,4757.188040100678,0.07912520691424617,True
compute-heterogeneous-03,compute-heterogeneous,headline,U_STRONG,SHARED_NIC,54.26243375988494,8,44.723499999999994,b0898d40728a9a0ebe80512cc5817a2a2e6c0a7b1ab169b7d96d6435b75ececb,1777.5786944403226,2666.368041660484,54.26243375988494,8,2373.632624739792,2522.3724646263036,1.2132868348828905,True,3555.157388880645,54.26243375988494,8,2373.632624739792,2522.3724646263036,1.2132868348828905,True,7110.31477776129,54.26243375988494,8,2373.632624739792,2522.3724646263036,1.2132868348828905,True
compute-heterogeneous-03,compute-heterogeneous,headline,U_STRONG,LEGACY_DIRECTED_LINK,3.9259317419487805,1,44.723499999999994,b0898d40728a9a0ebe80512cc5817a2a2e6c0a7b1ab169b7d96d6435b75ececb,4330.182264345,6495.273396517499,3.9259317419487805,1,4330.182264340816,4330.182264345,0.08778230107099805,True,8660.36452869,3.9259317419487805,1,4330.182264340816,4330.182264345,0.08778230107099805,True,17320.72905738,3.9259317419487805,1,4330.182264340816,4330.182264345,0.08778230107099805,True
compute-heterogeneous-03,compute-heterogeneous,headline,FLEX_FREE_NO_ALT,SHARED_NIC,54.26243375988494,8,44.723499999999994,b0898d40728a9a0ebe80512cc5817a2a2e6c0a7b1ab169b7d96d6435b75ececb,1777.5786944403226,2666.368041660484,54.26243375988494,8,2373.632624739792,2522.3724646263036,1.2132868348828905,True,3555.157388880645,54.26243375988494,8,2373.632624739792,2522.3724646263036,1.2132868348828905,True,7110.31477776129,54.26243375988494,8,2373.632624739792,2522.3724646263036,1.2132868348828905,True
compute-heterogeneous-03,compute-heterogeneous,headline,FLEX_FREE,SHARED_NIC,54.26243375988494,8,44.723499999999994,b0898d40728a9a0ebe80512cc5817a2a2e6c0a7b1ab169b7d96d6435b75ececb,1777.5786944403226,2666.368041660484,54.26243375988494,8,2373.632624739792,2522.3724646263036,1.2132868348828905,True,3555.157388880645,54.26243375988494,8,2373.632624739792,2522.3724646263036,1.2132868348828905,True,7110.31477776129,54.26243375988494,8,2373.632624739792,2522.3724646263036,1.2132868348828905,True
compute-heterogeneous-03,compute-heterogeneous,headline,FLEX_POOL_NO_ALT,SHARED_NIC,54.26243375988494,8,44.723499999999994,b0898d40728a9a0ebe80512cc5817a2a2e6c0a7b1ab169b7d96d6435b75ececb,1777.5786944403226,2666.368041660484,54.26243375988494,8,2373.632624739792,2522.3724646263036,1.2132868348828905,True,3555.157388880645,54.26243375988494,8,2373.632624739792,2522.3724646263036,1.2132868348828905,True,7110.31477776129,54.26243375988494,8,2373.632624739792,2522.3724646263036,1.2132868348828905,True
compute-heterogeneous-03,compute-heterogeneous,headline,FLEX_POOL,SHARED_NIC,54.26243375988494,8,44.723499999999994,b0898d40728a9a0ebe80512cc5817a2a2e6c0a7b1ab169b7d96d6435b75ececb,1777.5786944403226,2666.368041660484,54.26243375988494,8,2373.632624739792,2522.3724646263036,1.2132868348828905,True,3555.157388880645,54.26243375988494,8,2373.632624739792,2522.3724646263036,1.2132868348828905,True,7110.31477776129,54.26243375988494,8,2373.632624739792,2522.3724646263036,1.2132868348828905,True
compute-heterogeneous-03,compute-heterogeneous,headline,FLEX_POOL,LEGACY_DIRECTED_LINK,3.9259317419487805,1,44.723499999999994,b0898d40728a9a0ebe80512cc5817a2a2e6c0a7b1ab169b7d96d6435b75ececb,4330.182264345,6495.273396517499,3.9259317419487805,1,4330.182264340816,4330.182264345,0.08778230107099805,True,8660.36452869,3.9259317419487805,1,4330.182264340816,4330.182264345,0.08778230107099805,True,17320.72905738,3.9259317419487805,1,4330.182264340816,4330.182264345,0.08778230107099805,True
compute-heterogeneous-04,compute-heterogeneous,headline,U_STRONG,SHARED_NIC,55.52664438254195,8,46.743199999999995,8a1ecdc8b3dedcbacf805df3a4ae4d8cc1ac40b1a1d7b8c3984b7a9cda0a6e75,1786.6146176336406,2679.921926450461,55.52664438254195,8,2306.368835433337,2420.4310195403305,1.1879084954077161,True,3573.229235267281,55.52664438254195,8,2306.368835433337,2420.4310195403305,1.1879084954077161,True,7146.458470534562,55.52664438254195,8,2306.368835433337,2420.4310195403305,1.1879084954077161,True
compute-heterogeneous-04,compute-heterogeneous,headline,U_STRONG,LEGACY_DIRECTED_LINK,3.604574362452824,1,46.743199999999995,8a1ecdc8b3dedcbacf805df3a4ae4d8cc1ac40b1a1d7b8c3984b7a9cda0a6e75,4716.229515779822,7074.3442736697325,3.604574362452824,1,4716.229515773423,4716.229515779822,0.07711441156045852,True,9432.459031559643,3.604574362452824,1,4716.229515773423,4716.229515779822,0.07711441156045852,True,18864.918063119287,3.604574362452824,1,4716.229515773423,4716.229515779822,0.07711441156045852,True
compute-heterogeneous-04,compute-heterogeneous,headline,FLEX_FREE_NO_ALT,SHARED_NIC,55.52664438254195,8,46.743199999999995,8a1ecdc8b3dedcbacf805df3a4ae4d8cc1ac40b1a1d7b8c3984b7a9cda0a6e75,1786.6146176336406,2679.921926450461,55.52664438254195,8,2306.368835433337,2420.4310195403305,1.1879084954077161,True,3573.229235267281,55.52664438254195,8,2306.368835433337,2420.4310195403305,1.1879084954077161,True,7146.458470534562,55.52664438254195,8,2306.368835433337,2420.4310195403305,1.1879084954077161,True
compute-heterogeneous-04,compute-heterogeneous,headline,FLEX_FREE,SHARED_NIC,55.52664438254195,8,46.743199999999995,8a1ecdc8b3dedcbacf805df3a4ae4d8cc1ac40b1a1d7b8c3984b7a9cda0a6e75,1786.6146176336406,2679.921926450461,55.52664438254195,8,2306.368835433337,2420.4310195403305,1.1879084954077161,True,3573.229235267281,55.52664438254195,8,2306.368835433337,2420.4310195403305,1.1879084954077161,True,7146.458470534562,55.52664438254195,8,2306.368835433337,2420.4310195403305,1.1879084954077161,True
compute-heterogeneous-04,compute-heterogeneous,headline,FLEX_POOL_NO_ALT,SHARED_NIC,55.52664438254195,8,46.743199999999995,8a1ecdc8b3dedcbacf805df3a4ae4d8cc1ac40b1a1d7b8c3984b7a9cda0a6e75,1786.6146176336406,2679.921926450461,55.52664438254195,8,2306.368835433337,2420.4310195403305,1.1879084954077161,True,3573.229235267281,55.52664438254195,8,2306.368835433337,2420.4310195403305,1.1879084954077161,True,7146.458470534562,55.52664438254195,8,2306.368835433337,2420.4310195403305,1.1879084954077161,True
compute-heterogeneous-04,compute-heterogeneous,headline,FLEX_POOL,SHARED_NIC,55.52664438254195,8,46.743199999999995,8a1ecdc8b3dedcbacf805df3a4ae4d8cc1ac40b1a1d7b8c3984b7a9cda0a6e75,1786.6146176336406,2679.921926450461,55.52664438254195,8,2306.368835433337,2420.4310195403305,1.1879084954077161,True,3573.229235267281,55.52664438254195,8,2306.368835433337,2420.4310195403305,1.1879084954077161,True,7146.458470534562,55.52664438254195,8,2306.368835433337,2420.4310195403305,1.1879084954077161,True
compute-heterogeneous-04,compute-heterogeneous,headline,FLEX_POOL,LEGACY_DIRECTED_LINK,3.604574362452824,1,46.743199999999995,8a1ecdc8b3dedcbacf805df3a4ae4d8cc1ac40b1a1d7b8c3984b7a9cda0a6e75,4716.229515779822,7074.3442736697325,3.604574362452824,1,4716.229515773423,4716.229515779822,0.07711441156045852,True,9432.459031559643,3.604574362452824,1,4716.229515773423,4716.229515779822,0.07711441156045852,True,18864.918063119287,3.604574362452824,1,4716.229515773423,4716.229515779822,0.07711441156045852,True
compute-heterogeneous-05,compute-heterogeneous,headline,U_STRONG,SHARED_NIC,53.746267648859174,8,46.88820000000001,f620716c8319551d401217cab621f16d0b8da18b8963be230f5f4646a254c6ef,1705.9951426935513,2558.992714040327,53.746267648859174,8,2405.8913585929477,2546.7098654666825,1.1462642551614086,True,3411.9902853871026,53.746267648859174,8,2405.8913585929477,2546.7098654666825,1.1462642551614086,True,6823.980570774205,53.746267648859174,8,2405.8913585929477,2546.7098654666825,1.1462642551614086,True
compute-heterogeneous-05,compute-heterogeneous,headline,U_STRONG,LEGACY_DIRECTED_LINK,3.602381436577769,1,46.88820000000001,f620716c8319551d401217cab621f16d0b8da18b8963be230f5f4646a254c6ef,4719.100489306846,7078.650733960269,3.602381436577769,1,4719.100489300022,4719.100489306846,0.07682916888636732,True,9438.200978613691,3.602381436577769,1,4719.100489300022,4719.100489306846,0.07682916888636732,True,18876.401957227383,3.602381436577769,1,4719.100489300022,4719.100489306846,0.07682916888636732,True
compute-heterogeneous-05,compute-heterogeneous,headline,FLEX_FREE_NO_ALT,SHARED_NIC,53.746267648859174,8,46.88820000000001,f620716c8319551d401217cab621f16d0b8da18b8963be230f5f4646a254c6ef,1705.9951426935513,2558.992714040327,53.746267648859174,8,2405.8913585929477,2546.7098654666825,1.1462642551614086,True,3411.9902853871026,53.746267648859174,8,2405.8913585929477,2546.7098654666825,1.1462642551614086,True,6823.980570774205,53.746267648859174,8,2405.8913585929477,2546.7098654666825,1.1462642551614086,True
compute-heterogeneous-05,compute-heterogeneous,headline,FLEX_FREE,SHARED_NIC,53.746267648859174,8,46.88820000000001,f620716c8319551d401217cab621f16d0b8da18b8963be230f5f4646a254c6ef,1705.9951426935513,2558.992714040327,53.746267648859174,8,2405.8913585929477,2546.7098654666825,1.1462642551614086,True,3411.9902853871026,53.746267648859174,8,2405.8913585929477,2546.7098654666825,1.1462642551614086,True,6823.980570774205,53.746267648859174,8,2405.8913585929477,2546.7098654666825,1.1462642551614086,True
compute-heterogeneous-05,compute-heterogeneous,headline,FLEX_POOL_NO_ALT,SHARED_NIC,53.746267648859174,8,46.88820000000001,f620716c8319551d401217cab621f16d0b8da18b8963be230f5f4646a254c6ef,1705.9951426935513,2558.992714040327,53.746267648859174,8,2405.8913585929477,2546.7098654666825,1.1462642551614086,True,3411.9902853871026,53.746267648859174,8,2405.8913585929477,2546.7098654666825,1.1462642551614086,True,6823.980570774205,53.746267648859174,8,2405.8913585929477,2546.7098654666825,1.1462642551614086,True
compute-heterogeneous-05,compute-heterogeneous,headline,FLEX_POOL,SHARED_NIC,53.746267648859174,8,46.88820000000001,f620716c8319551d401217cab621f16d0b8da18b8963be230f5f4646a254c6ef,1705.9951426935513,2558.992714040327,53.746267648859174,8,2405.8913585929477,2546.7098654666825,1.1462642551614086,True,3411.9902853871026,53.746267648859174,8,2405.8913585929477,2546.7098654666825,1.1462642551614086,True,6823.980570774205,53.746267648859174,8,2405.8913585929477,2546.7098654666825,1.1462642551614086,True
compute-heterogeneous-05,compute-heterogeneous,headline,FLEX_POOL,LEGACY_DIRECTED_LINK,3.602381436577769,1,46.88820000000001,f620716c8319551d401217cab621f16d0b8da18b8963be230f5f4646a254c6ef,4719.100489306846,7078.650733960269,3.602381436577769,1,4719.100489300022,4719.100489306846,0.07682916888636732,True,9438.200978613691,3.602381436577769,1,4719.100489300022,4719.100489306846,0.07682916888636732,True,18876.401957227383,3.602381436577769,1,4719.100489300022,4719.100489306846,0.07682916888636732,True
compute-heterogeneous-06,compute-heterogeneous,headline,U_STRONG,SHARED_NIC,52.67364787613885,8,46.44860000000001,b763e9e0f3ca583a39ccda3627f6b84e3ee10356e4b6fa691497e8f611dd3e7d,1706.899760526947,2560.3496407904204,9.95957723654329,1,1706.899760526671,1706.899760526947,0.21442147312391088,True,3413.799521053894,52.67364787613885,8,2433.036341213614,2660.6287993997466,1.134020140028738,True,6827.599042107788,52.67364787613885,8,2433.036341213614,2660.6287993997466,1.134020140028738,True
compute-heterogeneous-06,compute-heterogeneous,headline,U_STRONG,LEGACY_DIRECTED_LINK,3.7069031386507505,1,46.44860000000001,b763e9e0f3ca583a39ccda3627f6b84e3ee10356e4b6fa691497e8f611dd3e7d,4586.038362526218,6879.057543789328,3.7069031386507505,1,4586.038362520296,4586.038362526218,0.07980656335499346,True,9172.076725052437,3.7069031386507505,1,4586.038362520296,4586.038362526218,0.07980656335499346,True,18344.153450104874,3.7069031386507505,1,4586.038362520296,4586.038362526218,0.07980656335499346,True
compute-heterogeneous-06,compute-heterogeneous,headline,FLEX_FREE_NO_ALT,SHARED_NIC,53.45219668469962,8,46.44860000000001,bf83c02267a0966d330af2834fa46b9a96042bb7e38b9b54e8a8643544cd291c,1706.899760526947,2560.3496407904204,9.605955834054795,1,1769.7353905931004,1769.7353905935888,0.2068082963545681,True,3413.799521053894,53.45219668469962,8,2392.4012496269643,2604.1817493867093,1.1507816529389392,True,6827.599042107788,53.45219668469962,8,2392.4012496269643,2604.1817493867093,1.1507816529389392,True
compute-heterogeneous-06,compute-heterogeneous,headline,FLEX_FREE,SHARED_NIC,54.10369337632941,8,46.44860000000001,9b31f1e413c3c9c0d2e161184ac286e0a886f0e1fab92189975c79ca0ac96547,1706.899760526947,2560.3496407904204,54.10369337632941,8,2353.3931847069907,2546.798836560345,1.1648078386932952,True,3413.799521053894,54.10369337632941,8,2353.3931847069907,2546.798836560345,1.1648078386932952,True,6827.599042107788,54.10369337632941,8,2353.3931847069907,2546.798836560345,1.1648078386932952,True
compute-heterogeneous-06,compute-heterogeneous,headline,FLEX_POOL_NO_ALT,SHARED_NIC,53.45219668469962,8,46.44860000000001,bf83c02267a0966d330af2834fa46b9a96042bb7e38b9b54e8a8643544cd291c,1706.899760526947,2560.3496407904204,9.605955834054795,1,1769.7353905931004,1769.7353905935888,0.2068082963545681,True,3413.799521053894,53.45219668469962,8,2392.4012496269643,2604.1817493867093,1.1507816529389392,True,6827.599042107788,53.45219668469962,8,2392.4012496269643,2604.1817493867093,1.1507816529389392,True
compute-heterogeneous-06,compute-heterogeneous,headline,FLEX_POOL,SHARED_NIC,54.10369337632941,8,46.44860000000001,9b31f1e413c3c9c0d2e161184ac286e0a886f0e1fab92189975c79ca0ac96547,1706.899760526947,2560.3496407904204,54.10369337632941,8,2353.3931847069907,2546.798836560345,1.1648078386932952,True,3413.799521053894,54.10369337632941,8,2353.3931847069907,2546.798836560345,1.1648078386932952,True,6827.599042107788,54.10369337632941,8,2353.3931847069907,2546.798836560345,1.1648078386932952,True
compute-heterogeneous-06,compute-heterogeneous,headline,FLEX_POOL,LEGACY_DIRECTED_LINK,3.6803972326005057,1,46.44860000000001,9b31f1e413c3c9c0d2e161184ac286e0a886f0e1fab92189975c79ca0ac96547,4586.038362526218,6879.057543789328,3.6803972326005057,1,4619.06661852017,4619.066618526238,0.07923591308673468,True,9172.076725052437,3.6803972326005057,1,4619.06661852017,4619.066618526238,0.07923591308673468,True,18344.153450104874,3.6803972326005057,1,4619.06661852017,4619.066618526238,0.07923591308673468,True
network-heterogeneous-01,network-heterogeneous,headline,U_STRONG,SHARED_NIC,47.88678241803755,32,47.38990000000001,493964dbff6e801950f39ee65ad6036f259997c6d0e4d1d2f941a850ccaaa175,1618.194707900242,2427.292061850363,10.505534295107243,1,1618.1947079000256,1618.194707900242,0.22168298086949415,True,3236.389415800484,43.47508704017261,8,3074.138882200241,3161.7767512203136,0.91739140703341,True,6472.778831600968,43.47508704017261,8,3074.138882200241,3161.7767512203136,0.91739140703341,True
network-heterogeneous-01,network-heterogeneous,headline,U_STRONG,LEGACY_DIRECTED_LINK,4.215898275936012,1,47.38990000000001,493964dbff6e801950f39ee65ad6036f259997c6d0e4d1d2f941a850ccaaa175,4032.3553575893166,6048.533036383975,4.215898275936012,1,4032.355357589302,4032.3553575893166,0.08896195763097223,True,8064.710715178633,4.215898275936012,1,4032.355357589302,4032.3553575893166,0.08896195763097223,True,16129.421430357266,4.215898275936012,1,4032.355357589302,4032.3553575893166,0.08896195763097223,True
network-heterogeneous-01,network-heterogeneous,headline,FLEX_FREE_NO_ALT,SHARED_NIC,47.40118369175769,32,47.38990000000001,182a141f82ae1531a7d9cd3d41869de9d1de1e0e258d7c58baa7367083ff6722,1618.194707900242,2427.292061850363,10.117121581785119,1,1680.3198283800048,1680.319828380234,0.2134868734009803,True,3236.389415800484,44.43181838276153,8,2902.6197868401505,3086.2129382797757,0.9375799143438057,True,6472.778831600968,44.43181838276153,8,2902.6197868401505,3086.2129382797757,0.9375799143438057,True
network-heterogeneous-01,network-heterogeneous,headline,FLEX_FREE,SHARED_NIC,50.763050803292664,8,47.38990000000001,08a0d98d9cc7962ba4915384d3d1f434f4bb6df39807aaa197093ccd95e67c50,1618.194707900242,2427.292061850363,10.397029384066329,1,1635.082423260019,1635.0824232602317,0.2193933598523383,True,3236.389415800484,50.763050803292664,8,2542.7082870400773,2679.235872239813,1.0711786858231955,True,6472.778831600968,50.763050803292664,8,2542.7082870400773,2679.235872239813,1.0711786858231955,True
network-heterogeneous-01,network-heterogeneous,headline,FLEX_POOL_NO_ALT,SHARED_NIC,47.40118369175769,32,47.38990000000001,182a141f82ae1531a7d9cd3d41869de9d1de1e0e258d7c58baa7367083ff6722,1618.194707900242,2427.292061850363,10.117121581785119,1,1680.3198283800048,1680.319828380234,0.2134868734009803,True,3236.389415800484,44.43181838276153,8,2902.6197868401505,3086.2129382797757,0.9375799143438057,True,6472.778831600968,44.43181838276153,8,2902.6197868401505,3086.2129382797757,0.9375799143438057,True
network-heterogeneous-01,network-heterogeneous,headline,FLEX_POOL,SHARED_NIC,50.763050803292664,8,47.38990000000001,08a0d98d9cc7962ba4915384d3d1f434f4bb6df39807aaa197093ccd95e67c50,1618.194707900242,2427.292061850363,10.397029384066329,1,1635.082423260019,1635.0824232602317,0.2193933598523383,True,3236.389415800484,50.763050803292664,8,2542.7082870400773,2679.235872239813,1.0711786858231955,True,6472.778831600968,50.763050803292664,8,2542.7082870400773,2679.235872239813,1.0711786858231955,True
network-heterogeneous-01,network-heterogeneous,headline,FLEX_POOL,LEGACY_DIRECTED_LINK,4.199734229537711,1,47.38990000000001,08a0d98d9cc7962ba4915384d3d1f434f4bb6df39807aaa197093ccd95e67c50,4032.3553575893166,6048.533036383975,4.199734229537711,1,4047.875191825082,4047.8751918294583,0.08862087131514752,True,8064.710715178633,4.199734229537711,1,4047.875191825082,4047.8751918294583,0.08862087131514752,True,16129.421430357266,4.199734229537711,1,4047.875191825082,4047.8751918294583,0.08862087131514752,True
network-heterogeneous-02,network-heterogeneous,headline,U_STRONG,SHARED_NIC,45.868731664401565,8,49.18740000000001,7ff471013bea41246a73321f6abe6336135c8794df6bdffd0807626da9418d19,1629.2747523802827,2443.912128570424,10.434090367614354,1,1629.2747523800117,1629.2747523802827,0.21212933327669997,True,3258.5495047605655,45.868731664401565,8,2802.835294000004,2802.835294000015,0.932530112679295,True,6517.099009521131,45.868731664401565,8,2802.835294000004,2802.835294000015,0.932530112679295,True
network-heterogeneous-02,network-heterogeneous,headline,U_STRONG,LEGACY_DIRECTED_LINK,4.210887857683803,1,49.18740000000001,7ff471013bea41246a73321f6abe6336135c8794df6bdffd0807626da9418d19,4037.1533449890558,6055.730017483584,4.210887857683803,1,4037.1533449886483,4037.1533449890558,0.08560907585446276,True,8074.3066899781115,4.210887857683803,1,4037.1533449886483,4037.1533449890558,0.08560907585446276,True,16148.613379956223,4.210887857683803,1,4037.1533449886483,4037.1533449890558,0.08560907585446276,True
network-heterogeneous-02,network-heterogeneous,headline,FLEX_FREE_NO_ALT,SHARED_NIC,45.98947521063628,8,49.18740000000001,36909fcc2127e6231a2dc57b938b93ece96dc4f12180f42bc1a6f7a200954ea8,1629.2747523802827,2443.912128570424,10.297872814149553,1,1650.8263703400135,1650.8263703402918,0.20935997459002814,True,3258.5495047605655,45.98947521063628,8,2802.8352939999822,2826.3832398800223,0.9349848784574153,True,6517.099009521131,45.98947521063628,8,2802.8352939999822,2826.3832398800223,0.9349848784574153,True
network-heterogeneous-02,network-heterogeneous,headline,FLEX_FREE,SHARED_NIC,46.652633371464184,8,49.18740000000001,21fd839ab652f4ea69418b5de98dc4b163b33be2d84dde95f798d1a4dedea744,1629.2747523802827,2443.912128570424,10.297872814149553,1,1650.8263703400135,1650.8263703402918,0.20935997459002814,True,3258.5495047605655,46.652633371464184,8,2755.7394022399967,2755.7394022400113,0.94846715564279,True,6517.099009521131,46.652633371464184,8,2755.7394022399967,2755.7394022400113,0.94846715564279,True
network-heterogeneous-02,network-heterogeneous,headline,FLEX_POOL_NO_ALT,SHARED_NIC,46.15958807437658,8,48.86270000000001,7f7859d3e461b9890415b3ee4fdeec1ea3415258b31526132b8a0988a1eb522d,1629.2747523802827,2443.912128570424,9.940740535939879,1,1710.1341633999664,1710.1341634003766,0.2034423094904677,True,3258.5495047605655,46.15958807437658,8,2779.2873481199895,2802.835294000015,0.9446794400304643,True,6517.099009521131,46.15958807437658,8,2779.2873481199895,2802.835294000015,0.9446794400304643,True
network-heterogeneous-02,network-heterogeneous,headline,FLEX_POOL,SHARED_NIC,46.65263337146418,8,48.86270000000001,92c498afbbd8a0041c0d501c5354c7411bf93a79bbd007ce4aeeab1e0f666b8d,1629.2747523802827,2443.912128570424,9.943141440158023,1,1709.721228679975,1709.7212286803697,0.20349144521604456,True,3258.5495047605655,46.65263337146418,8,2755.7394022399967,2755.7394022400113,0.9547698627268687,True,6517.099009521131,46.65263337146418,8,2755.7394022399967,2755.7394022400113,0.9547698627268687,True
network-heterogeneous-02,network-heterogeneous,headline,FLEX_POOL,LEGACY_DIRECTED_LINK,3.697793243595984,1,48.86270000000001,92c498afbbd8a0041c0d501c5354c7411bf93a79bbd007ce4aeeab1e0f666b8d,4037.1533449890558,6055.730017483584,3.697793243595984,1,4597.336541040446,4597.336541050638,0.07567721889285658,True,8074.3066899781115,3.697793243595984,1,4597.336541040446,4597.336541050638,0.07567721889285658,True,16148.613379956223,3.697793243595984,1,4597.336541040446,4597.336541050638,0.07567721889285658,True
network-heterogeneous-03,network-heterogeneous,headline,U_STRONG,SHARED_NIC,30.65549563762931,8,50.2359,2240f51029174ce2fd35b67ec3e2139c8a34805ff77e787df02cbe52cf1dd03a,1761.8190392203105,2642.7285588304658,9.649118111206334,1,1761.8190392197248,1761.8190392203105,0.1920761469627564,True,3523.638078440621,9.649118111206334,1,1761.8190392197248,1761.8190392203105,0.1920761469627564,True,7047.276156881242,30.65549563762931,8,4212.360597999865,4248.592243000181,0.6102308436323289,True
network-heterogeneous-03,network-heterogeneous,headline,U_STRONG,LEGACY_DIRECTED_LINK,4.31201793398888,1,50.2359,2240f51029174ce2fd35b67ec3e2139c8a34805ff77e787df02cbe52cf1dd03a,3942.469688268844,5913.704532403266,4.31201793398888,1,3942.469688261157,3942.469688268844,0.08583538732239056,True,7884.939376537688,4.31201793398888,1,3942.469688261157,3942.469688268844,0.08583538732239056,True,15769.878753075376,4.31201793398888,1,3942.469688261157,3942.469688268844,0.08583538732239056,True
network-heterogeneous-03,network-heterogeneous,headline,FLEX_FREE_NO_ALT,SHARED_NIC,30.65549563762931,8,50.2359,2240f51029174ce2fd35b67ec3e2139c8a34805ff77e787df02cbe52cf1dd03a,1761.8190392203105,2642.7285588304658,9.649118111206334,1,1761.8190392197248,1761.8190392203105,0.1920761469627564,True,3523.638078440621,9.649118111206334,1,1761.8190392197248,1761.8190392203105,0.1920761469627564,True,7047.276156881242,30.65549563762931,8,4212.360597999865,4248.592243000181,0.6102308436323289,True
network-heterogeneous-03,network-heterogeneous,headline,FLEX_FREE,SHARED_NIC,30.65549563762931,8,50.2359,2240f51029174ce2fd35b67ec3e2139c8a34805ff77e787df02cbe52cf1dd03a,1761.8190392203105,2642.7285588304658,9.649118111206334,1,1761.8190392197248,1761.8190392203105,0.1920761469627564,True,3523.638078440621,9.649118111206334,1,1761.8190392197248,1761.8190392203105,0.1920761469627564,True,7047.276156881242,30.65549563762931,8,4212.360597999865,4248.592243000181,0.6102308436323289,True
network-heterogeneous-03,network-heterogeneous,headline,FLEX_POOL_NO_ALT,SHARED_NIC,30.65549563762931,8,50.2359,2240f51029174ce2fd35b67ec3e2139c8a34805ff77e787df02cbe52cf1dd03a,1761.8190392203105,2642.7285588304658,9.649118111206334,1,1761.8190392197248,1761.8190392203105,0.1920761469627564,True,3523.638078440621,9.649118111206334,1,1761.8190392197248,1761.8190392203105,0.1920761469627564,True,7047.276156881242,30.65549563762931,8,4212.360597999865,4248.592243000181,0.6102308436323289,True
network-heterogeneous-03,network-heterogeneous,headline,FLEX_POOL,SHARED_NIC,30.65549563762931,8,50.2359,2240f51029174ce2fd35b67ec3e2139c8a34805ff77e787df02cbe52cf1dd03a,1761.8190392203105,2642.7285588304658,9.649118111206334,1,1761.8190392197248,1761.8190392203105,0.1920761469627564,True,3523.638078440621,9.649118111206334,1,1761.8190392197248,1761.8190392203105,0.1920761469627564,True,7047.276156881242,30.65549563762931,8,4212.360597999865,4248.592243000181,0.6102308436323289,True
network-heterogeneous-03,network-heterogeneous,headline,FLEX_POOL,LEGACY_DIRECTED_LINK,4.31201793398888,1,50.2359,2240f51029174ce2fd35b67ec3e2139c8a34805ff77e787df02cbe52cf1dd03a,3942.469688268844,5913.704532403266,4.31201793398888,1,3942.469688261157,3942.469688268844,0.08583538732239056,True,7884.939376537688,4.31201793398888,1,3942.469688261157,3942.469688268844,0.08583538732239056,True,15769.878753075376,4.31201793398888,1,3942.469688261157,3942.469688268844,0.08583538732239056,True
network-heterogeneous-04,network-heterogeneous,headline,U_STRONG,SHARED_NIC,65.60527922794304,8,49.81,374cff4b48a74fd8f8271870f774dd58feea0d51e4f938fe89639c832e342a47,1321.7738833001931,1982.6608249502897,12.861503934061792,1,1321.7738833001786,1321.7738833001931,0.2582112815511301,True,2643.5477666003862,65.60527922794304,8,1959.5365070402368,2066.8850723596115,1.3171106048573187,True,5287.0955332007725,65.60527922794304,8,1959.5365070402368,2066.8850723596115,1.3171106048573187,True
network-heterogeneous-04,network-heterogeneous,headline,U_STRONG,LEGACY_DIRECTED_LINK,5.067726750672222,1,49.81,374cff4b48a74fd8f8271870f774dd58feea0d51e4f938fe89639c832e342a47,3354.561292748025,5031.841939122038,5.067726750672222,1,3354.5612927403417,3354.561292748025,0.10174115138872157,True,6709.12258549605,5.067726750672222,1,3354.5612927403417,3354.561292748025,0.10174115138872157,True,13418.2451709921,5.067726750672222,1,3354.5612927403417,3354.561292748025,0.10174115138872157,True
network-heterogeneous-04,network-heterogeneous,headline,FLEX_FREE_NO_ALT,SHARED_NIC,65.43099037702682,8,49.81,311f0f34aaba6b811b9ac90ba0178e006194a81f224b65cc7be07b3518f41229,1321.7738833001931,1982.6608249502897,12.710517509992009,1,1337.4750466801488,1337.4750466801925,0.2551800343302953,True,2643.5477666003862,65.43099037702682,8,1960.4353186795815,2111.219768819581,1.3136115313597032,True,5287.0955332007725,65.43099037702682,8,1960.4353186795815,2111.219768819581,1.3136115313597032,True
network-heterogeneous-04,network-heterogeneous,headline,FLEX_FREE,SHARED_NIC,66.07925669542635,8,49.81,266f78da296beb0142009d62d625c0f9165a805c615d0f22d2c53727618d30f5,1321.7738833001931,1982.6608249502897,12.710517509992009,1,1337.4750466801488,1337.4750466801925,0.2551800343302953,True,2643.5477666003862,66.07925669542635,8,1955.2165362200303,2066.3677721198765,1.326626313901352,True,5287.0955332007725,66.07925669542635,8,1955.2165362200303,2066.3677721198765,1.326626313901352,True
network-heterogeneous-04,network-heterogeneous,headline,FLEX_POOL_NO_ALT,SHARED_NIC,65.43099037702682,8,49.81,311f0f34aaba6b811b9ac90ba0178e006194a81f224b65cc7be07b3518f41229,1321.7738833001931,1982.6608249502897,12.710517509992009,1,1337.4750466801488,1337.4750466801925,0.2551800343302953,True,2643.5477666003862,65.43099037702682,8,1960.4353186795815,2111.219768819581,1.3136115313597032,True,5287.0955332007725,65.43099037702682,8,1960.4353186795815,2111.219768819581,1.3136115313597032,True
network-heterogeneous-04,network-heterogeneous,headline,FLEX_POOL,SHARED_NIC,66.07925669542635,8,49.81,266f78da296beb0142009d62d625c0f9165a805c615d0f22d2c53727618d30f5,1321.7738833001931,1982.6608249502897,12.710517509992009,1,1337.4750466801488,1337.4750466801925,0.2551800343302953,True,2643.5477666003862,66.07925669542635,8,1955.2165362200303,2066.3677721198765,1.326626313901352,True,5287.0955332007725,66.07925669542635,8,1955.2165362200303,2066.3677721198765,1.326626313901352,True
network-heterogeneous-04,network-heterogeneous,headline,FLEX_POOL,LEGACY_DIRECTED_LINK,5.044525545375675,1,49.81,266f78da296beb0142009d62d625c0f9165a805c615d0f22d2c53727618d30f5,3354.561292748025,5031.841939122038,5.044525545375675,1,3369.9898726003303,3369.989872608043,0.10127535726512096,True,6709.12258549605,5.044525545375675,1,3369.9898726003303,3369.989872608043,0.10127535726512096,True,13418.2451709921,5.044525545375675,1,3369.9898726003303,3369.989872608043,0.10127535726512096,True
network-heterogeneous-05,network-heterogeneous,headline,U_STRONG,SHARED_NIC,65.70010468172879,8,49.68609999999998,67ce128397acb3c2d21432e40a67ffaac5fe57c64dd567b7c7e9e5ad37677e94,1269.8463347203215,1904.7695020804822,13.387446602939061,1,1269.8463347202123,1269.8463347203215,0.26944047938838156,True,2539.692669440643,65.70010468172879,8,1951.011081699804,2076.234523919904,1.322303515102389,True,5079.385338881286,65.70010468172879,8,1951.011081699804,2076.234523919904,1.322303515102389,True
network-heterogeneous-05,network-heterogeneous,headline,U_STRONG,LEGACY_DIRECTED_LINK,4.618314546257965,1,49.68609999999998,67ce128397acb3c2d21432e40a67ffaac5fe57c64dd567b7c7e9e5ad37677e94,3680.9965691487887,5521.494853723183,4.618314546257965,1,3680.9965691408142,3680.9965691487887,0.09294982995763336,True,7361.993138297577,4.618314546257965,1,3680.9965691408142,3680.9965691487887,0.09294982995763336,True,14723.986276595155,4.618314546257965,1,3680.9965691408142,3680.9965691487887,0.09294982995763336,True
network-heterogeneous-05,network-heterogeneous,headline,FLEX_FREE_NO_ALT,SHARED_NIC,65.51358646708083,8,49.68609999999998,9a68d1a7b0fed9ce2dea39df5c36e231f8fee15d9af66c085fed48ca4c5487c4,1269.8463347203215,1904.7695020804822,13.242136174353186,1,1283.7807870402175,1283.780787040334,0.26651591037238165,True,2539.692669440643,65.51358646708083,8,1967.470143579445,2079.4094413600287,1.3185495836276313,True,5079.385338881286,65.51358646708083,8,1967.470143579445,2079.4094413600287,1.3185495836276313,True
network-heterogeneous-05,network-heterogeneous,headline,FLEX_FREE,SHARED_NIC,66.11606710221054,8,49.68609999999998,99f507d0f7d43f7ffda6173b8a4e2aca12d8564ea4ee527d491bc0d1dd66d6f0,1269.8463347203215,1904.7695020804822,13.242136174353186,1,1283.7807870402175,1283.780787040334,0.26651591037238165,True,2539.692669440643,66.11606710221054,8,1956.0703023195638,2049.5926600000275,1.3306753217139313,True,5079.385338881286,66.11606710221054,8,1956.0703023195638,2049.5926600000275,1.3306753217139313,True
network-heterogeneous-05,network-heterogeneous,headline,FLEX_POOL_NO_ALT,SHARED_NIC,65.51358646708083,8,49.68609999999998,9a68d1a7b0fed9ce2dea39df5c36e231f8fee15d9af66c085fed48ca4c5487c4,1269.8463347203215,1904.7695020804822,13.242136174353186,1,1283.7807870402175,1283.780787040334,0.26651591037238165,True,2539.692669440643,65.51358646708083,8,1967.470143579445,2079.4094413600287,1.3185495836276313,True,5079.385338881286,65.51358646708083,8,1967.470143579445,2079.4094413600287,1.3185495836276313,True
network-heterogeneous-05,network-heterogeneous,headline,FLEX_POOL,SHARED_NIC,66.11606710221054,8,49.68609999999998,99f507d0f7d43f7ffda6173b8a4e2aca12d8564ea4ee527d491bc0d1dd66d6f0,1269.8463347203215,1904.7695020804822,13.242136174353186,1,1283.7807870402175,1283.780787040334,0.26651591037238165,True,2539.692669440643,66.11606710221054,8,1956.0703023195638,2049.5926600000275,1.3306753217139313,True,5079.385338881286,66.11606710221054,8,1956.0703023195638,2049.5926600000275,1.3306753217139313,True
network-heterogeneous-05,network-heterogeneous,headline,FLEX_POOL,LEGACY_DIRECTED_LINK,4.602779923013521,1,49.68609999999998,99f507d0f7d43f7ffda6173b8a4e2aca12d8564ea4ee527d491bc0d1dd66d6f0,3680.9965691487887,5521.494853723183,4.602779923013521,1,3693.420125300836,3693.420125308796,0.09263717464267718,True,7361.993138297577,4.602779923013521,1,3693.420125300836,3693.420125308796,0.09263717464267718,True,14723.986276595155,4.602779923013521,1,3693.420125300836,3693.420125308796,0.09263717464267718,True
network-heterogeneous-06,network-heterogeneous,headline,U_STRONG,SHARED_NIC,52.70741024590837,8,49.3404,e6019b11e1b9763de3d3e44bde09534eec52a834d08efd541485a112e6772b22,1409.855382700247,2114.7830740503705,12.057974320349816,1,1409.8553827002324,1409.855382700247,0.24438339211578777,True,2819.710765400494,52.70741024590837,8,2444.280092499459,2572.6880438394874,1.0682404327064305,True,5639.421530800988,52.70741024590837,8,2444.280092499459,2572.6880438394874,1.0682404327064305,True
network-heterogeneous-06,network-heterogeneous,headline,U_STRONG,LEGACY_DIRECTED_LINK,4.090534619437792,1,49.3404,e6019b11e1b9763de3d3e44bde09534eec52a834d08efd541485a112e6772b22,4155.935979430331,6233.903969145496,4.090534619437792,1,4155.935979420763,4155.935979430331,0.08290436679552236,True,8311.871958860662,4.090534619437792,1,4155.935979420763,4155.935979430331,0.08290436679552236,True,16623.743917721324,4.090534619437792,1,4155.935979420763,4155.935979430331,0.08290436679552236,True
network-heterogeneous-06,network-heterogeneous,headline,FLEX_FREE_NO_ALT,SHARED_NIC,52.80238391598588,8,49.3404,a4ced43b205ad3a094e3c68b13e67b72ab7daab7f6424ea7c2e3f335386d1274,1409.855382700247,2114.7830740503705,11.865703335934255,1,1432.7005756602084,1432.7005756602448,0.24048656549063757,True,2819.710765400494,52.80238391598588,8,2447.1855127794115,2629.779778700431,1.0701652989433785,True,5639.421530800988,52.80238391598588,8,2447.1855127794115,2629.779778700431,1.0701652989433785,True
network-heterogeneous-06,network-heterogeneous,headline,FLEX_FREE,SHARED_NIC,53.060780075950824,8,49.3404,02bd5489eb84685c6e9fd8e48a38fc93552f907bac0d4e976f451ed476a66864,1409.855382700247,2114.7830740503705,11.865703335934255,1,1432.7005756602084,1432.7005756602448,0.24048656549063757,True,2819.710765400494,53.060780075950824,8,2449.6743443194755,2577.1314901995793,1.0754023087763946,True,5639.421530800988,53.060780075950824,8,2449.6743443194755,2577.1314901995793,1.0754023087763946,True
network-heterogeneous-06,network-heterogeneous,headline,FLEX_POOL_NO_ALT,SHARED_NIC,52.80240658352026,8,47.28660000000001,c89fa9eebd23c796b4b96f63f8e6c5e32113a1897ebf369728e34ec478451871,1409.855382700247,2114.7830740503705,11.432245067511504,1,1487.022006580206,1487.0220065803005,0.24176500462100262,True,2819.710765400494,52.80240658352026,8,2446.113893519443,2562.7777339804597,1.116646292681653,True,5639.421530800988,52.80240658352026,8,2446.113893519443,2562.7777339804597,1.116646292681653,True
network-heterogeneous-06,network-heterogeneous,headline,FLEX_POOL,SHARED_NIC,52.80653813293675,8,47.28660000000001,5fcc2aa783b242f10a189c16e1257d83e8c2c98ddd95f02f8dab4cba079c70d8,1409.855382700247,2114.7830740503705,11.075204884274296,1,1534.96031700005,1534.960317000281,0.23421444731222574,True,2819.710765400494,52.80653813293675,8,2444.9836172200394,2576.2543143793846,1.1167336652019122,True,5639.421530800988,52.80653813293675,8,2444.9836172200394,2576.2543143793846,1.1167336652019122,True
network-heterogeneous-06,network-heterogeneous,headline,FLEX_POOL,LEGACY_DIRECTED_LINK,4.034991155895511,1,47.28660000000001,5fcc2aa783b242f10a189c16e1257d83e8c2c98ddd95f02f8dab4cba079c70d8,4155.935979430331,6233.903969145496,4.034991155895511,1,4213.144302720764,4213.144302730216,0.08533054091212967,True,8311.871958860662,4.034991155895511,1,4213.144302720764,4213.144302730216,0.08533054091212967,True,16623.743917721324,4.034991155895511,1,4213.144302720764,4213.144302730216,0.08533054091212967,True
full-mixed-01,full-mixed,headline,U_STRONG,SHARED_NIC,58.89366779358244,8,65.0677,fee53098e5a748f65ca4999d8a8883e30394b75cd372419a36ec17bbd91edafb,1865.228143206943,2797.8422148104146,58.89366779358244,8,2179.81335512019,2220.577998000028,0.9051137168454154,True,3730.456286413886,58.89366779358244,8,2179.81335512019,2220.577998000028,0.9051137168454154,True,7460.912572827772,58.89366779358244,8,2179.81335512019,2220.577998000028,0.9051137168454154,True
full-mixed-01,full-mixed,headline,U_STRONG,LEGACY_DIRECTED_LINK,4.726281035309477,1,65.0677,fee53098e5a748f65ca4999d8a8883e30394b75cd372419a36ec17bbd91edafb,3596.9084091730765,5395.362613759615,4.726281035309477,1,3596.9084091671975,3596.9084091730765,0.07263636236273108,True,7193.816818346153,4.726281035309477,1,3596.9084091671975,3596.9084091730765,0.07263636236273108,True,14387.633636692306,4.726281035309477,1,3596.9084091671975,3596.9084091730765,0.07263636236273108,True
full-mixed-01,full-mixed,headline,FLEX_FREE_NO_ALT,SHARED_NIC,58.89366779358244,8,65.0677,fee53098e5a748f65ca4999d8a8883e30394b75cd372419a36ec17bbd91edafb,1865.228143206943,2797.8422148104146,58.89366779358244,8,2179.81335512019,2220.577998000028,0.9051137168454154,True,3730.456286413886,58.89366779358244,8,2179.81335512019,2220.577998000028,0.9051137168454154,True,7460.912572827772,58.89366779358244,8,2179.81335512019,2220.577998000028,0.9051137168454154,True
full-mixed-01,full-mixed,headline,FLEX_FREE,SHARED_NIC,58.89366779358244,8,65.0677,fee53098e5a748f65ca4999d8a8883e30394b75cd372419a36ec17bbd91edafb,1865.228143206943,2797.8422148104146,58.89366779358244,8,2179.81335512019,2220.577998000028,0.9051137168454154,True,3730.456286413886,58.89366779358244,8,2179.81335512019,2220.577998000028,0.9051137168454154,True,7460.912572827772,58.89366779358244,8,2179.81335512019,2220.577998000028,0.9051137168454154,True
full-mixed-01,full-mixed,headline,FLEX_POOL_NO_ALT,SHARED_NIC,58.112619843917784,8,64.03370000000001,8f6e122b636deb321fbcca3ae3c9857dd7ae796c1488a92af802110697ab449f,1865.228143206943,2797.8422148104146,58.112619843917784,8,2212.877713040032,2265.413871040035,0.9075318128410161,True,3730.456286413886,58.112619843917784,8,2212.877713040032,2265.413871040035,0.9075318128410161,True,7460.912572827772,58.112619843917784,8,2212.877713040032,2265.413871040035,0.9075318128410161,True
full-mixed-01,full-mixed,headline,FLEX_POOL,SHARED_NIC,58.49228461908466,8,64.03370000000001,132f408ceec4361414882238f5d93ea132b1babef69d936a0764e737536c015c,1865.228143206943,2797.8422148104146,58.49228461908466,8,2193.288947679941,2266.414516360035,0.9134609528901914,True,3730.456286413886,58.49228461908466,8,2193.288947679941,2266.414516360035,0.9134609528901914,True,7460.912572827772,58.49228461908466,8,2193.288947679941,2266.414516360035,0.9134609528901914,True
full-mixed-01,full-mixed,headline,FLEX_POOL,LEGACY_DIRECTED_LINK,4.715212810217028,1,64.03370000000001,132f408ceec4361414882238f5d93ea132b1babef69d936a0764e737536c015c,3596.9084091730765,5395.362613759615,4.715212810217028,1,3605.351589467202,3605.351589473081,0.07363642597908644,True,7193.816818346153,4.715212810217028,1,3605.351589467202,3605.351589473081,0.07363642597908644,True,14387.633636692306,4.715212810217028,1,3605.351589467202,3605.351589473081,0.07363642597908644,True
full-mixed-02,full-mixed,headline,U_STRONG,SHARED_NIC,52.587657047494424,8,61.43680000000002,28a8970975a019c3fb7366973aa15c030be01171425fd6c4a19e84eef415fc1a,1944.2599454002702,2916.3899181004053,52.587657047494424,8,2439.2128654796725,2582.749768333404,0.8559634786885777,True,3888.5198908005405,52.587657047494424,8,2439.2128654796725,2582.749768333404,0.8559634786885777,True,7777.039781601081,52.587657047494424,8,2439.2128654796725,2582.749768333404,0.8559634786885777,True
full-mixed-02,full-mixed,headline,U_STRONG,LEGACY_DIRECTED_LINK,4.297126798616823,1,61.43680000000002,28a8970975a019c3fb7366973aa15c030be01171425fd6c4a19e84eef415fc1a,3956.1318054400035,5934.197708160005,4.297126798616823,1,3956.131805435787,3956.1318054400035,0.06994385773049412,True,7912.263610880007,4.297126798616823,1,3956.131805435787,3956.1318054400035,0.06994385773049412,True,15824.527221760014,4.297126798616823,1,3956.131805435787,3956.1318054400035,0.06994385773049412,True
full-mixed-02,full-mixed,headline,FLEX_FREE_NO_ALT,SHARED_NIC,52.788074584614016,8,60.47760000000002,ca7c39ae21eb64099876568a6dc560f3811752873f35a2a5712271e3c54e863b,1944.2599454002702,2916.3899181004053,52.788074584614016,8,2446.2392246396266,2552.01384300019,0.8728533305655979,True,3888.5198908005405,52.788074584614016,8,2446.2392246396266,2552.01384300019,0.8728533305655979,True,7777.039781601081,52.788074584614016,8,2446.2392246396266,2552.01384300019,0.8728533305655979,True
full-mixed-02,full-mixed,headline,FLEX_FREE,SHARED_NIC,52.88604998362452,8,60.47760000000002,a34e4cfbff6163679dcbbb7598c1ef2e08db84fac299cc1f077335b22b0c34d4,1944.2599454002702,2916.3899181004053,52.88604998362452,8,2438.6702869401925,2526.331948959669,0.874473358460397,True,3888.5198908005405,52.88604998362452,8,2438.6702869401925,2526.331948959669,0.874473358460397,True,7777.039781601081,52.88604998362452,8,2438.6702869401925,2526.331948959669,0.874473358460397,True
full-mixed-02,full-mixed,headline,FLEX_POOL_NO_ALT,SHARED_NIC,52.788074584614016,8,60.47760000000002,ca7c39ae21eb64099876568a6dc560f3811752873f35a2a5712271e3c54e863b,1944.2599454002702,2916.3899181004053,52.788074584614016,8,2446.2392246396266,2552.01384300019,0.8728533305655979,True,3888.5198908005405,52.788074584614016,8,2446.2392246396266,2552.01384300019,0.8728533305655979,True,7777.039781601081,52.788074584614016,8,2446.2392246396266,2552.01384300019,0.8728533305655979,True
full-mixed-02,full-mixed,headline,FLEX_POOL,SHARED_NIC,52.88604998362452,8,60.47760000000002,a34e4cfbff6163679dcbbb7598c1ef2e08db84fac299cc1f077335b22b0c34d4,1944.2599454002702,2916.3899181004053,52.88604998362452,8,2438.6702869401925,2526.331948959669,0.874473358460397,True,3888.5198908005405,52.88604998362452,8,2438.6702869401925,2526.331948959669,0.874473358460397,True,7777.039781601081,52.88604998362452,8,2438.6702869401925,2526.331948959669,0.874473358460397,True
full-mixed-02,full-mixed,headline,FLEX_POOL,LEGACY_DIRECTED_LINK,4.283139921989605,1,60.47760000000002,a34e4cfbff6163679dcbbb7598c1ef2e08db84fac299cc1f077335b22b0c34d4,3956.1318054400035,5934.197708160005,4.283139921989605,1,3969.0508154367526,3969.050815440016,0.07082192286052363,True,7912.263610880007,4.283139921989605,1,3969.0508154367526,3969.050815440016,0.07082192286052363,True,15824.527221760014,4.283139921989605,1,3969.0508154367526,3969.050815440016,0.07082192286052363,True
full-mixed-03,full-mixed,headline,U_STRONG,SHARED_NIC,53.89671151172414,8,60.60570000000001,2db2cb446c340944e0561bce518001a5986aed8539bb976be47eaa24e121191c,1855.8895716936022,2783.8343575404033,53.89671151172414,8,2378.3088536867126,2538.7076572470687,0.8893010312845843,True,3711.7791433872044,53.89671151172414,8,2378.3088536867126,2538.7076572470687,0.8893010312845843,True,7423.558286774409,53.89671151172414,8,2378.3088536867126,2538.7076572470687,0.8893010312845843,True
full-mixed-03,full-mixed,headline,U_STRONG,LEGACY_DIRECTED_LINK,4.317684874361247,1,60.60570000000001,2db2cb446c340944e0561bce518001a5986aed8539bb976be47eaa24e121191c,3937.2952159991837,5905.942823998776,4.317684874361247,1,3937.2952159943234,3937.2952159991837,0.07124222431819525,True,7874.590431998367,4.317684874361247,1,3937.2952159943234,3937.2952159991837,0.07124222431819525,True,15749.180863996735,4.317684874361247,1,3937.2952159943234,3937.2952159991837,0.07124222431819525,True
full-mixed-03,full-mixed,headline,FLEX_FREE_NO_ALT,SHARED_NIC,53.89671151172414,8,60.60570000000001,2db2cb446c340944e0561bce518001a5986aed8539bb976be47eaa24e121191c,1855.8895716936022,2783.8343575404033,53.89671151172414,8,2378.3088536867126,2538.7076572470687,0.8893010312845843,True,3711.7791433872044,53.89671151172414,8,2378.3088536867126,2538.7076572470687,0.8893010312845843,True,7423.558286774409,53.89671151172414,8,2378.3088536867126,2538.7076572470687,0.8893010312845843,True
full-mixed-03,full-mixed,headline,FLEX_FREE,SHARED_NIC,54.67739178439995,8,60.60570000000001,6cbfcc2cec874f919e710d9c3ef4f85739a95b3c38707cd7f78009c1d9b39d22,1855.8895716936022,2783.8343575404033,54.67739178439995,8,2352.0307837000637,2495.0102678197436,0.9021823324274769,True,3711.7791433872044,54.67739178439995,8,2352.0307837000637,2495.0102678197436,0.9021823324274769,True,7423.558286774409,54.67739178439995,8,2352.0307837000637,2495.0102678197436,0.9021823324274769,True
full-mixed-03,full-mixed,headline,FLEX_POOL_NO_ALT,SHARED_NIC,53.89671151172414,8,60.60570000000001,2db2cb446c340944e0561bce518001a5986aed8539bb976be47eaa24e121191c,1855.8895716936022,2783.8343575404033,53.89671151172414,8,2378.3088536867126,2538.7076572470687,0.8893010312845843,True,3711.7791433872044,53.89671151172414,8,2378.3088536867126,2538.7076572470687,0.8893010312845843,True,7423.558286774409,53.89671151172414,8,2378.3088536867126,2538.7076572470687,0.8893010312845843,True
full-mixed-03,full-mixed,headline,FLEX_POOL,SHARED_NIC,54.67739178439995,8,60.60570000000001,6cbfcc2cec874f919e710d9c3ef4f85739a95b3c38707cd7f78009c1d9b39d22,1855.8895716936022,2783.8343575404033,54.67739178439995,8,2352.0307837000637,2495.0102678197436,0.9021823324274769,True,3711.7791433872044,54.67739178439995,8,2352.0307837000637,2495.0102678197436,0.9021823324274769,True,7423.558286774409,54.67739178439995,8,2352.0307837000637,2495.0102678197436,0.9021823324274769,True
full-mixed-03,full-mixed,headline,FLEX_POOL,LEGACY_DIRECTED_LINK,4.317684874361247,1,60.60570000000001,6cbfcc2cec874f919e710d9c3ef4f85739a95b3c38707cd7f78009c1d9b39d22,3937.2952159991837,5905.942823998776,4.317684874361247,1,3937.2952159943234,3937.2952159991837,0.07124222431819525,True,7874.590431998367,4.317684874361247,1,3937.2952159943234,3937.2952159991837,0.07124222431819525,True,15749.180863996735,4.317684874361247,1,3937.2952159943234,3937.2952159991837,0.07124222431819525,True
full-mixed-04,full-mixed,capacity_exploratory,U_STRONG,SHARED_NIC,24.416449471671612,8,81.4801,8ffc9f00e36f1a35f68b927a992bf4a393379576a0baf6e3e9375036b529a1a2,2988.8480805615545,4483.272120842332,5.687809999634476,1,2988.8480805599247,2988.8480805615545,0.0698061244357147,True,5977.696161123109,24.416449471671612,8,5216.350677920127,5347.1627353068325,0.2996615059587754,True,11955.392322246218,24.416449471671612,8,5216.350677920127,5347.1627353068325,0.2996615059587754,True
full-mixed-04,full-mixed,capacity_exploratory,U_STRONG,LEGACY_DIRECTED_LINK,2.049086938829105,1,81.4801,8ffc9f00e36f1a35f68b927a992bf4a393379576a0baf6e3e9375036b529a1a2,8296.378097924578,12444.567146886868,2.049086938829105,1,8296.378097908091,8296.378097924578,0.025148311536548253,True,16592.756195849157,2.049086938829105,1,8296.378097908091,8296.378097924578,0.025148311536548253,True,33185.512391698314,2.049086938829105,1,8296.378097908091,8296.378097924578,0.025148311536548253,True
full-mixed-04,full-mixed,capacity_exploratory,FLEX_FREE_NO_ALT,SHARED_NIC,24.416449471671612,8,81.4801,8ffc9f00e36f1a35f68b927a992bf4a393379576a0baf6e3e9375036b529a1a2,2988.8480805615545,4483.272120842332,5.687809999634476,1,2988.8480805599247,2988.8480805615545,0.0698061244357147,True,5977.696161123109,24.416449471671612,8,5216.350677920127,5347.1627353068325,0.2996615059587754,True,11955.392322246218,24.416449471671612,8,5216.350677920127,5347.1627353068325,0.2996615059587754,True
full-mixed-04,full-mixed,capacity_exploratory,FLEX_FREE,SHARED_NIC,25.126145239295724,8,81.4801,20cc545006f9575ed2d64a6109e3a753ee2fcf7170e48e620687c788d4bfb365,2988.8480805615545,4483.272120842332,5.687809999634476,1,2988.8480805599247,2988.8480805615545,0.0698061244357147,True,5977.696161123109,25.126145239295724,8,5116.682195999609,5116.682196000416,0.3083715562363783,True,11955.392322246218,25.126145239295724,8,5116.682195999609,5116.682196000416,0.3083715562363783,True
full-mixed-04,full-mixed,capacity_exploratory,FLEX_POOL_NO_ALT,SHARED_NIC,23.298051985669215,8,77.5609,d0fb5220dd7de93c5bd946095fee64a44b96549828d6f2e052ccae2455a5b306,2988.8480805615545,4483.272120842332,5.507120317528458,1,3086.912763806613,3086.912763808039,0.0710038217391554,True,5977.696161123109,23.298051985669215,8,5539.673902506824,5655.4113455463885,0.3003839819505603,True,11955.392322246218,23.298051985669215,8,5539.673902506824,5655.4113455463885,0.3003839819505603,True
full-mixed-04,full-mixed,capacity_exploratory,FLEX_POOL,SHARED_NIC,25.126145239295756,8,77.5609,5d882050003d4ee3bf653dcfc588ab6dce55ae0e5ead8a4f55e3a1a63fbc9223,2988.8480805615545,4483.272120842332,5.507120317528458,1,3086.912763806613,3086.912763808039,0.0710038217391554,True,5977.696161123109,25.126145239295756,8,5116.682195999601,5116.682196000416,0.3239537607131397,True,11955.392322246218,25.126145239295756,8,5116.682195999601,5116.682196000416,0.3239537607131397,True
full-mixed-04,full-mixed,capacity_exploratory,FLEX_POOL,LEGACY_DIRECTED_LINK,1.949153009907692,1,77.5609,5d882050003d4ee3bf653dcfc588ab6dce55ae0e5ead8a4f55e3a1a63fbc9223,8296.378097924578,12444.567146886868,1.949153009907692,1,8721.737038396444,8721.737038411666,0.025130613619848297,True,16592.756195849157,1.949153009907692,1,8721.737038396444,8721.737038411666,0.025130613619848297,True,33185.512391698314,1.949153009907692,1,8721.737038396444,8721.737038411666,0.025130613619848297,True
full-mixed-05,full-mixed,capacity_exploratory,U_STRONG,SHARED_NIC,49.52493185922716,8,73.9035,e2ef2c05e45c83f7f61897210aee573bef885cf7e505ca1fa307a616271c9f37,1874.8401545800662,2812.2602318700992,49.52493185922716,8,2606.825173059704,2727.5909261527995,0.6701297213153256,True,3749.6803091601323,49.52493185922716,8,2606.825173059704,2727.5909261527995,0.6701297213153256,True,7499.360618320265,49.52493185922716,8,2606.825173059704,2727.5909261527995,0.6701297213153256,True
full-mixed-05,full-mixed,capacity_exploratory,U_STRONG,LEGACY_DIRECTED_LINK,2.5005069198197942,1,73.9035,e2ef2c05e45c83f7f61897210aee573bef885cf7e505ca1fa307a616271c9f37,6798.621457630128,10197.932186445192,2.5005069198197942,1,6798.621457616449,6798.621457630128,0.03383475640287394,True,13597.242915260256,2.5005069198197942,1,6798.621457616449,6798.621457630128,0.03383475640287394,True,27194.485830520513,2.5005069198197942,1,6798.621457616449,6798.621457630128,0.03383475640287394,True
full-mixed-05,full-mixed,capacity_exploratory,FLEX_FREE_NO_ALT,SHARED_NIC,49.52493185922716,8,73.9035,e2ef2c05e45c83f7f61897210aee573bef885cf7e505ca1fa307a616271c9f37,1874.8401545800662,2812.2602318700992,49.52493185922716,8,2606.825173059704,2727.5909261527995,0.6701297213153256,True,3749.6803091601323,49.52493185922716,8,2606.825173059704,2727.5909261527995,0.6701297213153256,True,7499.360618320265,49.52493185922716,8,2606.825173059704,2727.5909261527995,0.6701297213153256,True
full-mixed-05,full-mixed,capacity_exploratory,FLEX_FREE,SHARED_NIC,49.52493185922716,8,73.9035,e2ef2c05e45c83f7f61897210aee573bef885cf7e505ca1fa307a616271c9f37,1874.8401545800662,2812.2602318700992,49.52493185922716,8,2606.825173059704,2727.5909261527995,0.6701297213153256,True,3749.6803091601323,49.52493185922716,8,2606.825173059704,2727.5909261527995,0.6701297213153256,True,7499.360618320265,49.52493185922716,8,2606.825173059704,2727.5909261527995,0.6701297213153256,True
full-mixed-05,full-mixed,capacity_exploratory,FLEX_POOL_NO_ALT,SHARED_NIC,49.52493185922716,8,73.9035,e2ef2c05e45c83f7f61897210aee573bef885cf7e505ca1fa307a616271c9f37,1874.8401545800662,2812.2602318700992,49.52493185922716,8,2606.825173059704,2727.5909261527995,0.6701297213153256,True,3749.6803091601323,49.52493185922716,8,2606.825173059704,2727.5909261527995,0.6701297213153256,True,7499.360618320265,49.52493185922716,8,2606.825173059704,2727.5909261527995,0.6701297213153256,True
full-mixed-05,full-mixed,capacity_exploratory,FLEX_POOL,SHARED_NIC,49.52493185922716,8,73.9035,e2ef2c05e45c83f7f61897210aee573bef885cf7e505ca1fa307a616271c9f37,1874.8401545800662,2812.2602318700992,49.52493185922716,8,2606.825173059704,2727.5909261527995,0.6701297213153256,True,3749.6803091601323,49.52493185922716,8,2606.825173059704,2727.5909261527995,0.6701297213153256,True,7499.360618320265,49.52493185922716,8,2606.825173059704,2727.5909261527995,0.6701297213153256,True
full-mixed-05,full-mixed,capacity_exploratory,FLEX_POOL,LEGACY_DIRECTED_LINK,2.5005069198197942,1,73.9035,e2ef2c05e45c83f7f61897210aee573bef885cf7e505ca1fa307a616271c9f37,6798.621457630128,10197.932186445192,2.5005069198197942,1,6798.621457616449,6798.621457630128,0.03383475640287394,True,13597.242915260256,2.5005069198197942,1,6798.621457616449,6798.621457630128,0.03383475640287394,True,27194.485830520513,2.5005069198197942,1,6798.621457616449,6798.621457630128,0.03383475640287394,True
full-mixed-06,full-mixed,capacity_exploratory,U_STRONG,SHARED_NIC,48.389292889325475,8,72.89809999999997,239b432ca09cf160c0e76c171517165d756ffad2c00a185ee8fe97cd274e85d8,1956.6038521334704,2934.9057782002055,48.389292889325475,8,2675.4924902731073,2864.423793119953,0.6637936090148507,True,3913.2077042669407,48.389292889325475,8,2675.4924902731073,2864.423793119953,0.6637936090148507,True,7826.415408533881,48.389292889325475,8,2675.4924902731073,2864.423793119953,0.6637936090148507,True
full-mixed-06,full-mixed,capacity_exploratory,U_STRONG,LEGACY_DIRECTED_LINK,2.414727891981445,1,72.89809999999997,239b432ca09cf160c0e76c171517165d756ffad2c00a185ee8fe97cd274e85d8,7040.130714727158,10560.196072090737,2.414727891981445,1,7040.130714708677,7040.130714727158,0.03312470272862319,True,14080.261429454316,2.414727891981445,1,7040.130714708677,7040.130714727158,0.03312470272862319,True,28160.522858908633,2.414727891981445,1,7040.130714708677,7040.130714727158,0.03312470272862319,True
full-mixed-06,full-mixed,capacity_exploratory,FLEX_FREE_NO_ALT,SHARED_NIC,48.040558153940815,8,72.89809999999997,4b3a8d99e4e6a1c2ac32fb67688d750d98b57fc811778832424662af4520efbe,1956.6038521334704,2934.9057782002055,48.040558153940815,8,2668.8464001532902,2850.9805436263778,0.6590097431063475,True,3913.2077042669407,48.040558153940815,8,2668.8464001532902,2850.9805436263778,0.6590097431063475,True,7826.415408533881,48.040558153940815,8,2668.8464001532902,2850.9805436263778,0.6590097431063475,True
full-mixed-06,full-mixed,capacity_exploratory,FLEX_FREE,SHARED_NIC,48.85951738911623,8,72.89809999999997,2d3c9f61c0d486223dc049246add84a4fc079fa97f1544d886452d40e2abc1c6,1956.6038521334704,2934.9057782002055,48.85951738911623,8,2641.50896433301,2776.777193966409,0.6702440446200415,True,3913.2077042669407,48.85951738911623,8,2641.50896433301,2776.777193966409,0.6702440446200415,True,7826.415408533881,48.85951738911623,8,2641.50896433301,2776.777193966409,0.6702440446200415,True
full-mixed-06,full-mixed,capacity_exploratory,FLEX_POOL_NO_ALT,SHARED_NIC,47.92598107987381,8,71.92389999999997,be03b415116f318661677cceb32a89adc1b206637e9c6a7d800ed717f5313580,1956.6038521334704,2934.9057782002055,47.92598107987381,8,2687.063925253089,2837.7802280529468,0.6663429135499301,True,3913.2077042669407,47.92598107987381,8,2687.063925253089,2837.7802280529468,0.6663429135499301,True,7826.415408533881,47.92598107987381,8,2687.063925253089,2837.7802280529468,0.6663429135499301,True
full-mixed-06,full-mixed,capacity_exploratory,FLEX_POOL,SHARED_NIC,48.26169896683217,8,71.92389999999997,0bb3d272dace8ce3c05cc866f01b356dad1af7a4e77ac64921a43195a9ea081d,1956.6038521334704,2934.9057782002055,48.26169896683217,8,2672.3670298730467,2836.9897269330213,0.6710105954603711,True,3913.2077042669407,48.26169896683217,8,2672.3670298730467,2836.9897269330213,0.6710105954603711,True,7826.415408533881,48.26169896683217,8,2672.3670298730467,2836.9897269330213,0.6710105954603711,True
full-mixed-06,full-mixed,capacity_exploratory,FLEX_POOL,LEGACY_DIRECTED_LINK,2.391619527001256,1,71.92389999999997,0bb3d272dace8ce3c05cc866f01b356dad1af7a4e77ac64921a43195a9ea081d,7040.130714727158,10560.196072090737,2.391619527001256,1,7108.154038748558,7108.154038767505,0.03325208347991776,True,14080.261429454316,2.391619527001256,1,7108.154038748558,7108.154038767505,0.03325208347991776,True,28160.522858908633,2.391619527001256,1,7108.154038748558,7108.154038767505,0.03325208347991776,True
