layer,position,slot,expert,route_weight
1,0,0,295,0.0843
1,0,1,809,0.0798
1,0,2,873,0.0755
1,0,3,596,0.0727
1,0,4,203,0.0691
1,0,5,162,0.0677
1,0,6,419,0.0688
1,0,7,498,0.0636
1,0,8,334,0.061
1,0,9,472,0.0499
1,0,10,103,0.051
1,0,11,85,0.052
1,0,12,866,0.0591
1,0,13,293,0.0501
1,0,14,457,0.0483
1,0,15,148,0.0472
2,0,0,559,0.0934
2,0,1,388,0.0831
2,0,2,61,0.0707
2,0,3,892,0.0652
2,0,4,44,0.0716
2,0,5,205,0.0602
2,0,6,141,0.0581
2,0,7,58,0.0601
2,0,8,71,0.0585
2,0,9,246,0.0517
2,0,10,444,0.0513
2,0,11,734,0.057
2,0,12,34,0.0535
2,0,13,87,0.0579
2,0,14,736,0.0538
2,0,15,826,0.0538
3,0,0,165,0.1039
3,0,1,43,0.0779
3,0,2,396,0.0708
3,0,3,870,0.0738
3,0,4,481,0.0559
3,0,5,686,0.0705
3,0,6,841,0.0607
3,0,7,335,0.0514
3,0,8,855,0.0513
3,0,9,632,0.0547
3,0,10,629,0.0537
3,0,11,337,0.0566
3,0,12,611,0.0535
3,0,13,209,0.0561
3,0,14,199,0.0517
3,0,15,713,0.0574
4,0,0,520,0.1062
4,0,1,648,0.0871
4,0,2,702,0.0842
4,0,3,807,0.0799
4,0,4,435,0.0808
4,0,5,696,0.0688
4,0,6,697,0.0546
4,0,7,578,0.0479
4,0,8,797,0.0634
4,0,9,466,0.0469
4,0,10,8,0.0422
4,0,11,1,0.0517
4,0,12,423,0.0443
4,0,13,766,0.0423
4,0,14,589,0.0502
4,0,15,319,0.0494
5,0,0,181,0.1115
5,0,1,841,0.0982
5,0,2,556,0.0765
5,0,3,147,0.0773
5,0,4,247,0.0636
5,0,5,11,0.0677
5,0,6,27,0.0522
5,0,7,123,0.0493
5,0,8,177,0.0497
5,0,9,528,0.0444
5,0,10,621,0.0499
5,0,11,23,0.0502
5,0,12,618,0.056
5,0,13,255,0.0598
5,0,14,186,0.0475
5,0,15,566,0.0463
6,0,0,128,0.2039
6,0,1,610,0.1617
6,0,2,884,0.0806
6,0,3,450,0.045
6,0,4,430,0.0418
6,0,5,749,0.0482
6,0,6,601,0.0419
6,0,7,303,0.0423
6,0,8,29,0.0434
6,0,9,344,0.039
6,0,10,586,0.0413
6,0,11,395,0.043
6,0,12,565,0.0402
6,0,13,20,0.0411
6,0,14,744,0.0448
6,0,15,530,0.0419
7,0,0,383,0.1794
7,0,1,164,0.0868
7,0,2,833,0.0813
7,0,3,316,0.0679
7,0,4,775,0.0651
7,0,5,423,0.0621
7,0,6,114,0.044
7,0,7,832,0.0488
7,0,8,683,0.0505
7,0,9,275,0.0384
7,0,10,362,0.0465
7,0,11,863,0.0446
7,0,12,218,0.0509
7,0,13,720,0.0444
7,0,14,397,0.0367
7,0,15,110,0.0525
8,0,0,733,0.1331
8,0,1,769,0.1181
8,0,2,568,0.0969
8,0,3,196,0.0812
8,0,4,268,0.0697
8,0,5,737,0.051
8,0,6,266,0.0376
8,0,7,450,0.0545
8,0,8,98,0.0514
8,0,9,146,0.0567
8,0,10,158,0.0394
8,0,11,745,0.066
8,0,12,405,0.0394
8,0,13,746,0.0334
8,0,14,542,0.0334
8,0,15,148,0.0382
9,0,0,419,0.1411
9,0,1,26,0.1204
9,0,2,513,0.0988
9,0,3,283,0.0828
9,0,4,406,0.0492
9,0,5,877,0.0477
9,0,6,759,0.0422
9,0,7,566,0.0381
9,0,8,489,0.0598
9,0,9,214,0.0367
9,0,10,387,0.0453
9,0,11,337,0.0403
9,0,12,357,0.0519
9,0,13,827,0.0342
9,0,14,895,0.0688
9,0,15,420,0.0427
10,0,0,25,0.0863
10,0,1,256,0.0837
10,0,2,273,0.0746
10,0,3,305,0.0704
10,0,4,590,0.0581
10,0,5,366,0.0576
10,0,6,473,0.0477
10,0,7,788,0.0975
10,0,8,783,0.046
10,0,9,322,0.0714
10,0,10,823,0.0455
10,0,11,343,0.0777
10,0,12,528,0.045
10,0,13,31,0.0423
10,0,14,317,0.0497
10,0,15,307,0.0464
11,0,0,692,0.0782
11,0,1,97,0.0635
11,0,2,158,0.0473
11,0,3,383,0.0541
11,0,4,6,0.0533
11,0,5,503,0.0702
11,0,6,552,0.0466
11,0,7,554,0.0419
11,0,8,245,0.0404
11,0,9,166,0.04
11,0,10,51,0.1485
11,0,11,752,0.0786
11,0,12,360,0.0397
11,0,13,396,0.0603
11,0,14,785,0.0803
11,0,15,788,0.0572
12,0,0,160,0.2319
12,0,1,366,0.0602
12,0,2,582,0.0573
12,0,3,151,0.0507
12,0,4,805,0.0487
12,0,5,855,0.0501
12,0,6,327,0.0523
12,0,7,727,0.0538
12,0,8,778,0.0523
12,0,9,842,0.0536
12,0,10,386,0.0545
12,0,11,717,0.0472
12,0,12,600,0.0502
12,0,13,719,0.052
12,0,14,8,0.0406
12,0,15,337,0.0445
13,0,0,476,0.08
13,0,1,740,0.0656
13,0,2,527,0.0561
13,0,3,851,0.0461
13,0,4,884,0.0545
13,0,5,72,0.0691
13,0,6,888,0.0482
13,0,7,891,0.0468
13,0,8,780,0.0629
13,0,9,327,0.0425
13,0,10,112,0.044
13,0,11,724,0.174
13,0,12,825,0.0299
13,0,13,862,0.0747
13,0,14,278,0.056
13,0,15,179,0.0496
14,0,0,801,0.0687
14,0,1,466,0.0723
14,0,2,377,0.0498
14,0,3,328,0.0572
14,0,4,222,0.0737
14,0,5,593,0.0533
14,0,6,813,0.0488
14,0,7,799,0.042
14,0,8,696,0.0545
14,0,9,367,0.0714
14,0,10,426,0.0401
14,0,11,733,0.0604
14,0,12,47,0.0736
14,0,13,787,0.0888
14,0,14,662,0.0715
14,0,15,405,0.0737
15,0,0,714,0.1237
15,0,1,210,0.0663
15,0,2,63,0.0825
15,0,3,205,0.0615
15,0,4,633,0.0601
15,0,5,176,0.0666
15,0,6,243,0.1294
15,0,7,604,0.0498
15,0,8,258,0.0366
15,0,9,208,0.0629
15,0,10,697,0.0475
15,0,11,606,0.0347
15,0,12,357,0.0403
15,0,13,614,0.0422
15,0,14,542,0.0646
15,0,15,352,0.0314
16,0,0,419,0.0958
16,0,1,275,0.0891
16,0,2,797,0.0717
16,0,3,628,0.0711
16,0,4,860,0.0698
16,0,5,43,0.0713
16,0,6,262,0.0536
16,0,7,547,0.0514
16,0,8,395,0.0585
16,0,9,785,0.0661
16,0,10,469,0.0501
16,0,11,73,0.0605
16,0,12,430,0.0472
16,0,13,50,0.0584
16,0,14,451,0.0447
16,0,15,627,0.0408
17,0,0,324,0.0819
17,0,1,297,0.0592
17,0,2,501,0.0927
17,0,3,506,0.0661
17,0,4,692,0.0636
17,0,5,40,0.0677
17,0,6,695,0.0499
17,0,7,277,0.0537
17,0,8,136,0.0675
17,0,9,549,0.0747
17,0,10,395,0.0468
17,0,11,78,0.048
17,0,12,714,0.0473
17,0,13,42,0.0633
17,0,14,434,0.0663
17,0,15,658,0.0513
18,0,0,837,0.0769
18,0,1,716,0.075
18,0,2,34,0.074
18,0,3,51,0.0619
18,0,4,759,0.0573
18,0,5,349,0.0502
18,0,6,895,0.0612
18,0,7,845,0.0459
18,0,8,65,0.0835
18,0,9,417,0.0474
18,0,10,657,0.0455
18,0,11,796,0.0489
18,0,12,152,0.0595
18,0,13,877,0.0788
18,0,14,72,0.0909
18,0,15,458,0.0431
19,0,0,338,0.094
19,0,1,522,0.0752
19,0,2,52,0.0698
19,0,3,259,0.0776
19,0,4,721,0.0664
19,0,5,553,0.0534
19,0,6,414,0.058
19,0,7,516,0.0595
19,0,8,883,0.0482
19,0,9,368,0.0512
19,0,10,362,0.0563
19,0,11,73,0.0508
19,0,12,569,0.0599
19,0,13,884,0.0531
19,0,14,357,0.0504
19,0,15,485,0.0761
20,0,0,27,0.0949
20,0,1,426,0.1154
20,0,2,254,0.071
20,0,3,153,0.0697
20,0,4,198,0.0574
20,0,5,188,0.0675
20,0,6,216,0.053
20,0,7,534,0.0495
20,0,8,865,0.0536
20,0,9,738,0.0451
20,0,10,234,0.061
20,0,11,52,0.0416
20,0,12,434,0.0533
20,0,13,101,0.0789
20,0,14,600,0.044
20,0,15,871,0.0442
21,0,0,802,0.0598
21,0,1,556,0.0478
21,0,2,69,0.0472
21,0,3,457,0.0534
21,0,4,79,0.0479
21,0,5,326,0.0435
21,0,6,665,0.0368
21,0,7,142,0.0465
21,0,8,571,0.0315
21,0,9,742,0.0312
21,0,10,147,0.042
21,0,11,219,0.0288
21,0,12,723,0.3097
21,0,13,45,0.0381
21,0,14,568,0.0325
21,0,15,813,0.1031
22,0,0,726,0.1215
22,0,1,428,0.0974
22,0,2,616,0.0843
22,0,3,493,0.0735
22,0,4,150,0.0657
22,0,5,752,0.056
22,0,6,803,0.0547
22,0,7,797,0.0489
22,0,8,329,0.0434
22,0,9,668,0.0378
22,0,10,727,0.034
22,0,11,210,0.0319
22,0,12,310,0.0531
22,0,13,322,0.036
22,0,14,859,0.0297
22,0,15,820,0.1322
23,0,0,564,0.0803
23,0,1,343,0.0786
23,0,2,858,0.0741
23,0,3,705,0.0714
23,0,4,480,0.0693
23,0,5,188,0.0689
23,0,6,349,0.0645
23,0,7,36,0.0626
23,0,8,166,0.0559
23,0,9,414,0.0482
23,0,10,436,0.0477
23,0,11,410,0.0955
23,0,12,328,0.0447
23,0,13,561,0.0391
23,0,14,550,0.0524
23,0,15,592,0.0468
24,0,0,835,0.095
24,0,1,721,0.0642
24,0,2,742,0.0606
24,0,3,256,0.0723
24,0,4,344,0.067
24,0,5,136,0.0624
24,0,6,830,0.0591
24,0,7,851,0.0562
24,0,8,576,0.0801
24,0,9,701,0.0516
24,0,10,575,0.0528
24,0,11,781,0.0522
24,0,12,535,0.0605
24,0,13,744,0.0519
24,0,14,119,0.0552
24,0,15,891,0.0589
25,0,0,410,0.0953
25,0,1,385,0.1027
25,0,2,525,0.0796
25,0,3,400,0.0533
25,0,4,60,0.0641
25,0,5,238,0.081
25,0,6,67,0.0445
25,0,7,228,0.0459
25,0,8,90,0.05
25,0,9,450,0.0712
25,0,10,236,0.0746
25,0,11,590,0.0451
25,0,12,79,0.053
25,0,13,215,0.0421
25,0,14,435,0.045
25,0,15,712,0.0528
26,0,0,524,0.122
26,0,1,568,0.1122
26,0,2,106,0.1103
26,0,3,311,0.0676
26,0,4,834,0.0485
26,0,5,529,0.0464
26,0,6,707,0.0463
26,0,7,327,0.0568
26,0,8,198,0.0553
26,0,9,536,0.0503
26,0,10,640,0.0431
26,0,11,353,0.054
26,0,12,478,0.0547
26,0,13,853,0.0485
26,0,14,150,0.0469
26,0,15,244,0.0371
27,0,0,505,0.1259
27,0,1,49,0.0825
27,0,2,464,0.0929
27,0,3,731,0.0674
27,0,4,177,0.0617
27,0,5,85,0.0547
27,0,6,144,0.0616
27,0,7,76,0.0689
27,0,8,859,0.0637
27,0,9,291,0.0534
27,0,10,420,0.0486
27,0,11,762,0.0479
27,0,12,190,0.0388
27,0,13,319,0.0379
27,0,14,8,0.0443
27,0,15,317,0.0499
28,0,0,132,0.1284
28,0,1,880,0.1035
28,0,2,373,0.0743
28,0,3,717,0.059
28,0,4,645,0.0553
28,0,5,486,0.0499
28,0,6,429,0.0625
28,0,7,437,0.0374
28,0,8,106,0.051
28,0,9,164,0.0603
28,0,10,192,0.0386
28,0,11,729,0.0551
28,0,12,742,0.0391
28,0,13,98,0.0779
28,0,14,375,0.0552
28,0,15,180,0.0524
29,0,0,673,0.1108
29,0,1,369,0.1196
29,0,2,265,0.0939
29,0,3,350,0.0812
29,0,4,180,0.0565
29,0,5,522,0.0474
29,0,6,815,0.0462
29,0,7,497,0.0431
29,0,8,233,0.0701
29,0,9,354,0.0472
29,0,10,833,0.0472
29,0,11,820,0.0392
29,0,12,666,0.0491
29,0,13,700,0.0658
29,0,14,1,0.0412
29,0,15,689,0.0417
30,0,0,638,0.1261
30,0,1,866,0.1182
30,0,2,515,0.0552
30,0,3,843,0.0472
30,0,4,798,0.0522
30,0,5,711,0.0521
30,0,6,317,0.0562
30,0,7,492,0.052
30,0,8,827,0.05
30,0,9,163,0.0727
30,0,10,664,0.0666
30,0,11,832,0.0497
30,0,12,804,0.0471
30,0,13,91,0.051
30,0,14,643,0.0441
30,0,15,746,0.0597
31,0,0,305,0.1388
31,0,1,121,0.1046
31,0,2,478,0.0748
31,0,3,651,0.0528
31,0,4,503,0.0524
31,0,5,815,0.047
31,0,6,883,0.0559
31,0,7,380,0.0505
31,0,8,549,0.0501
31,0,9,70,0.0441
31,0,10,368,0.0506
31,0,11,763,0.0513
31,0,12,681,0.055
31,0,13,38,0.0493
31,0,14,225,0.0632
31,0,15,255,0.0596
32,0,0,860,0.1186
32,0,1,220,0.0827
32,0,2,199,0.0811
32,0,3,748,0.0563
32,0,4,334,0.0557
32,0,5,407,0.0589
32,0,6,861,0.0604
32,0,7,574,0.048
32,0,8,814,0.0794
32,0,9,525,0.0513
32,0,10,311,0.0483
32,0,11,27,0.0474
32,0,12,715,0.048
32,0,13,271,0.0566
32,0,14,794,0.057
32,0,15,339,0.0501
33,0,0,355,0.1404
33,0,1,394,0.1358
33,0,2,720,0.0516
33,0,3,753,0.0576
33,0,4,700,0.0503
33,0,5,704,0.0477
33,0,6,203,0.0562
33,0,7,679,0.0479
33,0,8,183,0.0474
33,0,9,109,0.0432
33,0,10,250,0.0666
33,0,11,826,0.0584
33,0,12,37,0.044
33,0,13,821,0.0428
33,0,14,767,0.0505
33,0,15,824,0.0595
34,0,0,724,0.1205
34,0,1,775,0.1366
34,0,2,852,0.1196
34,0,3,791,0.0496
34,0,4,355,0.0428
34,0,5,135,0.0558
34,0,6,452,0.0633
34,0,7,884,0.0482
34,0,8,457,0.0417
34,0,9,9,0.0438
34,0,10,411,0.0516
34,0,11,556,0.0443
34,0,12,184,0.0425
34,0,13,382,0.0484
34,0,14,376,0.0446
34,0,15,249,0.0467
35,0,0,790,0.1631
35,0,1,400,0.0853
35,0,2,573,0.0718
35,0,3,695,0.0675
35,0,4,418,0.0522
35,0,5,75,0.0473
35,0,6,752,0.0539
35,0,7,792,0.0581
35,0,8,7,0.0438
35,0,9,454,0.0566
35,0,10,160,0.0497
35,0,11,114,0.0436
35,0,12,240,0.0536
35,0,13,265,0.0469
35,0,14,86,0.0529
35,0,15,770,0.0536
36,0,0,524,0.1101
36,0,1,536,0.0622
36,0,2,186,0.0392
36,0,3,516,0.079
36,0,4,82,0.0469
36,0,5,77,0.0736
36,0,6,504,0.0592
36,0,7,205,0.0951
36,0,8,83,0.0528
36,0,9,376,0.0904
36,0,10,804,0.0369
36,0,11,158,0.046
36,0,12,768,0.0486
36,0,13,235,0.0509
36,0,14,97,0.0443
36,0,15,562,0.065
37,0,0,449,0.095
37,0,1,622,0.0728
37,0,2,61,0.0805
37,0,3,654,0.0654
37,0,4,507,0.0643
37,0,5,795,0.0784
37,0,6,282,0.0502
37,0,7,865,0.0461
37,0,8,158,0.0556
37,0,9,756,0.0547
37,0,10,871,0.0525
37,0,11,787,0.0591
37,0,12,367,0.0663
37,0,13,640,0.0544
37,0,14,872,0.0523
37,0,15,358,0.0523
38,0,0,789,0.1559
38,0,1,739,0.0702
38,0,2,187,0.0627
38,0,3,221,0.0691
38,0,4,718,0.0594
38,0,5,125,0.0591
38,0,6,6,0.0541
38,0,7,42,0.0718
38,0,8,815,0.049
38,0,9,79,0.046
38,0,10,321,0.0672
38,0,11,262,0.0504
38,0,12,33,0.0582
38,0,13,57,0.0417
38,0,14,315,0.0425
38,0,15,604,0.0429
39,0,0,586,0.0926
39,0,1,684,0.0812
39,0,2,451,0.07
39,0,3,165,0.0612
39,0,4,443,0.0673
39,0,5,525,0.062
39,0,6,689,0.055
39,0,7,571,0.0499
39,0,8,602,0.066
39,0,9,207,0.0599
39,0,10,157,0.0469
39,0,11,54,0.0407
39,0,12,659,0.0523
39,0,13,142,0.0573
39,0,14,864,0.0842
39,0,15,105,0.0536
40,0,0,733,0.1148
40,0,1,133,0.0815
40,0,2,893,0.0868
40,0,3,742,0.0583
40,0,4,148,0.1451
40,0,5,796,0.0422
40,0,6,641,0.0404
40,0,7,510,0.0469
40,0,8,538,0.0346
40,0,9,424,0.098
40,0,10,791,0.0418
40,0,11,245,0.0434
40,0,12,589,0.0371
40,0,13,567,0.0342
40,0,14,819,0.0369
40,0,15,783,0.0579
41,0,0,61,0.1172
41,0,1,469,0.0656
41,0,2,641,0.0708
41,0,3,407,0.0791
41,0,4,624,0.0498
41,0,5,375,0.0515
41,0,6,829,0.0671
41,0,7,182,0.0385
41,0,8,294,0.0786
41,0,9,389,0.0534
41,0,10,268,0.0619
41,0,11,179,0.0498
41,0,12,642,0.056
41,0,13,327,0.0611
41,0,14,105,0.0497
41,0,15,675,0.0498
42,0,0,88,0.2204
42,0,1,138,0.0563
42,0,2,779,0.0487
42,0,3,198,0.0429
42,0,4,258,0.0449
42,0,5,752,0.047
42,0,6,311,0.0462
42,0,7,548,0.0423
42,0,8,749,0.0406
42,0,9,210,0.0385
42,0,10,825,0.036
42,0,11,330,0.0355
42,0,12,113,0.1924
42,0,13,94,0.0344
42,0,14,128,0.0474
42,0,15,76,0.0264
43,0,0,82,0.1269
43,0,1,210,0.0876
43,0,2,197,0.0669
43,0,3,261,0.0579
43,0,4,392,0.0737
43,0,5,682,0.0504
43,0,6,77,0.0646
43,0,7,297,0.0593
43,0,8,90,0.0506
43,0,9,466,0.0824
43,0,10,611,0.0369
43,0,11,24,0.0427
43,0,12,874,0.0507
43,0,13,287,0.0474
43,0,14,126,0.0599
43,0,15,598,0.042
44,0,0,13,0.2891
44,0,1,506,0.0868
44,0,2,185,0.0813
44,0,3,471,0.061
44,0,4,352,0.1016
44,0,5,99,0.0376
44,0,6,490,0.0585
44,0,7,594,0.0442
44,0,8,554,0.0481
44,0,9,238,0.0244
44,0,10,521,0.0288
44,0,11,273,0.0264
44,0,12,758,0.0314
44,0,13,470,0.0235
44,0,14,508,0.0261
44,0,15,844,0.0312
45,0,0,460,0.4196
45,0,1,371,0.0353
45,0,2,325,0.1077
45,0,3,179,0.0658
45,0,4,861,0.0275
45,0,5,822,0.0516
45,0,6,752,0.02
45,0,7,621,0.0359
45,0,8,833,0.0233
45,0,9,258,0.0289
45,0,10,43,0.0261
45,0,11,755,0.0337
45,0,12,617,0.0287
45,0,13,380,0.0311
45,0,14,594,0.0352
45,0,15,807,0.0296
46,0,0,577,0.1411
46,0,1,657,0.0966
46,0,2,318,0.105
46,0,3,271,0.1111
46,0,4,819,0.0654
46,0,5,32,0.0936
46,0,6,3,0.0505
46,0,7,315,0.0553
46,0,8,726,0.0342
46,0,9,540,0.0436
46,0,10,578,0.0385
46,0,11,575,0.0405
46,0,12,354,0.0442
46,0,13,439,0.032
46,0,14,131,0.0271
46,0,15,300,0.0212
47,0,0,429,0.1461
47,0,1,683,0.1087
47,0,2,268,0.1069
47,0,3,887,0.0753
47,0,4,804,0.0505
47,0,5,572,0.0484
47,0,6,642,0.0414
47,0,7,348,0.0451
47,0,8,188,0.036
47,0,9,822,0.0478
47,0,10,341,0.0862
47,0,11,615,0.0729
47,0,12,385,0.0359
47,0,13,820,0.0322
47,0,14,836,0.0328
47,0,15,784,0.0339
48,0,0,310,0.1025
48,0,1,582,0.0814
48,0,2,733,0.07
48,0,3,483,0.0645
48,0,4,242,0.0558
48,0,5,160,0.0561
48,0,6,280,0.0421
48,0,7,633,0.0713
48,0,8,821,0.0489
48,0,9,87,0.0453
48,0,10,501,0.0772
48,0,11,60,0.0638
48,0,12,500,0.0779
48,0,13,444,0.0478
48,0,14,648,0.0488
48,0,15,296,0.0466
49,0,0,190,0.0756
49,0,1,299,0.0705
49,0,2,444,0.0692
49,0,3,659,0.0591
49,0,4,244,0.0609
49,0,5,634,0.0594
49,0,6,44,0.056
49,0,7,324,0.058
49,0,8,14,0.0556
49,0,9,728,0.048
49,0,10,611,0.0504
49,0,11,81,0.0613
49,0,12,565,0.0579
49,0,13,350,0.0676
49,0,14,58,0.0686
49,0,15,89,0.082
50,0,0,285,0.1017
50,0,1,139,0.0973
50,0,2,79,0.0688
50,0,3,556,0.0792
50,0,4,194,0.0649
50,0,5,529,0.0614
50,0,6,830,0.0517
50,0,7,42,0.0416
50,0,8,94,0.0451
50,0,9,107,0.0651
50,0,10,816,0.0369
50,0,11,657,0.0467
50,0,12,527,0.0489
50,0,13,562,0.0549
50,0,14,759,0.075
50,0,15,876,0.0608
51,0,0,606,0.1017
51,0,1,441,0.0733
51,0,2,548,0.0731
51,0,3,192,0.0804
51,0,4,376,0.0627
51,0,5,700,0.0778
51,0,6,553,0.0653
51,0,7,175,0.0505
51,0,8,533,0.0456
51,0,9,873,0.0584
51,0,10,232,0.0402
51,0,11,22,0.054
51,0,12,291,0.0396
51,0,13,414,0.0565
51,0,14,736,0.0737
51,0,15,172,0.0473
52,0,0,492,0.0975
52,0,1,182,0.0717
52,0,2,298,0.0707
52,0,3,453,0.0617
52,0,4,97,0.0658
52,0,5,527,0.0659
52,0,6,821,0.0584
52,0,7,462,0.0593
52,0,8,711,0.0578
52,0,9,614,0.0663
52,0,10,709,0.0593
52,0,11,662,0.0539
52,0,12,540,0.0517
52,0,13,856,0.0465
52,0,14,259,0.0437
52,0,15,756,0.0698
53,0,0,90,0.0631
53,0,1,369,0.0637
53,0,2,401,0.0795
53,0,3,827,0.0668
53,0,4,231,0.054
53,0,5,117,0.0805
53,0,6,155,0.0753
53,0,7,190,0.0699
53,0,8,653,0.0764
53,0,9,621,0.0632
53,0,10,455,0.0707
53,0,11,163,0.0715
53,0,12,795,0.0551
53,0,13,697,0.0466
53,0,14,426,0.0391
53,0,15,726,0.0245
54,0,0,727,0.0959
54,0,1,322,0.0637
54,0,2,410,0.0595
54,0,3,770,0.079
54,0,4,829,0.0435
54,0,5,1,0.0721
54,0,6,261,0.0871
54,0,7,729,0.0676
54,0,8,415,0.0735
54,0,9,319,0.0792
54,0,10,138,0.0809
54,0,11,562,0.0603
54,0,12,247,0.0444
54,0,13,25,0.0296
54,0,14,491,0.0418
54,0,15,831,0.0219
55,0,0,539,0.1987
55,0,1,506,0.0724
55,0,2,827,0.0882
55,0,3,724,0.0612
55,0,4,137,0.0587
55,0,5,621,0.0637
55,0,6,469,0.0564
55,0,7,396,0.0554
55,0,8,561,0.0415
55,0,9,758,0.0574
55,0,10,584,0.043
55,0,11,642,0.0413
55,0,12,178,0.0468
55,0,13,39,0.0438
55,0,14,859,0.0323
55,0,15,65,0.0391
56,0,0,891,0.0813
56,0,1,506,0.0773
56,0,2,590,0.0876
56,0,3,260,0.0768
56,0,4,541,0.08
56,0,5,41,0.0761
56,0,6,842,0.0735
56,0,7,152,0.0612
56,0,8,794,0.0665
56,0,9,431,0.0653
56,0,10,470,0.0644
56,0,11,568,0.0808
56,0,12,493,0.0651
56,0,13,222,0.0107
56,0,14,11,0.0107
56,0,15,424,0.0228
57,0,0,225,0.0875
57,0,1,449,0.0808
57,0,2,119,0.0668
57,0,3,827,0.061
57,0,4,770,0.07
57,0,5,350,0.0528
57,0,6,675,0.0784
57,0,7,296,0.0692
57,0,8,863,0.0709
57,0,9,228,0.0683
57,0,10,307,0.0502
57,0,11,16,0.054
57,0,12,268,0.0471
57,0,13,639,0.0594
57,0,14,669,0.0557
57,0,15,585,0.0279
58,0,0,304,0.0767
58,0,1,159,0.07
58,0,2,258,0.0718
58,0,3,410,0.0892
58,0,4,370,0.0952
58,0,5,768,0.0768
58,0,6,108,0.0579
58,0,7,630,0.0562
58,0,8,681,0.0562
58,0,9,484,0.0624
58,0,10,874,0.0499
58,0,11,890,0.0498
58,0,12,308,0.05
58,0,13,729,0.0892
58,0,14,759,0.0345
58,0,15,559,0.0142
59,0,0,484,0.1027
59,0,1,404,0.0837
59,0,2,560,0.0745
59,0,3,846,0.0727
59,0,4,466,0.0758
59,0,5,860,0.0617
59,0,6,174,0.0572
59,0,7,350,0.0515
59,0,8,873,0.0567
59,0,9,692,0.0634
59,0,10,620,0.0548
59,0,11,863,0.0541
59,0,12,336,0.0716
59,0,13,639,0.0526
59,0,14,718,0.0351
59,0,15,589,0.0318
60,0,0,631,0.0894
60,0,1,650,0.1042
60,0,2,296,0.073
60,0,3,674,0.0671
60,0,4,50,0.0684
60,0,5,752,0.0694
60,0,6,585,0.0586
60,0,7,401,0.0622
60,0,8,446,0.0585
60,0,9,8,0.0625
60,0,10,93,0.0578
60,0,11,232,0.0532
60,0,12,234,0.0538
60,0,13,117,0.0505
60,0,14,291,0.0443
60,0,15,269,0.027
61,0,0,835,0.1315
61,0,1,328,0.0771
61,0,2,111,0.0667
61,0,3,651,0.0658
61,0,4,22,0.0723
61,0,5,123,0.0714
61,0,6,716,0.0699
61,0,7,276,0.0608
61,0,8,367,0.0578
61,0,9,39,0.0563
61,0,10,332,0.0703
61,0,11,527,0.0406
61,0,12,232,0.1017
61,0,13,770,0.023
61,0,14,40,0.0177
61,0,15,323,0.0171
62,0,0,526,0.1003
62,0,1,437,0.0813
62,0,2,541,0.0749
62,0,3,304,0.0902
62,0,4,409,0.0554
62,0,5,849,0.0626
62,0,6,711,0.0644
62,0,7,853,0.0462
62,0,8,443,0.0519
62,0,9,521,0.0477
62,0,10,538,0.057
62,0,11,253,0.0902
62,0,12,159,0.0559
62,0,13,94,0.0578
62,0,14,335,0.0266
62,0,15,195,0.0377
63,0,0,140,0.0981
63,0,1,386,0.1098
63,0,2,633,0.0867
63,0,3,73,0.0799
63,0,4,501,0.0699
63,0,5,1,0.0767
63,0,6,596,0.0838
63,0,7,508,0.0593
63,0,8,331,0.0609
63,0,9,57,0.0782
63,0,10,212,0.0491
63,0,11,755,0.0568
63,0,12,92,0.0211
63,0,13,265,0.0298
63,0,14,244,0.0161
63,0,15,534,0.024
64,0,0,871,0.0977
64,0,1,38,0.0657
64,0,2,90,0.0669
64,0,3,851,0.0931
64,0,4,201,0.0605
64,0,5,646,0.056
64,0,6,679,0.1024
64,0,7,745,0.0472
64,0,8,485,0.0639
64,0,9,133,0.0493
64,0,10,547,0.0513
64,0,11,13,0.0883
64,0,12,399,0.0614
64,0,13,753,0.044
64,0,14,26,0.0254
64,0,15,470,0.027
65,0,0,31,0.1241
65,0,1,248,0.0879
65,0,2,54,0.0708
65,0,3,468,0.0776
65,0,4,347,0.0629
65,0,5,160,0.0672
65,0,6,539,0.0562
65,0,7,633,0.059
65,0,8,148,0.0578
65,0,9,301,0.0572
65,0,10,454,0.0453
65,0,11,773,0.0614
65,0,12,272,0.0692
65,0,13,215,0.0384
65,0,14,600,0.0403
65,0,15,504,0.0248
66,0,0,344,0.1061
66,0,1,658,0.0868
66,0,2,328,0.0778
66,0,3,714,0.0813
66,0,4,870,0.0791
66,0,5,593,0.0788
66,0,6,349,0.0653
66,0,7,665,0.0763
66,0,8,731,0.0691
66,0,9,217,0.0645
66,0,10,221,0.0639
66,0,11,749,0.0435
66,0,12,815,0.0487
66,0,13,486,0.0285
66,0,14,677,0.0131
66,0,15,526,0.0172
67,0,0,187,0.096
67,0,1,81,0.0915
67,0,2,695,0.0986
67,0,3,690,0.0898
67,0,4,489,0.0776
67,0,5,308,0.0763
67,0,6,104,0.0817
67,0,7,682,0.0798
67,0,8,726,0.0759
67,0,9,893,0.067
67,0,10,481,0.0659
67,0,11,168,0.0193
67,0,12,422,0.0225
67,0,13,362,0.0245
67,0,14,412,0.0103
67,0,15,274,0.0234
68,0,0,568,0.1348
68,0,1,281,0.1169
68,0,2,35,0.0869
68,0,3,266,0.0769
68,0,4,160,0.0691
68,0,5,170,0.0719
68,0,6,142,0.0692
68,0,7,627,0.0774
68,0,8,70,0.0631
68,0,9,166,0.063
68,0,10,715,0.0599
68,0,11,133,0.0251
68,0,12,546,0.0297
68,0,13,253,0.0162
68,0,14,195,0.0247
68,0,15,416,0.0152
69,0,0,489,0.0846
69,0,1,44,0.0683
69,0,2,167,0.0891
69,0,3,238,0.0594
69,0,4,80,0.0614
69,0,5,366,0.0662
69,0,6,199,0.0745
69,0,7,458,0.0622
69,0,8,169,0.0589
69,0,9,421,0.0477
69,0,10,563,0.0534
69,0,11,122,0.0606
69,0,12,493,0.0533
69,0,13,839,0.0566
69,0,14,109,0.0471
69,0,15,710,0.0566
70,0,0,840,0.0934
70,0,1,561,0.0774
70,0,2,108,0.0744
70,0,3,648,0.0689
70,0,4,699,0.0638
70,0,5,357,0.0659
70,0,6,169,0.0546
70,0,7,629,0.0592
70,0,8,791,0.0598
70,0,9,700,0.0648
70,0,10,668,0.0521
70,0,11,421,0.0486
70,0,12,565,0.054
70,0,13,749,0.0528
70,0,14,810,0.0628
70,0,15,431,0.0475
71,0,0,675,0.1445
71,0,1,142,0.0947
71,0,2,643,0.0956
71,0,3,314,0.0869
71,0,4,262,0.0853
71,0,5,694,0.1179
71,0,6,803,0.0736
71,0,7,352,0.0709
71,0,8,413,0.0509
71,0,9,188,0.0587
71,0,10,196,0.0204
71,0,11,343,0.0191
71,0,12,272,0.0218
71,0,13,638,0.0174
71,0,14,549,0.0171
71,0,15,192,0.0252
72,0,0,758,0.077
72,0,1,836,0.0713
72,0,2,650,0.0609
72,0,3,540,0.0717
72,0,4,116,0.0793
72,0,5,176,0.0567
72,0,6,869,0.0611
72,0,7,662,0.0587
72,0,8,735,0.0717
72,0,9,871,0.0576
72,0,10,483,0.0537
72,0,11,465,0.0623
72,0,12,791,0.0598
72,0,13,809,0.0541
72,0,14,328,0.0588
72,0,15,59,0.0454
73,0,0,40,0.0935
73,0,1,729,0.1262
73,0,2,429,0.0675
73,0,3,673,0.0728
73,0,4,410,0.061
73,0,5,746,0.0692
73,0,6,360,0.0659
73,0,7,469,0.0636
73,0,8,304,0.0668
73,0,9,321,0.0515
73,0,10,274,0.0835
73,0,11,132,0.0559
73,0,12,193,0.07
73,0,13,89,0.0252
73,0,14,417,0.0169
73,0,15,36,0.0104
74,0,0,752,0.1143
74,0,1,159,0.0993
74,0,2,239,0.0832
74,0,3,780,0.0825
74,0,4,9,0.0847
74,0,5,185,0.0842
74,0,6,248,0.0761
74,0,7,103,0.0862
74,0,8,291,0.0725
74,0,9,725,0.0554
74,0,10,340,0.0651
74,0,11,605,0.0662
74,0,12,44,0.0113
74,0,13,412,0.0066
74,0,14,532,0.0063
74,0,15,396,0.0061
75,0,0,605,0.1231
75,0,1,894,0.1404
75,0,2,852,0.0821
75,0,3,362,0.1223
75,0,4,743,0.0849
75,0,5,35,0.1035
75,0,6,620,0.0673
75,0,7,127,0.0626
75,0,8,286,0.1024
75,0,9,543,0.0596
75,0,10,496,0.0087
75,0,11,803,0.0133
75,0,12,234,0.0126
75,0,13,484,0.0063
75,0,14,462,0.006
75,0,15,794,0.0051
76,0,0,809,0.1693
76,0,1,445,0.0962
76,0,2,729,0.0882
76,0,3,64,0.0963
76,0,4,810,0.1083
76,0,5,243,0.0921
76,0,6,47,0.0727
76,0,7,618,0.0815
76,0,8,754,0.0714
76,0,9,585,0.0736
76,0,10,296,0.0195
76,0,11,782,0.0044
76,0,12,788,0.0037
76,0,13,706,0.0085
76,0,14,704,0.0079
76,0,15,770,0.0064
77,0,0,830,0.147
77,0,1,259,0.0992
77,0,2,659,0.0965
77,0,3,583,0.0928
77,0,4,68,0.0962
77,0,5,346,0.0852
77,0,6,846,0.0787
77,0,7,613,0.0698
77,0,8,332,0.077
77,0,9,99,0.0618
77,0,10,486,0.0655
77,0,11,247,0.0058
77,0,12,416,0.0038
77,0,13,62,0.008
77,0,14,340,0.0072
77,0,15,104,0.0055
78,0,0,269,0.153
78,0,1,559,0.1196
78,0,2,105,0.0949
78,0,3,795,0.0779
78,0,4,279,0.0772
78,0,5,514,0.0891
78,0,6,190,0.0772
78,0,7,791,0.0757
78,0,8,780,0.0892
78,0,9,359,0.1056
78,0,10,729,0.0056
78,0,11,790,0.0055
78,0,12,497,0.0094
78,0,13,483,0.0081
78,0,14,849,0.007
78,0,15,142,0.0051
79,0,0,594,0.1118
79,0,1,543,0.0897
79,0,2,161,0.0946
79,0,3,746,0.0843
79,0,4,327,0.0922
79,0,5,833,0.0825
79,0,6,334,0.0859
79,0,7,764,0.0924
79,0,8,308,0.0834
79,0,9,673,0.0942
79,0,10,415,0.0333
79,0,11,271,0.0178
79,0,12,444,0.01
79,0,13,343,0.0133
79,0,14,755,0.008
79,0,15,865,0.0066
80,0,0,214,0.1304
80,0,1,772,0.1325
80,0,2,628,0.0978
80,0,3,890,0.0994
80,0,4,836,0.0842
80,0,5,883,0.0791
80,0,6,691,0.0971
80,0,7,732,0.0881
80,0,8,731,0.063
80,0,9,514,0.0372
80,0,10,393,0.0109
80,0,11,156,0.0293
80,0,12,583,0.0193
80,0,13,756,0.0095
80,0,14,24,0.0089
80,0,15,864,0.0134
81,0,0,306,0.9056
81,0,1,802,0.0078
81,0,2,173,0.0087
81,0,3,723,0.0083
81,0,4,238,0.0086
81,0,5,240,0.0084
81,0,6,18,0.0087
81,0,7,301,0.0082
81,0,8,270,0.0063
81,0,9,167,0.0062
81,0,10,753,0.0061
81,0,11,79,0.0067
81,0,12,856,0.0057
81,0,13,140,0.0033
81,0,14,390,0.0007
81,0,15,142,0.0006
82,0,0,295,0.9295
82,0,1,327,0.0108
82,0,2,782,0.0079
82,0,3,24,0.0056
82,0,4,611,0.0076
82,0,5,128,0.0044
82,0,6,785,0.0053
82,0,7,513,0.0043
82,0,8,81,0.0044
82,0,9,805,0.0043
82,0,10,651,0.0034
82,0,11,381,0.0032
82,0,12,15,0.0018
82,0,13,617,0.0051
82,0,14,773,0.0014
82,0,15,253,0.001
83,0,0,507,0.0982
83,0,1,201,0.1595
83,0,2,513,0.0475
83,0,3,564,0.0455
83,0,4,265,0.0584
83,0,5,522,0.115
83,0,6,253,0.0753
83,0,7,702,0.0154
83,0,8,166,0.1595
83,0,9,58,0.0473
83,0,10,657,0.04
83,0,11,676,0.0263
83,0,12,376,0.0213
83,0,13,861,0.0418
83,0,14,405,0.0214
83,0,15,410,0.0276
84,0,0,406,0.0839
84,0,1,570,0.0799
84,0,2,418,0.0622
84,0,3,281,0.0568
84,0,4,848,0.0595
84,0,5,534,0.0677
84,0,6,866,0.0606
84,0,7,670,0.0603
84,0,8,571,0.0825
84,0,9,370,0.053
84,0,10,705,0.0527
84,0,11,849,0.0598
84,0,12,54,0.051
84,0,13,607,0.0641
84,0,14,467,0.0595
84,0,15,85,0.0465
85,0,0,197,0.8751
85,0,1,294,0.0101
85,0,2,419,0.0091
85,0,3,271,0.009
85,0,4,228,0.0088
85,0,5,885,0.0081
85,0,6,237,0.01
85,0,7,239,0.0063
85,0,8,306,0.0078
85,0,9,446,0.0094
85,0,10,734,0.0082
85,0,11,877,0.0071
85,0,12,618,0.0101
85,0,13,49,0.0072
85,0,14,278,0.0058
85,0,15,19,0.0079
86,0,0,431,0.081
86,0,1,863,0.0815
86,0,2,651,0.0719
86,0,3,214,0.0746
86,0,4,787,0.0702
86,0,5,444,0.0613
86,0,6,641,0.0672
86,0,7,876,0.0604
86,0,8,571,0.0604
86,0,9,893,0.0643
86,0,10,7,0.05
86,0,11,614,0.0561
86,0,12,468,0.0527
86,0,13,762,0.0561
86,0,14,829,0.0445
86,0,15,55,0.048
87,0,0,10,0.1172
87,0,1,404,0.0968
87,0,2,345,0.1419
87,0,3,189,0.1148
87,0,4,293,0.1003
87,0,5,210,0.0789
87,0,6,226,0.0847
87,0,7,184,0.0418
87,0,8,699,0.0601
87,0,9,836,0.032
87,0,10,188,0.05
87,0,11,644,0.0373
87,0,12,730,0.0171
87,0,13,886,0.0104
87,0,14,27,0.0059
87,0,15,98,0.0107
88,0,0,38,0.0073
88,0,1,51,0.0067
88,0,2,648,0.0047
88,0,3,811,0.0085
88,0,4,476,0.9127
88,0,5,182,0.0057
88,0,6,888,0.0053
88,0,7,240,0.0041
88,0,8,130,0.0054
88,0,9,4,0.0064
88,0,10,26,0.0052
88,0,11,229,0.005
88,0,12,417,0.0049
88,0,13,482,0.0056
88,0,14,155,0.0059
88,0,15,266,0.0064
89,0,0,803,0.0802
89,0,1,567,0.0721
89,0,2,190,0.0729
89,0,3,501,0.0688
89,0,4,347,0.0645
89,0,5,282,0.0731
89,0,6,843,0.0755
89,0,7,388,0.0602
89,0,8,173,0.0541
89,0,9,233,0.0498
89,0,10,885,0.0527
89,0,11,45,0.0896
89,0,12,586,0.045
89,0,13,673,0.0433
89,0,14,120,0.0596
89,0,15,546,0.0386
90,0,0,316,0.1013
90,0,1,96,0.0535
90,0,2,751,0.092
90,0,3,829,0.0582
90,0,4,475,0.0507
90,0,5,236,0.0469
90,0,6,210,0.0456
90,0,7,303,0.0526
90,0,8,328,0.0458
90,0,9,561,0.0483
90,0,10,665,0.0986
90,0,11,92,0.0379
90,0,12,492,0.0391
90,0,13,528,0.0353
90,0,14,516,0.1435
90,0,15,392,0.0509
91,0,0,843,0.173
91,0,1,241,0.0848
91,0,2,755,0.0637
91,0,3,228,0.0611
91,0,4,283,0.0696
91,0,5,345,0.0549
91,0,6,47,0.0512
91,0,7,714,0.0506
91,0,8,122,0.0479
91,0,9,570,0.0486
91,0,10,516,0.0459
91,0,11,303,0.0453
91,0,12,427,0.0623
91,0,13,872,0.0422
91,0,14,816,0.0578
91,0,15,791,0.0413
92,0,0,369,0.281
92,0,1,295,0.1224
92,0,2,499,0.0667
92,0,3,760,0.0361
92,0,4,518,0.0438
92,0,5,417,0.0142
92,0,6,535,0.1164
92,0,7,188,0.0177
92,0,8,283,0.1011
92,0,9,732,0.0168
92,0,10,689,0.0162
92,0,11,548,0.0591
92,0,12,726,0.0487
92,0,13,357,0.0383
92,0,14,841,0.0099
92,0,15,207,0.0116
1,1,0,362,0.1746
1,1,1,334,0.1276
1,1,2,472,0.0504
1,1,3,558,0.0508
1,1,4,140,0.0663
1,1,5,796,0.0428
1,1,6,782,0.0502
1,1,7,511,0.0409
1,1,8,692,0.0422
1,1,9,649,0.0661
1,1,10,169,0.0457
1,1,11,322,0.0518
1,1,12,642,0.0569
1,1,13,749,0.0434
1,1,14,68,0.0546
1,1,15,335,0.0358
2,1,0,19,0.2248
2,1,1,388,0.0888
2,1,2,173,0.0771
2,1,3,825,0.047
2,1,4,71,0.0615
2,1,5,72,0.0563
2,1,6,384,0.0646
2,1,7,298,0.0589
2,1,8,887,0.0384
2,1,9,697,0.0414
2,1,10,43,0.0396
2,1,11,640,0.042
2,1,12,481,0.0402
2,1,13,502,0.0324
2,1,14,260,0.0444
2,1,15,885,0.0426
3,1,0,477,0.2034
3,1,1,165,0.0765
3,1,2,263,0.0611
3,1,3,464,0.0601
3,1,4,723,0.0518
3,1,5,657,0.0658
3,1,6,870,0.0552
3,1,7,599,0.0714
3,1,8,71,0.0396
3,1,9,635,0.0515
3,1,10,524,0.0715
3,1,11,65,0.0518
3,1,12,622,0.0519
3,1,13,704,0.0327
3,1,14,354,0.0202
3,1,15,754,0.0355
4,1,0,764,0.2061
4,1,1,435,0.1518
4,1,2,218,0.0955
4,1,3,685,0.0976
4,1,4,230,0.0839
4,1,5,797,0.078
4,1,6,589,0.045
4,1,7,536,0.0212
4,1,8,869,0.0348
4,1,9,754,0.0222
4,1,10,145,0.0401
4,1,11,265,0.0241
4,1,12,168,0.0173
4,1,13,565,0.0235
4,1,14,616,0.0207
4,1,15,136,0.0383
5,1,0,237,0.2138
5,1,1,569,0.1108
5,1,2,696,0.0514
5,1,3,181,0.0569
5,1,4,792,0.0391
5,1,5,631,0.0436
5,1,6,809,0.0531
5,1,7,847,0.0901
5,1,8,389,0.0784
5,1,9,550,0.033
5,1,10,358,0.0519
5,1,11,223,0.0256
5,1,12,349,0.0222
5,1,13,625,0.0569
5,1,14,588,0.031
5,1,15,408,0.0422
6,1,0,664,0.191
6,1,1,508,0.1111
6,1,2,418,0.1065
6,1,3,591,0.0625
6,1,4,297,0.0655
6,1,5,278,0.0346
6,1,6,476,0.0618
6,1,7,128,0.0733
6,1,8,393,0.034
6,1,9,368,0.0344
6,1,10,167,0.0409
6,1,11,753,0.0335
6,1,12,102,0.0363
6,1,13,273,0.0379
6,1,14,528,0.0406
6,1,15,90,0.0361
7,1,0,867,0.5091
7,1,1,253,0.1656
7,1,2,437,0.0367
7,1,3,363,0.0403
7,1,4,299,0.0413
7,1,5,381,0.0256
7,1,6,214,0.0184
7,1,7,333,0.0184
7,1,8,265,0.015
7,1,9,816,0.0106
7,1,10,678,0.0123
7,1,11,498,0.014
7,1,12,404,0.0274
7,1,13,255,0.027
7,1,14,718,0.0243
7,1,15,351,0.0139
8,1,0,573,0.1722
8,1,1,560,0.1286
8,1,2,702,0.1231
8,1,3,52,0.0694
8,1,4,497,0.0605
8,1,5,751,0.0363
8,1,6,306,0.0928
8,1,7,286,0.0301
8,1,8,353,0.0248
8,1,9,107,0.0265
8,1,10,175,0.0248
8,1,11,14,0.0581
8,1,12,220,0.0437
8,1,13,800,0.0629
8,1,14,465,0.0207
8,1,15,759,0.0252
9,1,0,283,0.4197
9,1,1,237,0.072
9,1,2,25,0.0747
9,1,3,795,0.0779
9,1,4,458,0.057
9,1,5,475,0.0408
9,1,6,141,0.044
9,1,7,512,0.034
9,1,8,628,0.0387
9,1,9,668,0.0188
9,1,10,145,0.0321
9,1,11,651,0.0176
9,1,12,599,0.0176
9,1,13,93,0.0209
9,1,14,162,0.0171
9,1,15,344,0.0173
10,1,0,869,0.2081
10,1,1,500,0.1879
10,1,2,440,0.1273
10,1,3,201,0.0857
10,1,4,544,0.0559
10,1,5,260,0.0339
10,1,6,281,0.0378
10,1,7,159,0.0415
10,1,8,596,0.0304
10,1,9,415,0.0345
10,1,10,416,0.0364
10,1,11,533,0.0434
10,1,12,373,0.0171
10,1,13,184,0.0231
10,1,14,155,0.017
10,1,15,868,0.0201
11,1,0,503,0.2367
11,1,1,374,0.1811
11,1,2,800,0.1515
11,1,3,812,0.057
11,1,4,877,0.0477
11,1,5,387,0.0361
11,1,6,14,0.0361
11,1,7,244,0.0361
11,1,8,589,0.0282
11,1,9,204,0.0215
11,1,10,199,0.0259
11,1,11,194,0.0218
11,1,12,551,0.0333
11,1,13,480,0.0301
11,1,14,783,0.0388
11,1,15,219,0.018
12,1,0,160,0.0865
12,1,1,718,0.0664
12,1,2,140,0.0625
12,1,3,117,0.059
12,1,4,370,0.059
12,1,5,710,0.0616
12,1,6,688,0.06
12,1,7,114,0.0574
12,1,8,608,0.0629
12,1,9,766,0.061
12,1,10,34,0.063
12,1,11,665,0.06
12,1,12,243,0.0619
12,1,13,375,0.0579
12,1,14,463,0.0604
12,1,15,341,0.0605
13,1,0,144,0.0992
13,1,1,398,0.1106
13,1,2,214,0.0695
13,1,3,891,0.0589
13,1,4,334,0.067
13,1,5,696,0.0533
13,1,6,493,0.0611
13,1,7,94,0.0605
13,1,8,604,0.0537
13,1,9,377,0.0632
13,1,10,813,0.048
13,1,11,480,0.0571
13,1,12,708,0.0481
13,1,13,488,0.0381
13,1,14,872,0.0494
13,1,15,232,0.0622
14,1,0,813,0.0773
14,1,1,548,0.0705
14,1,2,377,0.0588
14,1,3,749,0.0559
14,1,4,577,0.061
14,1,5,9,0.0652
14,1,6,346,0.0593
14,1,7,328,0.0569
14,1,8,86,0.0622
14,1,9,889,0.0656
14,1,10,495,0.0492
14,1,11,875,0.0577
14,1,12,845,0.0607
14,1,13,892,0.0679
14,1,14,283,0.0627
14,1,15,699,0.0691
15,1,0,30,0.0848
15,1,1,208,0.0822
15,1,2,611,0.0674
15,1,3,210,0.0608
15,1,4,772,0.0595
15,1,5,687,0.0567
15,1,6,61,0.0596
15,1,7,817,0.055
15,1,8,329,0.0673
15,1,9,192,0.0557
15,1,10,169,0.0556
15,1,11,305,0.0606
15,1,12,867,0.0569
15,1,13,664,0.054
15,1,14,21,0.0607
15,1,15,723,0.0631
16,1,0,275,0.0816
16,1,1,840,0.0731
16,1,2,393,0.066
16,1,3,785,0.0636
16,1,4,237,0.061
16,1,5,279,0.0574
16,1,6,851,0.0676
16,1,7,27,0.0692
16,1,8,731,0.0556
16,1,9,282,0.0545
16,1,10,879,0.0507
16,1,11,119,0.048
16,1,12,602,0.0586
16,1,13,599,0.0577
16,1,14,203,0.0644
16,1,15,150,0.0708
17,1,0,91,0.0806
17,1,1,222,0.0765
17,1,2,343,0.0731
17,1,3,566,0.0655
17,1,4,32,0.0619
17,1,5,254,0.0685
17,1,6,419,0.0594
17,1,7,206,0.059
17,1,8,186,0.0561
17,1,9,516,0.0534
17,1,10,197,0.0651
17,1,11,352,0.0538
17,1,12,847,0.054
17,1,13,332,0.0539
17,1,14,5,0.0585
17,1,15,586,0.0606
18,1,0,360,0.0933
18,1,1,893,0.0673
18,1,2,604,0.0617
18,1,3,128,0.063
18,1,4,340,0.0614
18,1,5,638,0.0578
18,1,6,416,0.0578
18,1,7,657,0.0588
18,1,8,175,0.0583
18,1,9,464,0.0641
18,1,10,649,0.0572
18,1,11,572,0.0555
18,1,12,580,0.062
18,1,13,134,0.0569
18,1,14,829,0.0709
18,1,15,430,0.0539
19,1,0,705,0.0724
19,1,1,295,0.0687
19,1,2,679,0.067
19,1,3,270,0.0691
19,1,4,166,0.0674
19,1,5,169,0.0601
19,1,6,35,0.0556
19,1,7,214,0.0632
19,1,8,59,0.065
19,1,9,44,0.0617
19,1,10,159,0.0595
19,1,11,702,0.0589
19,1,12,748,0.0564
19,1,13,408,0.0615
19,1,14,465,0.0608
19,1,15,536,0.0528
20,1,0,707,0.0908
20,1,1,140,0.082
20,1,2,647,0.0682
20,1,3,28,0.0638
20,1,4,14,0.0618
20,1,5,103,0.0599
20,1,6,27,0.0578
20,1,7,836,0.0571
20,1,8,383,0.0565
20,1,9,723,0.0571
20,1,10,853,0.0629
20,1,11,693,0.0562
20,1,12,671,0.0613
20,1,13,235,0.0567
20,1,14,519,0.0529
20,1,15,457,0.0548
21,1,0,326,0.0912
21,1,1,582,0.0875
21,1,2,400,0.0805
21,1,3,54,0.0781
21,1,4,717,0.0743
21,1,5,147,0.0651
21,1,6,671,0.0602
21,1,7,403,0.0502
21,1,8,248,0.0501
21,1,9,503,0.0496
21,1,10,527,0.0484
21,1,11,1,0.0481
21,1,12,324,0.0598
21,1,13,455,0.0539
21,1,14,309,0.0564
21,1,15,120,0.0466
22,1,0,726,0.0863
22,1,1,428,0.0836
22,1,2,616,0.0838
22,1,3,479,0.0725
22,1,4,349,0.0644
22,1,5,797,0.0632
22,1,6,696,0.0668
22,1,7,329,0.0576
22,1,8,275,0.0629
22,1,9,47,0.0582
22,1,10,174,0.0516
22,1,11,76,0.0523
22,1,12,19,0.0562
22,1,13,434,0.048
22,1,14,322,0.0466
22,1,15,150,0.0461
23,1,0,623,0.0725
23,1,1,705,0.0697
23,1,2,500,0.0677
23,1,3,147,0.0612
23,1,4,436,0.0597
23,1,5,858,0.0579
23,1,6,177,0.0665
23,1,7,646,0.0643
23,1,8,163,0.0654
23,1,9,868,0.0604
23,1,10,60,0.0646
23,1,11,104,0.0571
23,1,12,703,0.0573
23,1,13,650,0.0571
23,1,14,880,0.0606
23,1,15,493,0.0579
24,1,0,276,0.0697
24,1,1,835,0.075
24,1,2,576,0.0827
24,1,3,282,0.0681
24,1,4,811,0.0719
24,1,5,742,0.0548
24,1,6,598,0.068
24,1,7,521,0.0631
24,1,8,777,0.067
24,1,9,721,0.0573
24,1,10,136,0.0578
24,1,11,821,0.0521
24,1,12,218,0.0574
24,1,13,124,0.0485
24,1,14,698,0.0549
24,1,15,125,0.0518
25,1,0,410,0.0995
25,1,1,385,0.1015
25,1,2,688,0.0862
25,1,3,67,0.0538
25,1,4,812,0.0556
25,1,5,870,0.0644
25,1,6,218,0.055
25,1,7,435,0.0547
25,1,8,498,0.0557
25,1,9,699,0.0549
25,1,10,790,0.0496
25,1,11,622,0.0504
25,1,12,142,0.0551
25,1,13,678,0.0652
25,1,14,163,0.0468
25,1,15,659,0.0517
26,1,0,550,0.144
26,1,1,711,0.0985
26,1,2,452,0.0671
26,1,3,504,0.0718
26,1,4,451,0.0468
26,1,5,12,0.045
26,1,6,103,0.0509
26,1,7,891,0.0389
26,1,8,795,0.0514
26,1,9,289,0.0757
26,1,10,309,0.0564
26,1,11,330,0.0625
26,1,12,759,0.047
26,1,13,178,0.0486
26,1,14,755,0.0444
26,1,15,654,0.0509
27,1,0,49,0.0629
27,1,1,715,0.0548
27,1,2,192,0.0743
27,1,3,725,0.0719
27,1,4,181,0.064
27,1,5,313,0.0714
27,1,6,730,0.0564
27,1,7,182,0.0489
27,1,8,203,0.0562
27,1,9,563,0.0672
27,1,10,196,0.0565
27,1,11,500,0.0738
27,1,12,522,0.0548
27,1,13,590,0.0709
27,1,14,622,0.0523
27,1,15,527,0.0637
28,1,0,132,0.1406
28,1,1,373,0.0891
28,1,2,164,0.073
28,1,3,286,0.0498
28,1,4,584,0.0603
28,1,5,73,0.0745
28,1,6,799,0.0704
28,1,7,226,0.0614
28,1,8,431,0.0448
28,1,9,454,0.0495
28,1,10,19,0.0534
28,1,11,103,0.0432
28,1,12,54,0.0484
28,1,13,820,0.0453
28,1,14,140,0.0457
28,1,15,648,0.0506
29,1,0,369,0.1224
29,1,1,265,0.1087
29,1,2,883,0.0676
29,1,3,42,0.0629
29,1,4,123,0.061
29,1,5,312,0.058
29,1,6,487,0.0584
29,1,7,864,0.0601
29,1,8,144,0.0461
29,1,9,792,0.0523
29,1,10,546,0.0521
29,1,11,7,0.0513
29,1,12,446,0.0474
29,1,13,769,0.0564
29,1,14,833,0.0519
29,1,15,739,0.0434
30,1,0,36,0.1483
30,1,1,846,0.0974
30,1,2,118,0.0747
30,1,3,456,0.0639
30,1,4,869,0.0507
30,1,5,685,0.0605
30,1,6,272,0.0496
30,1,7,496,0.0666
30,1,8,44,0.0391
30,1,9,479,0.0544
30,1,10,82,0.0491
30,1,11,473,0.0511
30,1,12,338,0.0526
30,1,13,369,0.0517
30,1,14,559,0.0524
30,1,15,67,0.0377
31,1,0,766,0.1106
31,1,1,305,0.0758
31,1,2,774,0.088
31,1,3,532,0.0582
31,1,4,443,0.0643
31,1,5,189,0.0564
31,1,6,183,0.056
31,1,7,516,0.057
31,1,8,227,0.0598
31,1,9,67,0.0561
31,1,10,257,0.0614
31,1,11,651,0.0461
31,1,12,541,0.0636
31,1,13,170,0.0429
31,1,14,725,0.0538
31,1,15,717,0.05
32,1,0,782,0.171
32,1,1,861,0.0952
32,1,2,498,0.1189
32,1,3,335,0.0687
32,1,4,521,0.0581
32,1,5,493,0.0583
32,1,6,609,0.0654
32,1,7,305,0.0427
32,1,8,629,0.0511
32,1,9,333,0.0349
32,1,10,687,0.0411
32,1,11,895,0.0435
32,1,12,748,0.0335
32,1,13,228,0.0512
32,1,14,189,0.0328
32,1,15,91,0.0336
33,1,0,203,0.1603
33,1,1,43,0.1131
33,1,2,644,0.0685
33,1,3,452,0.0513
33,1,4,706,0.0592
33,1,5,222,0.0465
33,1,6,87,0.0321
33,1,7,612,0.0741
33,1,8,142,0.0518
33,1,9,590,0.1002
33,1,10,331,0.0555
33,1,11,113,0.0456
33,1,12,200,0.0284
33,1,13,269,0.0408
33,1,14,527,0.0446
33,1,15,778,0.028
34,1,0,376,0.0997
34,1,1,812,0.0802
34,1,2,565,0.0764
34,1,3,84,0.0617
34,1,4,18,0.0576
34,1,5,704,0.0552
34,1,6,297,0.0546
34,1,7,542,0.051
34,1,8,633,0.0476
34,1,9,342,0.0462
34,1,10,527,0.0781
34,1,11,364,0.0444
34,1,12,652,0.0382
34,1,13,269,0.0889
34,1,14,679,0.0401
34,1,15,684,0.0801
35,1,0,302,0.2544
35,1,1,43,0.083
35,1,2,67,0.0729
35,1,3,807,0.044
35,1,4,471,0.0632
35,1,5,691,0.0309
35,1,6,520,0.0448
35,1,7,141,0.0599
35,1,8,65,0.0462
35,1,9,309,0.034
35,1,10,195,0.0248
35,1,11,365,0.0201
35,1,12,434,0.0458
35,1,13,131,0.1038
35,1,14,221,0.0479
35,1,15,386,0.0242
36,1,0,82,0.0754
36,1,1,524,0.08
36,1,2,516,0.0936
36,1,3,689,0.1018
36,1,4,158,0.0557
36,1,5,186,0.0407
36,1,6,711,0.0824
36,1,7,503,0.076
36,1,8,549,0.0439
36,1,9,446,0.0492
36,1,10,437,0.063
36,1,11,502,0.058
36,1,12,264,0.0744
36,1,13,696,0.0321
36,1,14,335,0.0416
36,1,15,552,0.0323
37,1,0,54,0.1909
37,1,1,12,0.0722
37,1,2,622,0.0565
37,1,3,312,0.068
37,1,4,416,0.0615
37,1,5,61,0.0515
37,1,6,696,0.0491
37,1,7,367,0.0532
37,1,8,768,0.0515
37,1,9,638,0.0413
37,1,10,377,0.0607
37,1,11,236,0.0515
37,1,12,871,0.0444
37,1,13,568,0.0578
37,1,14,507,0.0451
37,1,15,329,0.0448
38,1,0,789,0.1382
38,1,1,739,0.0651
38,1,2,187,0.0523
38,1,3,541,0.0596
38,1,4,51,0.0685
38,1,5,792,0.0485
38,1,6,634,0.0596
38,1,7,106,0.0663
38,1,8,878,0.0751
38,1,9,248,0.0665
38,1,10,338,0.0606
38,1,11,680,0.0591
38,1,12,247,0.0443
38,1,13,110,0.0448
38,1,14,279,0.0458
38,1,15,61,0.0456
39,1,0,516,0.1037
39,1,1,211,0.0849
39,1,2,511,0.0804
39,1,3,771,0.0654
39,1,4,566,0.0717
39,1,5,10,0.0555
39,1,6,278,0.0523
39,1,7,171,0.0652
39,1,8,572,0.051
39,1,9,345,0.0774
39,1,10,101,0.0462
39,1,11,770,0.051
39,1,12,139,0.0425
39,1,13,816,0.04
39,1,14,205,0.0515
39,1,15,695,0.0611
40,1,0,148,0.0928
40,1,1,550,0.0576
40,1,2,700,0.0568
40,1,3,326,0.067
40,1,4,103,0.0479
40,1,5,128,0.0813
40,1,6,680,0.0827
40,1,7,589,0.0328
40,1,8,622,0.0558
40,1,9,82,0.055
40,1,10,658,0.0512
40,1,11,848,0.0488
40,1,12,382,0.0638
40,1,13,695,0.0549
40,1,14,191,0.1008
40,1,15,871,0.0509
41,1,0,823,0.071
41,1,1,102,0.0679
41,1,2,294,0.0553
41,1,3,691,0.0592
41,1,4,374,0.0632
41,1,5,669,0.0433
41,1,6,888,0.0403
41,1,7,149,0.0447
41,1,8,390,0.0575
41,1,9,454,0.0642
41,1,10,493,0.0749
41,1,11,106,0.0623
41,1,12,692,0.0695
41,1,13,819,0.0799
41,1,14,414,0.0996
41,1,15,412,0.0472
42,1,0,487,0.0775
42,1,1,457,0.0669
42,1,2,261,0.0644
42,1,3,831,0.0623
42,1,4,691,0.0585
42,1,5,142,0.0607
42,1,6,497,0.0626
42,1,7,365,0.0545
42,1,8,13,0.0566
42,1,9,297,0.0855
42,1,10,64,0.0581
42,1,11,52,0.0541
42,1,12,647,0.0495
42,1,13,475,0.0559
42,1,14,338,0.0746
42,1,15,709,0.0582
43,1,0,466,0.0887
43,1,1,634,0.0831
43,1,2,392,0.074
43,1,3,563,0.0848
43,1,4,709,0.0587
43,1,5,767,0.0885
43,1,6,94,0.059
43,1,7,892,0.0617
43,1,8,460,0.0467
43,1,9,175,0.0471
43,1,10,801,0.0493
43,1,11,420,0.0389
43,1,12,732,0.0578
43,1,13,516,0.0382
43,1,14,559,0.0659
43,1,15,143,0.0576
44,1,0,13,0.1456
44,1,1,592,0.0814
44,1,2,59,0.0712
44,1,3,819,0.0552
44,1,4,565,0.0515
44,1,5,518,0.0723
44,1,6,500,0.0504
44,1,7,668,0.0521
44,1,8,235,0.0539
44,1,9,582,0.0443
44,1,10,473,0.0578
44,1,11,375,0.0631
44,1,12,190,0.0484
44,1,13,436,0.0497
44,1,14,206,0.0676
44,1,15,710,0.0354
45,1,0,345,0.1324
45,1,1,652,0.1074
45,1,2,107,0.0752
45,1,3,380,0.0587
45,1,4,307,0.0559
45,1,5,253,0.0571
45,1,6,554,0.0669
45,1,7,312,0.0364
45,1,8,269,0.039
45,1,9,659,0.1185
45,1,10,855,0.0363
45,1,11,750,0.0397
45,1,12,540,0.0494
45,1,13,193,0.0607
45,1,14,745,0.0323
45,1,15,634,0.034
46,1,0,299,0.3965
46,1,1,672,0.1046
46,1,2,804,0.0798
46,1,3,488,0.0501
46,1,4,133,0.0342
46,1,5,68,0.0354
46,1,6,588,0.0358
46,1,7,372,0.0459
46,1,8,759,0.0599
46,1,9,778,0.0193
46,1,10,183,0.0261
46,1,11,768,0.0281
46,1,12,713,0.0174
46,1,13,261,0.0252
46,1,14,137,0.0155
46,1,15,628,0.0263
47,1,0,2,0.3445
47,1,1,188,0.0946
47,1,2,476,0.0707
47,1,3,791,0.0533
47,1,4,4,0.0522
47,1,5,883,0.0649
47,1,6,602,0.0465
47,1,7,175,0.0416
47,1,8,374,0.0353
47,1,9,685,0.0284
47,1,10,248,0.0325
47,1,11,115,0.0341
47,1,12,103,0.0223
47,1,13,665,0.0344
47,1,14,541,0.0261
47,1,15,851,0.0186
48,1,0,582,0.0909
48,1,1,242,0.062
48,1,2,640,0.0868
48,1,3,222,0.0659
48,1,4,483,0.0735
48,1,5,813,0.0457
48,1,6,696,0.0589
48,1,7,464,0.0655
48,1,8,636,0.0645
48,1,9,741,0.0638
48,1,10,804,0.051
48,1,11,460,0.0648
48,1,12,814,0.0389
48,1,13,6,0.0502
48,1,14,130,0.0648
48,1,15,62,0.0528
49,1,0,190,0.0816
49,1,1,598,0.0705
49,1,2,659,0.0585
49,1,3,565,0.0771
49,1,4,14,0.0561
49,1,5,37,0.0749
49,1,6,322,0.0688
49,1,7,613,0.0904
49,1,8,812,0.0557
49,1,9,139,0.0569
49,1,10,324,0.0468
49,1,11,524,0.0561
49,1,12,444,0.0521
49,1,13,728,0.0364
49,1,14,179,0.0512
49,1,15,187,0.0667
50,1,0,846,0.3649
50,1,1,139,0.0726
50,1,2,285,0.0691
50,1,3,79,0.0537
50,1,4,556,0.0584
50,1,5,678,0.0449
50,1,6,555,0.0259
50,1,7,712,0.0375
50,1,8,94,0.0398
50,1,9,680,0.0375
50,1,10,317,0.0247
50,1,11,214,0.0278
50,1,12,796,0.0279
50,1,13,194,0.0511
50,1,14,837,0.0267
50,1,15,690,0.0373
51,1,0,462,0.0888
51,1,1,573,0.1164
51,1,2,197,0.1457
51,1,3,533,0.0471
51,1,4,292,0.0827
51,1,5,441,0.0434
51,1,6,336,0.0466
51,1,7,312,0.0572
51,1,8,806,0.0813
51,1,9,548,0.041
51,1,10,605,0.0343
51,1,11,56,0.0717
51,1,12,722,0.0315
51,1,13,185,0.0479
51,1,14,842,0.0252
51,1,15,482,0.0391
52,1,0,233,0.1938
52,1,1,55,0.0958
52,1,2,459,0.0717
52,1,3,610,0.0599
52,1,4,235,0.0515
52,1,5,444,0.0502
52,1,6,755,0.0457
52,1,7,756,0.0683
52,1,8,97,0.041
52,1,9,194,0.051
52,1,10,711,0.0375
52,1,11,298,0.0384
52,1,12,693,0.066
52,1,13,492,0.0473
52,1,14,564,0.0498
52,1,15,645,0.032
53,1,0,450,0.103
53,1,1,655,0.0775
53,1,2,854,0.0814
53,1,3,412,0.087
53,1,4,90,0.0302
53,1,5,231,0.0391
53,1,6,795,0.0522
53,1,7,369,0.0358
53,1,8,426,0.0466
53,1,9,633,0.047
53,1,10,458,0.0431
53,1,11,697,0.0445
53,1,12,770,0.1744
53,1,13,667,0.0531
53,1,14,827,0.0298
53,1,15,345,0.0553
54,1,0,499,0.4091
54,1,1,635,0.0659
54,1,2,562,0.0429
54,1,3,727,0.0334
54,1,4,146,0.0514
54,1,5,829,0.0163
54,1,6,491,0.0419
54,1,7,410,0.0205
54,1,8,367,0.0487
54,1,9,322,0.0196
54,1,10,421,0.0595
54,1,11,17,0.0366
54,1,12,14,0.0386
54,1,13,535,0.029
54,1,14,200,0.0385
54,1,15,823,0.0481
55,1,0,463,0.2639
55,1,1,793,0.1233
55,1,2,760,0.0958
55,1,3,179,0.042
55,1,4,603,0.0411
55,1,5,739,0.0466
55,1,6,30,0.0454
55,1,7,771,0.0422
55,1,8,39,0.0324
55,1,9,484,0.0325
55,1,10,274,0.0396
55,1,11,433,0.0695
55,1,12,545,0.0406
55,1,13,121,0.0238
55,1,14,543,0.0268
55,1,15,827,0.0344
56,1,0,617,0.3354
56,1,1,396,0.0625
56,1,2,194,0.0601
56,1,3,131,0.0522
56,1,4,516,0.0438
56,1,5,606,0.0421
56,1,6,601,0.0457
56,1,7,348,0.0377
56,1,8,721,0.0431
56,1,9,786,0.0332
56,1,10,801,0.0308
56,1,11,108,0.0298
56,1,12,164,0.0477
56,1,13,97,0.0405
56,1,14,421,0.0638
56,1,15,853,0.0316
57,1,0,107,0.1248
57,1,1,560,0.077
57,1,2,829,0.1266
57,1,3,153,0.0513
57,1,4,204,0.0761
57,1,5,707,0.0587
57,1,6,889,0.0435
57,1,7,404,0.0525
57,1,8,237,0.0392
57,1,9,94,0.0513
57,1,10,106,0.063
57,1,11,423,0.0643
57,1,12,48,0.047
57,1,13,338,0.0417
57,1,14,340,0.0436
57,1,15,393,0.0393
58,1,0,758,0.0838
58,1,1,414,0.1628
58,1,2,488,0.2142
58,1,3,587,0.0429
58,1,4,183,0.052
58,1,5,607,0.0404
58,1,6,625,0.0395
58,1,7,294,0.038
58,1,8,278,0.0497
58,1,9,109,0.0258
58,1,10,31,0.0332
58,1,11,518,0.0576
58,1,12,279,0.0513
58,1,13,254,0.0563
58,1,14,782,0.0246
58,1,15,681,0.0277
59,1,0,389,0.3801
59,1,1,824,0.1467
59,1,2,77,0.0413
59,1,3,312,0.0478
59,1,4,37,0.0786
59,1,5,557,0.0352
59,1,6,253,0.0331
59,1,7,284,0.0343
59,1,8,136,0.0329
59,1,9,487,0.0183
59,1,10,754,0.0285
59,1,11,202,0.0288
59,1,12,232,0.0223
59,1,13,860,0.0236
59,1,14,65,0.0226
59,1,15,442,0.0258
60,1,0,727,0.1454
60,1,1,877,0.1023
60,1,2,134,0.1044
60,1,3,673,0.092
60,1,4,793,0.0519
60,1,5,114,0.0612
60,1,6,397,0.0586
60,1,7,173,0.0427
60,1,8,291,0.0559
60,1,9,789,0.0476
60,1,10,502,0.0406
60,1,11,279,0.0393
60,1,12,94,0.0337
60,1,13,269,0.0369
60,1,14,537,0.0451
60,1,15,355,0.0425
61,1,0,836,0.1005
61,1,1,287,0.07
61,1,2,489,0.0872
61,1,3,429,0.046
61,1,4,43,0.0658
61,1,5,740,0.0457
61,1,6,101,0.0624
61,1,7,430,0.05
61,1,8,591,0.0426
61,1,9,718,0.0457
61,1,10,218,0.0338
61,1,11,348,0.0701
61,1,12,5,0.0323
61,1,13,70,0.0505
61,1,14,228,0.0422
61,1,15,808,0.155
62,1,0,284,0.1069
62,1,1,0,0.1084
62,1,2,468,0.115
62,1,3,638,0.1035
62,1,4,304,0.0671
62,1,5,525,0.0635
62,1,6,195,0.0563
62,1,7,693,0.0435
62,1,8,849,0.0356
62,1,9,882,0.0492
62,1,10,521,0.0242
62,1,11,669,0.0518
62,1,12,812,0.0433
62,1,13,656,0.018
62,1,14,712,0.0749
62,1,15,293,0.0388
63,1,0,181,0.0959
63,1,1,393,0.0685
63,1,2,269,0.0891
63,1,3,313,0.0808
63,1,4,466,0.052
63,1,5,863,0.0899
63,1,6,804,0.0422
63,1,7,534,0.0503
63,1,8,692,0.0493
63,1,9,92,0.0435
63,1,10,399,0.0725
63,1,11,871,0.0642
63,1,12,265,0.0489
63,1,13,306,0.0529
63,1,14,837,0.0381
63,1,15,778,0.0617
64,1,0,332,0.0721
64,1,1,425,0.0848
64,1,2,134,0.0887
64,1,3,668,0.0881
64,1,4,600,0.0833
64,1,5,645,0.0614
64,1,6,26,0.0456
64,1,7,547,0.058
64,1,8,49,0.0595
64,1,9,296,0.0552
64,1,10,399,0.0716
64,1,11,695,0.0368
64,1,12,272,0.0654
64,1,13,470,0.039
64,1,14,168,0.0473
64,1,15,414,0.0431
65,1,0,725,0.129
65,1,1,790,0.0791
65,1,2,490,0.0496
65,1,3,360,0.0956
65,1,4,148,0.0409
65,1,5,20,0.0565
65,1,6,524,0.0344
65,1,7,290,0.0458
65,1,8,248,0.0419
65,1,9,768,0.0444
65,1,10,452,0.0498
65,1,11,18,0.0583
65,1,12,383,0.0436
65,1,13,821,0.0482
65,1,14,671,0.0451
65,1,15,663,0.1377
66,1,0,174,0.1478
66,1,1,326,0.0981
66,1,2,849,0.0674
66,1,3,72,0.0633
66,1,4,732,0.0505
66,1,5,550,0.0455
66,1,6,223,0.0829
66,1,7,85,0.0502
66,1,8,241,0.071
66,1,9,197,0.0437
66,1,10,728,0.065
66,1,11,865,0.0346
66,1,12,815,0.0375
66,1,13,339,0.0842
66,1,14,731,0.0362
66,1,15,349,0.0221
67,1,0,203,0.1071
67,1,1,354,0.1039
67,1,2,571,0.0845
67,1,3,631,0.0727
67,1,4,31,0.065
67,1,5,686,0.0488
67,1,6,836,0.0513
67,1,7,106,0.057
67,1,8,481,0.0565
67,1,9,330,0.058
67,1,10,83,0.0476
67,1,11,144,0.0679
67,1,12,90,0.0489
67,1,13,159,0.0549
67,1,14,308,0.0386
67,1,15,526,0.0374
68,1,0,454,0.5119
68,1,1,529,0.0395
68,1,2,249,0.0446
68,1,3,437,0.0532
68,1,4,43,0.0316
68,1,5,221,0.0428
68,1,6,390,0.0308
68,1,7,566,0.0453
68,1,8,716,0.0335
68,1,9,610,0.0286
68,1,10,863,0.0262
68,1,11,782,0.02
68,1,12,260,0.0273
68,1,13,299,0.0247
68,1,14,830,0.0187
68,1,15,287,0.0213
69,1,0,451,0.1121
69,1,1,434,0.1186
69,1,2,762,0.0485
69,1,3,664,0.0422
69,1,4,501,0.0404
69,1,5,710,0.042
69,1,6,441,0.0513
69,1,7,840,0.039
69,1,8,197,0.042
69,1,9,213,0.0572
69,1,10,38,0.0515
69,1,11,157,0.0513
69,1,12,393,0.051
69,1,13,331,0.0547
69,1,14,166,0.1505
69,1,15,141,0.0477
70,1,0,298,0.314
70,1,1,294,0.1486
70,1,2,249,0.0684
70,1,3,290,0.0858
70,1,4,143,0.0535
70,1,5,275,0.0408
70,1,6,515,0.0472
70,1,7,693,0.0294
70,1,8,281,0.0222
70,1,9,120,0.0271
70,1,10,55,0.0371
70,1,11,288,0.023
70,1,12,221,0.0226
70,1,13,789,0.0305
70,1,14,523,0.026
70,1,15,83,0.0238
71,1,0,201,0.0802
71,1,1,538,0.0779
71,1,2,583,0.0592
71,1,3,154,0.0854
71,1,4,218,0.0628
71,1,5,521,0.0631
71,1,6,746,0.0553
71,1,7,725,0.0678
71,1,8,34,0.0577
71,1,9,215,0.053
71,1,10,439,0.0619
71,1,11,46,0.0604
71,1,12,92,0.0573
71,1,13,12,0.0592
71,1,14,1,0.0512
71,1,15,172,0.0476
72,1,0,274,0.0696
72,1,1,805,0.0724
72,1,2,9,0.0684
72,1,3,628,0.0658
72,1,4,472,0.0658
72,1,5,112,0.066
72,1,6,721,0.0639
72,1,7,77,0.0556
72,1,8,266,0.0578
72,1,9,599,0.0696
72,1,10,14,0.0565
72,1,11,656,0.0508
72,1,12,578,0.0643
72,1,13,807,0.0535
72,1,14,632,0.063
72,1,15,400,0.057
73,1,0,26,0.1157
73,1,1,801,0.1094
73,1,2,785,0.135
73,1,3,423,0.0915
73,1,4,156,0.0907
73,1,5,0,0.0809
73,1,6,621,0.0627
73,1,7,385,0.0554
73,1,8,445,0.0641
73,1,9,494,0.0286
73,1,10,417,0.0286
73,1,11,748,0.0323
73,1,12,410,0.0152
73,1,13,397,0.0199
73,1,14,852,0.0467
73,1,15,360,0.0232
74,1,0,658,0.138
74,1,1,205,0.0907
74,1,2,64,0.0692
74,1,3,786,0.1121
74,1,4,751,0.0952
74,1,5,63,0.0791
74,1,6,114,0.0675
74,1,7,408,0.0747
74,1,8,309,0.0628
74,1,9,44,0.0376
74,1,10,134,0.1001
74,1,11,396,0.0154
74,1,12,412,0.0152
74,1,13,352,0.0146
74,1,14,602,0.0145
74,1,15,532,0.0131
75,1,0,370,0.1125
75,1,1,83,0.1897
75,1,2,213,0.1041
75,1,3,431,0.0654
75,1,4,586,0.0869
75,1,5,244,0.0411
75,1,6,89,0.0497
75,1,7,762,0.0361
75,1,8,654,0.1017
75,1,9,758,0.0672
75,1,10,496,0.021
75,1,11,794,0.0199
75,1,12,462,0.0184
75,1,13,803,0.0292
75,1,14,234,0.0288
75,1,15,688,0.0283
76,1,0,39,0.1534
76,1,1,420,0.1216
76,1,2,387,0.1185
76,1,3,53,0.0682
76,1,4,241,0.057
76,1,5,189,0.0892
76,1,6,23,0.0756
76,1,7,726,0.0779
76,1,8,301,0.0671
76,1,9,296,0.035
76,1,10,782,0.02
76,1,11,704,0.0217
76,1,12,560,0.0414
76,1,13,788,0.0151
76,1,14,729,0.0198
76,1,15,770,0.0186
77,1,0,213,0.0962
77,1,1,74,0.0765
77,1,2,62,0.0516
77,1,3,669,0.0709
77,1,4,122,0.0891
77,1,5,283,0.078
77,1,6,460,0.0581
77,1,7,113,0.0452
77,1,8,360,0.0667
77,1,9,252,0.0417
77,1,10,792,0.071
77,1,11,12,0.0754
77,1,12,834,0.0724
77,1,13,640,0.0314
77,1,14,793,0.056
77,1,15,416,0.02
78,1,0,475,0.1576
78,1,1,636,0.0802
78,1,2,259,0.1073
78,1,3,351,0.0911
78,1,4,841,0.0628
78,1,5,731,0.0765
78,1,6,358,0.0488
78,1,7,168,0.0583
78,1,8,554,0.0415
78,1,9,849,0.0358
78,1,10,814,0.0391
78,1,11,859,0.0693
78,1,12,795,0.0287
78,1,13,206,0.0488
78,1,14,279,0.0276
78,1,15,729,0.0265
79,1,0,895,0.0919
79,1,1,827,0.0916
79,1,2,18,0.1104
79,1,3,848,0.0906
79,1,4,121,0.0744
79,1,5,317,0.0878
79,1,6,154,0.0766
79,1,7,299,0.0523
79,1,8,415,0.0479
79,1,9,649,0.0721
79,1,10,140,0.0432
79,1,11,669,0.0376
79,1,12,643,0.0392
79,1,13,444,0.0263
79,1,14,865,0.0256
79,1,15,833,0.0324
80,1,0,649,0.0961
80,1,1,514,0.0761
80,1,2,708,0.0733
80,1,3,864,0.0555
80,1,4,756,0.0495
80,1,5,560,0.0559
80,1,6,782,0.0509
80,1,7,575,0.095
80,1,8,502,0.0481
80,1,9,688,0.0889
80,1,10,218,0.0404
80,1,11,142,0.0422
80,1,12,753,0.0485
80,1,13,156,0.037
80,1,14,631,0.0635
80,1,15,175,0.0791
81,1,0,616,0.0677
81,1,1,145,0.0854
81,1,2,684,0.087
81,1,3,13,0.07
81,1,4,670,0.0872
81,1,5,770,0.0731
81,1,6,705,0.0611
81,1,7,353,0.0523
81,1,8,56,0.0473
81,1,9,780,0.0445
81,1,10,454,0.0442
81,1,11,710,0.0434
81,1,12,630,0.0394
81,1,13,116,0.109
81,1,14,257,0.0392
81,1,15,166,0.0491
82,1,0,594,0.0893
82,1,1,569,0.0665
82,1,2,837,0.0671
82,1,3,668,0.1173
82,1,4,751,0.0553
82,1,5,327,0.0439
82,1,6,433,0.2231
82,1,7,128,0.035
82,1,8,61,0.0549
82,1,9,773,0.0363
82,1,10,253,0.0285
82,1,11,880,0.0496
82,1,12,75,0.0467
82,1,13,384,0.0402
82,1,14,513,0.0218
82,1,15,333,0.0243
83,1,0,648,0.1913
83,1,1,546,0.1741
83,1,2,265,0.055
83,1,3,201,0.0651
83,1,4,513,0.0299
83,1,5,564,0.0242
83,1,6,507,0.0291
83,1,7,829,0.2106
83,1,8,253,0.0408
83,1,9,702,0.0163
83,1,10,449,0.0337
83,1,11,676,0.0266
83,1,12,376,0.0242
83,1,13,119,0.0314
83,1,14,861,0.0285
83,1,15,405,0.0191
84,1,0,715,0.2166
84,1,1,308,0.1112
84,1,2,343,0.0962
84,1,3,480,0.0789
84,1,4,273,0.0957
84,1,5,549,0.0803
84,1,6,629,0.0427
84,1,7,882,0.0388
84,1,8,872,0.0389
84,1,9,284,0.0448
84,1,10,276,0.0275
84,1,11,296,0.0304
84,1,12,6,0.0314
84,1,13,130,0.0262
84,1,14,782,0.0199
84,1,15,358,0.0206
85,1,0,170,0.284
85,1,1,562,0.1275
85,1,2,572,0.0798
85,1,3,627,0.0569
85,1,4,52,0.053
85,1,5,442,0.0506
85,1,6,524,0.0373
85,1,7,438,0.0355
85,1,8,408,0.0356
85,1,9,622,0.0587
85,1,10,713,0.0406
85,1,11,380,0.0253
85,1,12,132,0.0281
85,1,13,638,0.0273
85,1,14,581,0.0334
85,1,15,224,0.0265
86,1,0,872,0.1981
86,1,1,191,0.1936
86,1,2,863,0.1088
86,1,3,19,0.0713
86,1,4,27,0.0715
86,1,5,653,0.0604
86,1,6,661,0.0475
86,1,7,98,0.0389
86,1,8,60,0.0364
86,1,9,453,0.0296
86,1,10,616,0.0316
86,1,11,9,0.0203
86,1,12,670,0.0255
86,1,13,339,0.0247
86,1,14,182,0.0218
86,1,15,288,0.02
87,1,0,414,0.2014
87,1,1,405,0.1577
87,1,2,492,0.1526
87,1,3,545,0.1034
87,1,4,120,0.0683
87,1,5,41,0.0698
87,1,6,636,0.0505
87,1,7,234,0.0315
87,1,8,12,0.0299
87,1,9,282,0.0373
87,1,10,665,0.0173
87,1,11,101,0.0137
87,1,12,154,0.0172
87,1,13,410,0.0108
87,1,14,848,0.0183
87,1,15,38,0.0202
88,1,0,255,0.3473
88,1,1,371,0.1867
88,1,2,277,0.0916
88,1,3,155,0.0418
88,1,4,276,0.0798
88,1,5,377,0.0406
88,1,6,456,0.0369
88,1,7,857,0.0231
88,1,8,521,0.026
88,1,9,356,0.0236
88,1,10,687,0.0221
88,1,11,568,0.0206
88,1,12,381,0.0172
88,1,13,257,0.0144
88,1,14,831,0.0149
88,1,15,21,0.0134
89,1,0,888,0.2094
89,1,1,692,0.0753
89,1,2,62,0.0702
89,1,3,757,0.0726
89,1,4,263,0.0935
89,1,5,832,0.0481
89,1,6,662,0.0464
89,1,7,504,0.0639
89,1,8,777,0.0752
89,1,9,895,0.0487
89,1,10,885,0.0321
89,1,11,51,0.0636
89,1,12,756,0.0423
89,1,13,399,0.0211
89,1,14,569,0.0227
89,1,15,478,0.015
90,1,0,751,0.1964
90,1,1,482,0.1841
90,1,2,202,0.1521
90,1,3,333,0.1511
90,1,4,502,0.098
90,1,5,756,0.0541
90,1,6,895,0.0456
90,1,7,543,0.0364
90,1,8,803,0.0161
90,1,9,561,0.0151
90,1,10,92,0.0071
90,1,11,523,0.0065
90,1,12,196,0.0075
90,1,13,598,0.007
90,1,14,256,0.0108
90,1,15,268,0.0118
91,1,0,241,0.1303
91,1,1,112,0.1193
91,1,2,764,0.0874
91,1,3,516,0.0787
91,1,4,448,0.0753
91,1,5,73,0.0925
91,1,6,809,0.0857
91,1,7,621,0.0736
91,1,8,770,0.0393
91,1,9,721,0.0277
91,1,10,821,0.0221
91,1,11,642,0.0328
91,1,12,633,0.0228
91,1,13,189,0.062
91,1,14,843,0.0258
91,1,15,866,0.0246
92,1,0,217,0.3271
92,1,1,325,0.1582
92,1,2,185,0.1388
92,1,3,295,0.1017
92,1,4,506,0.0353
92,1,5,150,0.0403
92,1,6,701,0.0441
92,1,7,750,0.0469
92,1,8,94,0.0433
92,1,9,803,0.0205
92,1,10,606,0.0111
92,1,11,169,0.0086
92,1,12,654,0.0068
92,1,13,478,0.0092
92,1,14,836,0.0047
92,1,15,351,0.0034
1,2,0,798,0.1519
1,2,1,48,0.0999
1,2,2,294,0.1122
1,2,3,630,0.111
1,2,4,465,0.0508
1,2,5,371,0.0927
1,2,6,782,0.045
1,2,7,541,0.0479
1,2,8,411,0.0482
1,2,9,626,0.0598
1,2,10,577,0.0375
1,2,11,52,0.0318
1,2,12,33,0.028
1,2,13,655,0.0232
1,2,14,115,0.0398
1,2,15,549,0.0203
2,2,0,424,0.4217
2,2,1,725,0.0754
2,2,2,23,0.1081
2,2,3,255,0.0422
2,2,4,626,0.0652
2,2,5,240,0.0187
2,2,6,107,0.0451
2,2,7,702,0.0218
2,2,8,388,0.0605
2,2,9,643,0.0195
2,2,10,176,0.021
2,2,11,713,0.0159
2,2,12,721,0.016
2,2,13,671,0.0338
2,2,14,790,0.0137
2,2,15,24,0.0213
3,2,0,635,0.1483
3,2,1,477,0.0895
3,2,2,263,0.0918
3,2,3,723,0.0864
3,2,4,870,0.0844
3,2,5,768,0.0554
3,2,6,54,0.0527
3,2,7,599,0.0936
3,2,8,832,0.0438
3,2,9,484,0.0296
3,2,10,71,0.044
3,2,11,754,0.0467
3,2,12,401,0.0413
3,2,13,888,0.0452
3,2,14,751,0.0249
3,2,15,289,0.0223
4,2,0,435,0.1927
4,2,1,685,0.1528
4,2,2,104,0.1107
4,2,3,807,0.0756
4,2,4,869,0.0519
4,2,5,583,0.0493
4,2,6,571,0.0415
4,2,7,27,0.0348
4,2,8,589,0.0469
4,2,9,218,0.0569
4,2,10,668,0.0274
4,2,11,209,0.0217
4,2,12,468,0.017
4,2,13,764,0.051
4,2,14,514,0.0384
4,2,15,607,0.0315
5,2,0,389,0.239
5,2,1,4,0.1201
5,2,2,223,0.0466
5,2,3,342,0.0616
5,2,4,258,0.0539
5,2,5,439,0.0359
5,2,6,376,0.041
5,2,7,272,0.0714
5,2,8,125,0.0382
5,2,9,739,0.0478
5,2,10,397,0.0628
5,2,11,507,0.0402
5,2,12,569,0.03
5,2,13,88,0.0581
5,2,14,237,0.0208
5,2,15,181,0.0325
6,2,0,109,0.1961
6,2,1,688,0.0857
6,2,2,297,0.0867
6,2,3,834,0.1276
6,2,4,536,0.1894
6,2,5,861,0.0298
6,2,6,236,0.0378
6,2,7,785,0.0272
6,2,8,33,0.0375
6,2,9,580,0.0255
6,2,10,669,0.029
6,2,11,216,0.019
6,2,12,804,0.0339
6,2,13,799,0.0201
6,2,14,511,0.0207
6,2,15,807,0.0339
7,2,0,867,0.5581
7,2,1,815,0.1279
7,2,2,813,0.0489
7,2,3,294,0.0319
7,2,4,107,0.0256
7,2,5,253,0.037
7,2,6,295,0.0118
7,2,7,144,0.0357
7,2,8,744,0.0284
7,2,9,112,0.0114
7,2,10,170,0.0173
7,2,11,199,0.0118
7,2,12,440,0.011
7,2,13,278,0.0069
7,2,14,211,0.0203
7,2,15,693,0.016
8,2,0,381,0.175
8,2,1,573,0.0884
8,2,2,497,0.0811
8,2,3,831,0.0765
8,2,4,836,0.1126
8,2,5,396,0.0805
8,2,6,52,0.0642
8,2,7,458,0.042
8,2,8,384,0.0393
8,2,9,527,0.0284
8,2,10,699,0.0303
8,2,11,869,0.0541
8,2,12,33,0.027
8,2,13,751,0.0214
8,2,14,14,0.0531
8,2,15,17,0.026
9,2,0,545,0.2682
9,2,1,283,0.21
9,2,2,237,0.1282
9,2,3,25,0.0583
9,2,4,520,0.0265
9,2,5,599,0.0201
9,2,6,695,0.0421
9,2,7,254,0.0488
9,2,8,223,0.0129
9,2,9,176,0.0682
9,2,10,165,0.0154
9,2,11,566,0.0177
9,2,12,747,0.0306
9,2,13,440,0.0121
9,2,14,93,0.0172
9,2,15,152,0.0236
10,2,0,440,0.2611
10,2,1,500,0.2545
10,2,2,361,0.0979
10,2,3,201,0.0523
10,2,4,778,0.0492
10,2,5,309,0.0438
10,2,6,6,0.0373
10,2,7,260,0.0272
10,2,8,544,0.0238
10,2,9,868,0.0216
10,2,10,159,0.03
10,2,11,311,0.0221
10,2,12,184,0.0198
10,2,13,370,0.0134
10,2,14,861,0.0225
10,2,15,689,0.0235
11,2,0,800,0.251
11,2,1,503,0.1057
11,2,2,374,0.1085
11,2,3,737,0.0579
11,2,4,877,0.0567
11,2,5,244,0.053
11,2,6,199,0.0421
11,2,7,589,0.0364
11,2,8,387,0.0298
11,2,9,228,0.066
11,2,10,812,0.0458
11,2,11,18,0.0407
11,2,12,725,0.0341
11,2,13,571,0.0201
11,2,14,372,0.0179
11,2,15,865,0.0344
12,2,0,106,0.0633
12,2,1,710,0.064
12,2,2,374,0.0599
12,2,3,708,0.0608
12,2,4,392,0.068
12,2,5,104,0.0654
12,2,6,704,0.0606
12,2,7,117,0.0608
12,2,8,575,0.0601
12,2,9,341,0.0629
12,2,10,823,0.0629
12,2,11,58,0.0631
12,2,12,403,0.06
12,2,13,309,0.0616
12,2,14,718,0.0671
12,2,15,546,0.0597
13,2,0,398,0.1249
13,2,1,533,0.0779
13,2,2,102,0.0801
13,2,3,735,0.0861
13,2,4,404,0.0708
13,2,5,64,0.0691
13,2,6,354,0.053
13,2,7,460,0.0648
13,2,8,832,0.061
13,2,9,486,0.0438
13,2,10,53,0.036
13,2,11,527,0.0363
13,2,12,165,0.0667
13,2,13,670,0.0373
13,2,14,598,0.054
13,2,15,400,0.0383
14,2,0,213,0.0789
14,2,1,532,0.078
14,2,2,710,0.064
14,2,3,60,0.0586
14,2,4,248,0.1039
14,2,5,769,0.056
14,2,6,293,0.0692
14,2,7,29,0.0542
14,2,8,39,0.0732
14,2,9,111,0.0599
14,2,10,545,0.0655
14,2,11,722,0.0436
14,2,12,345,0.0417
14,2,13,787,0.0585
14,2,14,606,0.0459
14,2,15,845,0.0487
15,2,0,654,0.0645
15,2,1,192,0.0596
15,2,2,175,0.0704
15,2,3,723,0.0756
15,2,4,224,0.1156
15,2,5,30,0.0485
15,2,6,486,0.0919
15,2,7,381,0.0741
15,2,8,831,0.0556
15,2,9,848,0.048
15,2,10,611,0.0472
15,2,11,337,0.0431
15,2,12,608,0.0431
15,2,13,577,0.0886
15,2,14,272,0.0433
15,2,15,737,0.031
16,2,0,27,0.1577
16,2,1,508,0.1163
16,2,2,428,0.0501
16,2,3,314,0.0615
16,2,4,840,0.0521
16,2,5,47,0.0619
16,2,6,184,0.0842
16,2,7,712,0.0491
16,2,8,74,0.0446
16,2,9,809,0.0597
16,2,10,856,0.0432
16,2,11,546,0.043
16,2,12,43,0.0348
16,2,13,70,0.0372
16,2,14,610,0.0676
16,2,15,296,0.0371
17,2,0,40,0.0853
17,2,1,176,0.0911
17,2,2,709,0.1062
17,2,3,369,0.0517
17,2,4,579,0.0843
17,2,5,379,0.0719
17,2,6,490,0.0433
17,2,7,696,0.0584
17,2,8,219,0.0552
17,2,9,775,0.0872
17,2,10,343,0.0408
17,2,11,201,0.035
17,2,12,263,0.0493
17,2,13,363,0.0369
17,2,14,879,0.0613
17,2,15,787,0.0423
18,2,0,464,0.1433
18,2,1,600,0.1136
18,2,2,791,0.0651
18,2,3,107,0.0766
18,2,4,304,0.0617
18,2,5,775,0.0579
18,2,6,367,0.0627
18,2,7,887,0.061
18,2,8,721,0.0426
18,2,9,340,0.0396
18,2,10,760,0.0387
18,2,11,881,0.0369
18,2,12,48,0.0401
18,2,13,766,0.0497
18,2,14,812,0.0542
18,2,15,477,0.0564
19,2,0,270,0.1595
19,2,1,551,0.0903
19,2,2,357,0.0793
19,2,3,128,0.0582
19,2,4,804,0.0685
19,2,5,283,0.0533
19,2,6,212,0.0736
19,2,7,837,0.0393
19,2,8,565,0.0421
19,2,9,717,0.0383
19,2,10,496,0.0714
19,2,11,85,0.0441
19,2,12,882,0.0375
19,2,13,77,0.0377
19,2,14,328,0.068
19,2,15,802,0.0391
20,2,0,419,0.2688
20,2,1,84,0.0924
20,2,2,300,0.0936
20,2,3,877,0.0531
20,2,4,1,0.0411
20,2,5,836,0.0336
20,2,6,874,0.0726
20,2,7,703,0.0357
20,2,8,93,0.0331
20,2,9,608,0.0289
20,2,10,673,0.0602
20,2,11,294,0.0272
20,2,12,159,0.0345
20,2,13,220,0.0281
20,2,14,783,0.0301
20,2,15,18,0.067
21,2,0,555,0.4101
21,2,1,181,0.0757
21,2,2,582,0.0354
21,2,3,714,0.0442
21,2,4,97,0.0391
21,2,5,485,0.0348
21,2,6,738,0.1016
21,2,7,347,0.0801
21,2,8,698,0.039
21,2,9,257,0.0252
21,2,10,343,0.0179
21,2,11,877,0.0246
21,2,12,9,0.0177
21,2,13,661,0.0173
21,2,14,643,0.0173
21,2,15,478,0.02
22,2,0,480,0.1901
22,2,1,808,0.1018
22,2,2,301,0.0855
22,2,3,763,0.0792
22,2,4,507,0.0704
22,2,5,856,0.0553
22,2,6,169,0.0541
22,2,7,17,0.0396
22,2,8,358,0.0403
22,2,9,873,0.0529
22,2,10,171,0.0253
22,2,11,329,0.024
22,2,12,368,0.0236
22,2,13,33,0.0457
22,2,14,299,0.0547
22,2,15,715,0.0574
23,2,0,646,0.159
23,2,1,500,0.1005
23,2,2,120,0.0842
23,2,3,264,0.0748
23,2,4,104,0.0399
23,2,5,663,0.0373
23,2,6,493,0.0553
23,2,7,423,0.0951
23,2,8,393,0.0382
23,2,9,724,0.0293
23,2,10,294,0.0257
23,2,11,328,0.0359
23,2,12,318,0.0464
23,2,13,533,0.0646
23,2,14,756,0.088
23,2,15,306,0.0258
24,2,0,276,0.075
24,2,1,811,0.0806
24,2,2,561,0.0587
24,2,3,321,0.0638
24,2,4,282,0.0669
24,2,5,200,0.0715
24,2,6,598,0.0691
24,2,7,47,0.0514
24,2,8,136,0.0597
24,2,9,459,0.0632
24,2,10,874,0.0611
24,2,11,721,0.0591
24,2,12,801,0.0628
24,2,13,512,0.051
24,2,14,895,0.0495
24,2,15,698,0.0566
25,2,0,297,0.1161
25,2,1,244,0.077
25,2,2,298,0.0658
25,2,3,201,0.06
25,2,4,870,0.064
25,2,5,318,0.0618
25,2,6,678,0.0641
25,2,7,316,0.0567
25,2,8,498,0.0534
25,2,9,812,0.0525
25,2,10,240,0.0576
25,2,11,828,0.0453
25,2,12,622,0.0481
25,2,13,626,0.0545
25,2,14,13,0.0759
25,2,15,425,0.047
26,2,0,664,0.1225
26,2,1,472,0.0917
26,2,2,347,0.0909
26,2,3,389,0.0767
26,2,4,226,0.0777
26,2,5,376,0.0738
26,2,6,197,0.0476
26,2,7,806,0.0588
26,2,8,754,0.0522
26,2,9,789,0.0331
26,2,10,416,0.0277
26,2,11,452,0.0562
26,2,12,463,0.047
26,2,13,317,0.0508
26,2,14,690,0.0699
26,2,15,769,0.0233
27,2,0,192,0.106
27,2,1,181,0.0807
27,2,2,148,0.1107
27,2,3,588,0.0561
27,2,4,530,0.0523
27,2,5,44,0.0872
27,2,6,74,0.059
27,2,7,648,0.0558
27,2,8,881,0.0586
27,2,9,293,0.0553
27,2,10,656,0.0508
27,2,11,176,0.0437
27,2,12,707,0.0679
27,2,13,704,0.043
27,2,14,190,0.0279
27,2,15,349,0.0449
28,2,0,585,0.1048
28,2,1,327,0.1355
28,2,2,772,0.0936
28,2,3,373,0.0764
28,2,4,453,0.0565
28,2,5,457,0.0685
28,2,6,758,0.0415
28,2,7,747,0.0376
28,2,8,808,0.0449
28,2,9,209,0.0424
28,2,10,780,0.0417
28,2,11,649,0.0508
28,2,12,138,0.0418
28,2,13,171,0.0639
28,2,14,437,0.0378
28,2,15,239,0.0623
29,2,0,256,0.1781
29,2,1,175,0.0941
29,2,2,805,0.0913
29,2,3,728,0.0685
29,2,4,417,0.0475
29,2,5,633,0.0424
29,2,6,760,0.0492
29,2,7,351,0.044
29,2,8,188,0.045
29,2,9,102,0.0497
29,2,10,876,0.0375
29,2,11,487,0.0507
29,2,12,589,0.0418
29,2,13,642,0.0622
29,2,14,785,0.0604
29,2,15,446,0.0375
30,2,0,41,0.1108
30,2,1,27,0.1004
30,2,2,16,0.064
30,2,3,524,0.0962
30,2,4,542,0.0712
30,2,5,791,0.055
30,2,6,669,0.046
30,2,7,893,0.0736
30,2,8,248,0.0495
30,2,9,447,0.0699
30,2,10,636,0.0459
30,2,11,808,0.0426
30,2,12,369,0.0511
30,2,13,301,0.0333
30,2,14,228,0.0479
30,2,15,594,0.0427
31,2,0,774,0.1984
31,2,1,766,0.1712
31,2,2,532,0.064
31,2,3,180,0.0693
31,2,4,215,0.0472
31,2,5,724,0.0432
31,2,6,695,0.0376
31,2,7,158,0.0606
31,2,8,38,0.0384
31,2,9,300,0.0597
31,2,10,218,0.0268
31,2,11,543,0.0366
31,2,12,222,0.0279
31,2,13,307,0.0312
31,2,14,440,0.0404
31,2,15,322,0.0473
32,2,0,782,0.3191
32,2,1,301,0.0843
32,2,2,661,0.1041
32,2,3,491,0.0486
32,2,4,887,0.0296
32,2,5,574,0.0281
32,2,6,32,0.0849
32,2,7,428,0.033
32,2,8,707,0.0625
32,2,9,850,0.0285
32,2,10,189,0.0299
32,2,11,490,0.0333
32,2,12,645,0.0248
32,2,13,128,0.0283
32,2,14,475,0.032
32,2,15,478,0.0289
33,2,0,706,0.2896
33,2,1,43,0.1575
33,2,2,644,0.0836
33,2,3,145,0.0657
33,2,4,815,0.0725
33,2,5,267,0.0505
33,2,6,430,0.0448
33,2,7,709,0.0246
33,2,8,778,0.0212
33,2,9,87,0.0244
33,2,10,500,0.0415
33,2,11,711,0.0412
33,2,12,133,0.0204
33,2,13,720,0.0268
33,2,14,148,0.0179
33,2,15,85,0.0177
34,2,0,474,0.2225
34,2,1,269,0.1813
34,2,2,175,0.1043
34,2,3,679,0.039
34,2,4,497,0.0543
34,2,5,70,0.1417
34,2,6,165,0.0286
34,2,7,508,0.0245
34,2,8,718,0.0253
34,2,9,643,0.0299
34,2,10,522,0.0215
34,2,11,46,0.0381
34,2,12,754,0.0228
34,2,13,864,0.0191
34,2,14,848,0.0254
34,2,15,746,0.0216
35,2,0,43,0.4845
35,2,1,67,0.1313
35,2,2,290,0.0641
35,2,3,317,0.0185
35,2,4,319,0.0748
35,2,5,875,0.0493
35,2,6,725,0.0161
35,2,7,845,0.0123
35,2,8,885,0.0169
35,2,9,654,0.0119
35,2,10,724,0.0128
35,2,11,579,0.015
35,2,12,441,0.0188
35,2,13,203,0.0314
35,2,14,498,0.0339
35,2,15,670,0.0085
36,2,0,847,0.0994
36,2,1,82,0.0744
36,2,2,689,0.1062
36,2,3,745,0.0783
36,2,4,718,0.0548
36,2,5,702,0.0424
36,2,6,713,0.0674
36,2,7,158,0.0576
36,2,8,468,0.0504
36,2,9,460,0.0496
36,2,10,435,0.0601
36,2,11,888,0.051
36,2,12,379,0.0441
36,2,13,40,0.0429
36,2,14,431,0.0575
36,2,15,471,0.0642
37,2,0,54,0.2
37,2,1,852,0.1422
37,2,2,663,0.0526
37,2,3,388,0.0555
37,2,4,569,0.0703
37,2,5,173,0.0448
37,2,6,6,0.0598
37,2,7,639,0.0523
37,2,8,12,0.0389
37,2,9,699,0.0345
37,2,10,486,0.0442
37,2,11,377,0.0417
37,2,12,490,0.0405
37,2,13,253,0.0478
37,2,14,894,0.0428
37,2,15,638,0.0321
38,2,0,244,0.1792
38,2,1,106,0.1185
38,2,2,648,0.0761
38,2,3,396,0.0599
38,2,4,398,0.1079
38,2,5,287,0.0741
38,2,6,187,0.0371
38,2,7,57,0.0325
38,2,8,281,0.0452
38,2,9,820,0.0495
38,2,10,614,0.0337
38,2,11,486,0.0304
38,2,12,125,0.0356
38,2,13,123,0.0325
38,2,14,279,0.0431
38,2,15,572,0.0448
39,2,0,771,0.1696
39,2,1,516,0.1741
39,2,2,511,0.1105
39,2,3,770,0.0617
39,2,4,12,0.0638
39,2,5,789,0.0724
39,2,6,813,0.0656
39,2,7,171,0.0518
39,2,8,256,0.038
39,2,9,723,0.035
39,2,10,613,0.0207
39,2,11,154,0.0452
39,2,12,334,0.0206
39,2,13,316,0.0171
39,2,14,405,0.0315
39,2,15,727,0.0223
40,2,0,326,0.2284
40,2,1,806,0.147
40,2,2,292,0.0671
40,2,3,18,0.0713
40,2,4,895,0.049
40,2,5,304,0.0567
40,2,6,699,0.0479
40,2,7,136,0.0863
40,2,8,305,0.0441
40,2,9,595,0.0205
40,2,10,293,0.0472
40,2,11,296,0.0306
40,2,12,808,0.0236
40,2,13,389,0.0225
40,2,14,546,0.022
40,2,15,243,0.0356
41,2,0,374,0.249
41,2,1,451,0.135
41,2,2,601,0.1018
41,2,3,602,0.0649
41,2,4,175,0.0513
41,2,5,827,0.0684
41,2,6,443,0.0462
41,2,7,688,0.0439
41,2,8,603,0.022
41,2,9,755,0.035
41,2,10,102,0.0298
41,2,11,448,0.0324
41,2,12,667,0.0316
41,2,13,536,0.0277
41,2,14,312,0.0246
41,2,15,349,0.0365
42,2,0,320,0.0988
42,2,1,282,0.1725
42,2,2,297,0.133
42,2,3,592,0.1332
42,2,4,162,0.0827
42,2,5,303,0.0768
42,2,6,161,0.0444
42,2,7,443,0.0539
42,2,8,534,0.0269
42,2,9,258,0.0227
42,2,10,487,0.0276
42,2,11,429,0.0214
42,2,12,739,0.0275
42,2,13,553,0.0214
42,2,14,261,0.027
42,2,15,472,0.0302
43,2,0,892,0.3609
43,2,1,570,0.1282
43,2,2,737,0.0404
43,2,3,563,0.0757
43,2,4,634,0.0431
43,2,5,24,0.0234
43,2,6,811,0.0298
43,2,7,396,0.0292
43,2,8,333,0.0215
43,2,9,377,0.0334
43,2,10,657,0.0469
43,2,11,408,0.0523
43,2,12,579,0.0422
43,2,13,516,0.0214
43,2,14,451,0.0266
43,2,15,159,0.0249
44,2,0,592,0.275
44,2,1,518,0.1189
44,2,2,235,0.074
44,2,3,206,0.0857
44,2,4,34,0.0461
44,2,5,52,0.0414
44,2,6,101,0.0435
44,2,7,375,0.0626
44,2,8,151,0.0332
44,2,9,135,0.0389
44,2,10,819,0.0269
44,2,11,195,0.0314
44,2,12,482,0.0388
44,2,13,56,0.023
44,2,14,229,0.0362
44,2,15,565,0.0245
45,2,0,345,0.2479
45,2,1,407,0.1805
45,2,2,366,0.1001
45,2,3,170,0.0784
45,2,4,33,0.0675
45,2,5,857,0.0371
45,2,6,817,0.0489
45,2,7,257,0.0571
45,2,8,143,0.0268
45,2,9,703,0.0292
45,2,10,750,0.0275
45,2,11,814,0.0278
45,2,12,594,0.0146
45,2,13,687,0.0197
45,2,14,794,0.0222
45,2,15,185,0.0147
46,2,0,299,0.2441
46,2,1,759,0.1502
46,2,2,224,0.081
46,2,3,633,0.0627
46,2,4,480,0.0736
46,2,5,369,0.0564
46,2,6,121,0.0467
46,2,7,129,0.0419
46,2,8,123,0.0701
46,2,9,524,0.0506
46,2,10,716,0.0221
46,2,11,672,0.0179
46,2,12,725,0.0096
46,2,13,822,0.0463
46,2,14,837,0.0151
46,2,15,110,0.0115
47,2,0,220,0.1899
47,2,1,2,0.1573
47,2,2,411,0.1171
47,2,3,443,0.1134
47,2,4,119,0.073
47,2,5,282,0.0578
47,2,6,741,0.0638
47,2,7,715,0.0501
47,2,8,55,0.0348
47,2,9,520,0.0366
47,2,10,354,0.018
47,2,11,651,0.0315
47,2,12,278,0.0246
47,2,13,403,0.0129
47,2,14,559,0.0104
47,2,15,521,0.0089
48,2,0,371,0.1396
48,2,1,547,0.0838
48,2,2,511,0.065
48,2,3,676,0.0639
48,2,4,865,0.0577
48,2,5,525,0.0645
48,2,6,867,0.055
48,2,7,629,0.0493
48,2,8,882,0.0888
48,2,9,50,0.0584
48,2,10,464,0.0369
48,2,11,205,0.0568
48,2,12,566,0.0381
48,2,13,486,0.0773
48,2,14,296,0.0331
48,2,15,200,0.0318
49,2,0,493,0.1919
49,2,1,235,0.1684
49,2,2,85,0.088
49,2,3,184,0.0554
49,2,4,816,0.0514
49,2,5,58,0.0424
49,2,6,253,0.0353
49,2,7,434,0.0489
49,2,8,800,0.0868
49,2,9,144,0.031
49,2,10,338,0.0521
49,2,11,702,0.0429
49,2,12,182,0.0329
49,2,13,565,0.0248
49,2,14,190,0.0214
49,2,15,647,0.0265
50,2,0,846,0.201
50,2,1,548,0.1253
50,2,2,674,0.0656
50,2,3,578,0.0592
50,2,4,219,0.0668
50,2,5,500,0.0674
50,2,6,712,0.0277
50,2,7,445,0.0584
50,2,8,891,0.0378
50,2,9,403,0.0613
50,2,10,880,0.0434
50,2,11,377,0.0345
50,2,12,564,0.0386
50,2,13,722,0.0489
50,2,14,652,0.0397
50,2,15,805,0.0244
51,2,0,874,0.1266
51,2,1,34,0.1298
51,2,2,197,0.0955
51,2,3,155,0.0745
51,2,4,326,0.0574
51,2,5,14,0.0674
51,2,6,135,0.0725
51,2,7,474,0.0466
51,2,8,51,0.0442
51,2,9,541,0.0531
51,2,10,656,0.0491
51,2,11,846,0.0482
51,2,12,270,0.0473
51,2,13,28,0.0229
51,2,14,236,0.0367
51,2,15,748,0.0281
52,2,0,808,0.221
52,2,1,233,0.1402
52,2,2,787,0.1205
52,2,3,536,0.0952
52,2,4,210,0.0638
52,2,5,241,0.0612
52,2,6,884,0.0585
52,2,7,378,0.036
52,2,8,794,0.0364
52,2,9,289,0.0276
52,2,10,842,0.0223
52,2,11,368,0.0292
52,2,12,756,0.0186
52,2,13,663,0.0245
52,2,14,397,0.031
52,2,15,711,0.0139
53,2,0,761,0.1202
53,2,1,770,0.0741
53,2,2,623,0.0844
53,2,3,616,0.1066
53,2,4,703,0.0646
53,2,5,405,0.0692
53,2,6,475,0.0483
53,2,7,24,0.0446
53,2,8,324,0.0579
53,2,9,789,0.0359
53,2,10,120,0.0513
53,2,11,676,0.0509
53,2,12,825,0.0509
53,2,13,315,0.0621
53,2,14,299,0.0419
53,2,15,696,0.037
54,2,0,499,0.3094
54,2,1,380,0.0844
54,2,2,577,0.0694
54,2,3,428,0.0809
54,2,4,545,0.0645
54,2,5,567,0.0522
54,2,6,90,0.0529
54,2,7,721,0.0342
54,2,8,604,0.0377
54,2,9,127,0.0525
54,2,10,200,0.0223
54,2,11,190,0.0262
54,2,12,778,0.0231
54,2,13,768,0.0409
54,2,14,457,0.0219
54,2,15,272,0.0273
55,2,0,107,0.1776
55,2,1,463,0.1171
55,2,2,342,0.0801
55,2,3,433,0.0634
55,2,4,596,0.084
55,2,5,696,0.0754
55,2,6,51,0.06
55,2,7,62,0.0562
55,2,8,53,0.0497
55,2,9,421,0.0399
55,2,10,209,0.049
55,2,11,806,0.0361
55,2,12,304,0.0351
55,2,13,425,0.0302
55,2,14,826,0.0274
55,2,15,30,0.0189
56,2,0,617,0.2827
56,2,1,578,0.1482
56,2,2,346,0.0717
56,2,3,850,0.042
56,2,4,557,0.0411
56,2,5,635,0.0523
56,2,6,436,0.0488
56,2,7,194,0.0294
56,2,8,754,0.0308
56,2,9,125,0.0369
56,2,10,442,0.0414
56,2,11,113,0.0463
56,2,12,487,0.024
56,2,13,263,0.028
56,2,14,821,0.0339
56,2,15,558,0.0424
57,2,0,768,0.1151
57,2,1,707,0.0574
57,2,2,153,0.0547
57,2,3,283,0.1031
57,2,4,129,0.0447
57,2,5,501,0.0587
57,2,6,138,0.0459
57,2,7,390,0.0616
57,2,8,400,0.0637
57,2,9,748,0.0609
57,2,10,530,0.0856
57,2,11,33,0.0744
57,2,12,657,0.036
57,2,13,750,0.0492
57,2,14,881,0.0545
57,2,15,746,0.0344
58,2,0,414,0.2012
58,2,1,665,0.085
58,2,2,645,0.091
58,2,3,448,0.0692
58,2,4,837,0.0822
58,2,5,621,0.0527
58,2,6,315,0.0574
58,2,7,53,0.0612
58,2,8,458,0.0503
58,2,9,488,0.0428
58,2,10,72,0.0416
58,2,11,742,0.0404
58,2,12,139,0.045
58,2,13,628,0.0217
58,2,14,177,0.0393
58,2,15,334,0.0191
59,2,0,389,0.2173
59,2,1,824,0.1406
59,2,2,144,0.0872
59,2,3,647,0.0637
59,2,4,523,0.0577
59,2,5,69,0.0436
59,2,6,252,0.0448
59,2,7,373,0.0461
59,2,8,347,0.0461
59,2,9,416,0.0343
59,2,10,721,0.0495
59,2,11,396,0.0359
59,2,12,747,0.0319
59,2,13,516,0.0338
59,2,14,764,0.0342
59,2,15,872,0.0332
60,2,0,534,0.1604
60,2,1,10,0.1456
60,2,2,490,0.1443
60,2,3,392,0.1004
60,2,4,75,0.0701
60,2,5,476,0.0693
60,2,6,134,0.0429
60,2,7,0,0.0657
60,2,8,747,0.038
60,2,9,93,0.0203
60,2,10,877,0.0195
60,2,11,652,0.0362
60,2,12,433,0.0175
60,2,13,475,0.0345
60,2,14,212,0.0202
60,2,15,374,0.0152
61,2,0,375,0.2325
61,2,1,808,0.1454
61,2,2,257,0.0761
61,2,3,729,0.0684
61,2,4,189,0.0625
61,2,5,569,0.0459
61,2,6,351,0.0533
61,2,7,373,0.033
61,2,8,611,0.0329
61,2,9,673,0.0316
61,2,10,537,0.079
61,2,11,811,0.0324
61,2,12,598,0.0318
61,2,13,786,0.0261
61,2,14,783,0.0233
61,2,15,187,0.0259
62,2,0,9,0.1828
62,2,1,134,0.1405
62,2,2,351,0.177
62,2,3,287,0.062
62,2,4,479,0.0505
62,2,5,680,0.05
62,2,6,797,0.04
62,2,7,467,0.0366
62,2,8,647,0.0354
62,2,9,834,0.0345
62,2,10,877,0.0459
62,2,11,737,0.0324
62,2,12,803,0.0278
62,2,13,682,0.025
62,2,14,87,0.0303
62,2,15,729,0.0293
63,2,0,293,0.2606
63,2,1,712,0.2272
63,2,2,299,0.0753
63,2,3,74,0.0512
63,2,4,680,0.0379
63,2,5,39,0.0495
63,2,6,459,0.0481
63,2,7,406,0.0301
63,2,8,526,0.0304
63,2,9,324,0.0348
63,2,10,97,0.0232
63,2,11,349,0.0229
63,2,12,154,0.0285
63,2,13,668,0.0372
63,2,14,439,0.0201
63,2,15,661,0.023
64,2,0,690,0.2699
64,2,1,700,0.113
64,2,2,332,0.0904
64,2,3,55,0.0914
64,2,4,237,0.0604
64,2,5,562,0.0541
64,2,6,208,0.0468
64,2,7,313,0.0436
64,2,8,196,0.0426
64,2,9,209,0.0408
64,2,10,505,0.0282
64,2,11,171,0.0273
64,2,12,112,0.0276
64,2,13,114,0.0239
64,2,14,192,0.0193
64,2,15,608,0.0207
65,2,0,50,0.1772
65,2,1,663,0.1186
65,2,2,662,0.0854
65,2,3,405,0.071
65,2,4,273,0.0611
65,2,5,329,0.0606
65,2,6,725,0.0469
65,2,7,406,0.068
65,2,8,330,0.0448
65,2,9,743,0.0408
65,2,10,869,0.0507
65,2,11,336,0.0296
65,2,12,845,0.0298
65,2,13,737,0.0597
65,2,14,777,0.0246
65,2,15,716,0.0311
66,2,0,885,0.1598
66,2,1,219,0.1588
66,2,2,174,0.0878
66,2,3,512,0.1029
66,2,4,247,0.0614
66,2,5,427,0.0497
66,2,6,546,0.0533
66,2,7,785,0.0442
66,2,8,864,0.0396
66,2,9,863,0.0567
66,2,10,842,0.0343
66,2,11,717,0.0304
66,2,12,751,0.0347
66,2,13,316,0.0301
66,2,14,244,0.0296
66,2,15,646,0.0269
67,2,0,311,0.2254
67,2,1,381,0.175
67,2,2,757,0.1858
67,2,3,195,0.0599
67,2,4,668,0.0827
67,2,5,703,0.0453
67,2,6,582,0.0314
67,2,7,857,0.0295
67,2,8,686,0.0265
67,2,9,646,0.0285
67,2,10,159,0.021
67,2,11,203,0.0191
67,2,12,354,0.019
67,2,13,25,0.0163
67,2,14,692,0.0189
67,2,15,571,0.0156
68,2,0,454,0.2659
68,2,1,368,0.1846
68,2,2,719,0.1197
68,2,3,421,0.0718
68,2,4,834,0.0607
68,2,5,601,0.0249
68,2,6,621,0.0315
68,2,7,782,0.0173
68,2,8,792,0.0996
68,2,9,221,0.0182
68,2,10,709,0.019
68,2,11,491,0.0206
68,2,12,529,0.0153
68,2,13,636,0.0174
68,2,14,602,0.0152
68,2,15,840,0.0184
69,2,0,355,0.2494
69,2,1,166,0.0963
69,2,2,519,0.0859
69,2,3,817,0.1631
69,2,4,844,0.0644
69,2,5,451,0.0413
69,2,6,434,0.0446
69,2,7,77,0.0453
69,2,8,338,0.0374
69,2,9,853,0.0305
69,2,10,470,0.0274
69,2,11,862,0.0245
69,2,12,183,0.0227
69,2,13,801,0.0262
69,2,14,393,0.021
69,2,15,38,0.02
70,2,0,298,0.2566
70,2,1,243,0.2608
70,2,2,210,0.0898
70,2,3,294,0.0641
70,2,4,290,0.0514
70,2,5,74,0.0321
70,2,6,136,0.0305
70,2,7,249,0.0275
70,2,8,605,0.0399
70,2,9,756,0.0239
70,2,10,389,0.0244
70,2,11,198,0.0203
70,2,12,150,0.0216
70,2,13,761,0.021
70,2,14,751,0.017
70,2,15,460,0.0191
71,2,0,222,0.3358
71,2,1,834,0.1106
71,2,2,277,0.0572
71,2,3,583,0.0473
71,2,4,154,0.0522
71,2,5,341,0.0537
71,2,6,161,0.0426
71,2,7,201,0.038
71,2,8,178,0.0482
71,2,9,577,0.0342
71,2,10,556,0.0375
71,2,11,746,0.0283
71,2,12,561,0.0308
71,2,13,365,0.0288
71,2,14,725,0.0292
71,2,15,46,0.0257
72,2,0,173,0.2258
72,2,1,331,0.098
72,2,2,782,0.0641
72,2,3,337,0.1163
72,2,4,303,0.0776
72,2,5,416,0.0654
72,2,6,473,0.0532
72,2,7,488,0.0379
72,2,8,603,0.0478
72,2,9,621,0.057
72,2,10,595,0.0277
72,2,11,164,0.0244
72,2,12,246,0.028
72,2,13,810,0.0272
72,2,14,304,0.0249
72,2,15,634,0.0246
73,2,0,249,0.1804
73,2,1,434,0.1335
73,2,2,240,0.1218
73,2,3,800,0.0618
73,2,4,448,0.0809
73,2,5,518,0.0288
73,2,6,450,0.037
73,2,7,389,0.0283
73,2,8,415,0.1458
73,2,9,665,0.019
73,2,10,166,0.0207
73,2,11,672,0.0521
73,2,12,889,0.0278
73,2,13,538,0.0267
73,2,14,187,0.019
73,2,15,308,0.0164
74,2,0,681,0.103
74,2,1,206,0.0965
74,2,2,698,0.0578
74,2,3,4,0.0283
74,2,4,179,0.0287
74,2,5,496,0.4282
74,2,6,731,0.0309
74,2,7,553,0.065
74,2,8,596,0.0216
74,2,9,804,0.0182
74,2,10,20,0.0261
74,2,11,230,0.0313
74,2,12,674,0.0211
74,2,13,845,0.0131
74,2,14,114,0.0124
74,2,15,628,0.0177
75,2,0,191,0.2261
75,2,1,832,0.0847
75,2,2,673,0.0756
75,2,3,120,0.0664
75,2,4,550,0.151
75,2,5,23,0.0435
75,2,6,137,0.0691
75,2,7,823,0.0395
75,2,8,763,0.0364
75,2,9,617,0.0308
75,2,10,284,0.0364
75,2,11,648,0.0252
75,2,12,37,0.0268
75,2,13,692,0.0324
75,2,14,652,0.0244
75,2,15,352,0.0319
76,2,0,765,0.2208
76,2,1,173,0.1429
76,2,2,749,0.0654
76,2,3,426,0.0715
76,2,4,562,0.0491
76,2,5,787,0.0439
76,2,6,763,0.0674
76,2,7,438,0.0344
76,2,8,500,0.0304
76,2,9,523,0.0338
76,2,10,527,0.029
76,2,11,559,0.0329
76,2,12,761,0.0293
76,2,13,376,0.0334
76,2,14,633,0.0896
76,2,15,423,0.0263
77,2,0,579,0.2518
77,2,1,363,0.1301
77,2,2,257,0.1203
77,2,3,308,0.072
77,2,4,452,0.0442
77,2,5,310,0.0272
77,2,6,637,0.045
77,2,7,356,0.0929
77,2,8,195,0.0209
77,2,9,411,0.0268
77,2,10,364,0.015
77,2,11,103,0.0163
77,2,12,400,0.0159
77,2,13,682,0.0166
77,2,14,424,0.0923
77,2,15,183,0.0127
78,2,0,670,0.1885
78,2,1,462,0.2494
78,2,2,172,0.08
78,2,3,594,0.1178
78,2,4,382,0.0425
78,2,5,531,0.0278
78,2,6,824,0.0282
78,2,7,593,0.0242
78,2,8,582,0.0224
78,2,9,428,0.023
78,2,10,316,0.0277
78,2,11,454,0.0819
78,2,12,722,0.0178
78,2,13,809,0.0182
78,2,14,857,0.0332
78,2,15,606,0.0172
79,2,0,851,0.2586
79,2,1,893,0.1498
79,2,2,824,0.1163
79,2,3,302,0.0719
79,2,4,73,0.0428
79,2,5,428,0.0545
79,2,6,243,0.0353
79,2,7,439,0.0272
79,2,8,808,0.0291
79,2,9,837,0.0419
79,2,10,411,0.0303
79,2,11,244,0.03
79,2,12,424,0.0283
79,2,13,235,0.0271
79,2,14,149,0.0297
79,2,15,638,0.0272
80,2,0,148,0.1302
80,2,1,341,0.1664
80,2,2,631,0.1049
80,2,3,329,0.0981
80,2,4,225,0.053
80,2,5,413,0.0405
80,2,6,749,0.0496
80,2,7,98,0.0337
80,2,8,311,0.0396
80,2,9,512,0.0412
80,2,10,160,0.1195
80,2,11,398,0.0231
80,2,12,27,0.0281
80,2,13,729,0.0232
80,2,14,727,0.0272
80,2,15,428,0.0217
81,2,0,171,0.2959
81,2,1,72,0.1039
81,2,2,558,0.123
81,2,3,20,0.0952
81,2,4,754,0.0597
81,2,5,705,0.0253
81,2,6,492,0.0939
81,2,7,100,0.0275
81,2,8,113,0.0212
81,2,9,499,0.015
81,2,10,804,0.0204
81,2,11,13,0.0101
81,2,12,213,0.0629
81,2,13,117,0.0155
81,2,14,145,0.0085
81,2,15,777,0.022
82,2,0,433,0.1289
82,2,1,429,0.1184
82,2,2,857,0.1353
82,2,3,490,0.14
82,2,4,668,0.0691
82,2,5,440,0.0813
82,2,6,293,0.0494
82,2,7,594,0.0327
82,2,8,30,0.0461
82,2,9,443,0.0301
82,2,10,525,0.0276
82,2,11,727,0.0531
82,2,12,61,0.0177
82,2,13,670,0.0246
82,2,14,253,0.0145
82,2,15,174,0.0313
83,2,0,508,0.3266
83,2,1,827,0.0807
83,2,2,404,0.1001
83,2,3,437,0.0787
83,2,4,204,0.0723
83,2,5,648,0.0364
83,2,6,829,0.051
83,2,7,804,0.0622
83,2,8,396,0.0459
83,2,9,544,0.0237
83,2,10,546,0.034
83,2,11,581,0.0275
83,2,12,513,0.013
83,2,13,110,0.0229
83,2,14,823,0.0114
83,2,15,433,0.0136
84,2,0,715,0.1362
84,2,1,343,0.1198
84,2,2,887,0.106
84,2,3,308,0.1019
84,2,4,549,0.1052
84,2,5,273,0.0907
84,2,6,882,0.0488
84,2,7,872,0.0484
84,2,8,296,0.0391
84,2,9,629,0.0375
84,2,10,480,0.0359
84,2,11,583,0.0257
84,2,12,6,0.0279
84,2,13,659,0.0268
84,2,14,28,0.026
84,2,15,573,0.0241
85,2,0,699,0.2214
85,2,1,170,0.1935
85,2,2,866,0.0929
85,2,3,291,0.0802
85,2,4,52,0.0547
85,2,5,438,0.0526
85,2,6,572,0.0433
85,2,7,442,0.0423
85,2,8,408,0.0386
85,2,9,627,0.0373
85,2,10,562,0.0361
85,2,11,148,0.0278
85,2,12,524,0.0208
85,2,13,307,0.0184
85,2,14,773,0.0198
85,2,15,801,0.0202
86,2,0,191,0.185
86,2,1,420,0.1814
86,2,2,495,0.1401
86,2,3,872,0.1366
86,2,4,653,0.0499
86,2,5,98,0.0362
86,2,6,863,0.032
86,2,7,27,0.0324
86,2,8,19,0.0288
86,2,9,616,0.0354
86,2,10,339,0.0316
86,2,11,157,0.0253
86,2,12,453,0.0243
86,2,13,288,0.0214
86,2,14,661,0.0223
86,2,15,601,0.0174
87,2,0,433,0.2346
87,2,1,405,0.1755
87,2,2,414,0.183
87,2,3,492,0.0978
87,2,4,120,0.0695
87,2,5,172,0.0455
87,2,6,101,0.0256
87,2,7,41,0.0421
87,2,8,12,0.0258
87,2,9,692,0.0152
87,2,10,636,0.0254
87,2,11,407,0.0103
87,2,12,848,0.0167
87,2,13,360,0.0095
87,2,14,114,0.016
87,2,15,410,0.0075
88,2,0,550,0.167
88,2,1,255,0.155
88,2,2,277,0.1224
88,2,3,371,0.1221
88,2,4,568,0.049
88,2,5,377,0.0391
88,2,6,521,0.0381
88,2,7,686,0.0543
88,2,8,276,0.0677
88,2,9,381,0.0254
88,2,10,857,0.0235
88,2,11,257,0.0233
88,2,12,456,0.027
88,2,13,236,0.0281
88,2,14,68,0.0407
88,2,15,309,0.0173
89,2,0,832,0.1732
89,2,1,186,0.1173
89,2,2,756,0.0855
89,2,3,888,0.0993
89,2,4,62,0.066
89,2,5,692,0.0446
89,2,6,51,0.0604
89,2,7,777,0.0581
89,2,8,569,0.0347
89,2,9,757,0.042
89,2,10,504,0.0439
89,2,11,624,0.0296
89,2,12,885,0.0225
89,2,13,350,0.0465
89,2,14,31,0.0369
89,2,15,263,0.0394
90,2,0,751,0.2051
90,2,1,502,0.197
90,2,2,482,0.1708
90,2,3,202,0.0555
90,2,4,756,0.0508
90,2,5,459,0.0633
90,2,6,674,0.0455
90,2,7,150,0.0319
90,2,8,302,0.0328
90,2,9,118,0.0344
90,2,10,803,0.0202
90,2,11,333,0.0327
90,2,12,895,0.0221
90,2,13,295,0.0135
90,2,14,569,0.0123
90,2,15,196,0.012
91,2,0,241,0.1493
91,2,1,809,0.1147
91,2,2,112,0.0683
91,2,3,771,0.1008
91,2,4,73,0.0815
91,2,5,843,0.0699
91,2,6,866,0.0649
91,2,7,203,0.0555
91,2,8,705,0.0818
91,2,9,621,0.06
91,2,10,335,0.0242
91,2,11,107,0.0241
91,2,12,570,0.0218
91,2,13,764,0.0249
91,2,14,305,0.0276
91,2,15,770,0.0305
92,2,0,750,0.2146
92,2,1,217,0.1939
92,2,2,325,0.1468
92,2,3,295,0.0842
92,2,4,680,0.0636
92,2,5,420,0.1078
92,2,6,394,0.0475
92,2,7,534,0.0421
92,2,8,94,0.023
92,2,9,169,0.01
92,2,10,185,0.0109
92,2,11,506,0.0053
92,2,12,369,0.0149
92,2,13,886,0.0083
92,2,14,728,0.0157
92,2,15,751,0.0116
