candidate_id,candidate_type,degree,layer,layer_type,rows,sample_index,wall_ms,device_ms,finite_output,production_native_dispatch,timed_checkpoint_reads,timed_materializations,resident_weights,resident_memory_bytes,physical_resident_device_bytes,commodity_worker_memory_bytes,maximum_observed_device_bytes
layer-00:WHOLE_LAYER:p1,WHOLE_LAYER,1,0,DENSE,1,0,3.1368,2.8655359745025635,True,True,0,0,True,2549338530,708837376,10422845440,742391808
layer-00:WHOLE_LAYER:p1,WHOLE_LAYER,1,0,DENSE,1,1,3.1541,2.8653440475463867,True,True,0,0,True,2549338530,708837376,10422845440,742391808
layer-00:WHOLE_LAYER:p1,WHOLE_LAYER,1,0,DENSE,1,2,3.201,2.870784044265747,True,True,0,0,True,2549338530,708837376,10422845440,742391808
layer-00:WHOLE_LAYER:p1,WHOLE_LAYER,1,0,DENSE,1,3,3.2526,2.9011199474334717,True,True,0,0,True,2549338530,708837376,10422845440,742391808
layer-00:WHOLE_LAYER:p1,WHOLE_LAYER,1,0,DENSE,1,4,3.2065,2.8838400840759277,True,True,0,0,True,2549338530,708837376,10422845440,742391808
layer-00:WHOLE_LAYER:p1,WHOLE_LAYER,1,0,DENSE,1,5,3.1748,2.8728959560394287,True,True,0,0,True,2549338530,708837376,10422845440,742391808
layer-00:WHOLE_LAYER:p1,WHOLE_LAYER,1,0,DENSE,1,6,3.1747,2.867583990097046,True,True,0,0,True,2549338530,708837376,10422845440,742391808
layer-00:WHOLE_LAYER:p1,WHOLE_LAYER,1,0,DENSE,1,7,3.1637,2.8744640350341797,True,True,0,0,True,2549338530,708837376,10422845440,742391808
layer-00:WHOLE_LAYER:p1,WHOLE_LAYER,1,0,DENSE,1,8,3.1368,2.8653759956359863,True,True,0,0,True,2549338530,708837376,10422845440,742391808
layer-00:WHOLE_LAYER:p1,WHOLE_LAYER,1,0,DENSE,1,9,3.1281,2.8687679767608643,True,True,0,0,True,2549338530,708837376,10422845440,742391808
layer-00:WHOLE_LAYER:p1,WHOLE_LAYER,1,0,DENSE,1,10,3.1646,2.8732800483703613,True,True,0,0,True,2549338530,708837376,10422845440,742391808
layer-00:WHOLE_LAYER:p1,WHOLE_LAYER,1,0,DENSE,1,11,3.1298,2.869760036468506,True,True,0,0,True,2549338530,708837376,10422845440,742391808
layer-00:WHOLE_LAYER:p1,WHOLE_LAYER,1,0,DENSE,1,12,3.1393,2.8639039993286133,True,True,0,0,True,2549338530,708837376,10422845440,742391808
layer-00:WHOLE_LAYER:p1,WHOLE_LAYER,1,0,DENSE,1,13,3.266,2.9106879234313965,True,True,0,0,True,2549338530,708837376,10422845440,742391808
layer-00:WHOLE_LAYER:p1,WHOLE_LAYER,1,0,DENSE,1,14,3.1669,2.8732800483703613,True,True,0,0,True,2549338530,708837376,10422845440,742391808
layer-00:WHOLE_LAYER:p1,WHOLE_LAYER,1,0,DENSE,1,15,3.1454,2.880064010620117,True,True,0,0,True,2549338530,708837376,10422845440,742391808
layer-00:WHOLE_LAYER:p1,WHOLE_LAYER,1,0,DENSE,1,16,3.154,2.8671998977661133,True,True,0,0,True,2549338530,708837376,10422845440,742391808
layer-00:WHOLE_LAYER:p1,WHOLE_LAYER,1,0,DENSE,1,17,3.1463,2.8680319786071777,True,True,0,0,True,2549338530,708837376,10422845440,742391808
layer-00:WHOLE_LAYER:p1,WHOLE_LAYER,1,0,DENSE,1,18,3.1645,2.89247989654541,True,True,0,0,True,2549338530,708837376,10422845440,742391808
layer-00:WHOLE_LAYER:p1,WHOLE_LAYER,1,0,DENSE,1,19,3.1184,2.866879940032959,True,True,0,0,True,2549338530,708837376,10422845440,742391808
layer-00:WHOLE_LAYER:p1,WHOLE_LAYER,1,0,DENSE,1,20,3.1151,2.8671998977661133,True,True,0,0,True,2549338530,708837376,10422845440,742391808
layer-00:WHOLE_LAYER:p1,WHOLE_LAYER,1,0,DENSE,1,21,3.1237,2.870784044265747,True,True,0,0,True,2549338530,708837376,10422845440,742391808
layer-00:WHOLE_LAYER:p1,WHOLE_LAYER,1,0,DENSE,1,22,3.1064,2.867039918899536,True,True,0,0,True,2549338530,708837376,10422845440,742391808
layer-00:WHOLE_LAYER:p1,WHOLE_LAYER,1,0,DENSE,1,23,3.2116,2.9134719371795654,True,True,0,0,True,2549338530,708837376,10422845440,742391808
layer-00:WHOLE_LAYER:p1,WHOLE_LAYER,1,0,DENSE,1,24,3.1654,2.8796799182891846,True,True,0,0,True,2549338530,708837376,10422845440,742391808
layer-00:WHOLE_LAYER:p1,WHOLE_LAYER,1,0,DENSE,1,25,3.1172,2.8724160194396973,True,True,0,0,True,2549338530,708837376,10422845440,742391808
layer-00:WHOLE_LAYER:p1,WHOLE_LAYER,1,0,DENSE,1,26,3.1861,2.8900160789489746,True,True,0,0,True,2549338530,708837376,10422845440,742391808
layer-00:WHOLE_LAYER:p1,WHOLE_LAYER,1,0,DENSE,1,27,3.1306,2.8699519634246826,True,True,0,0,True,2549338530,708837376,10422845440,742391808
layer-00:WHOLE_LAYER:p1,WHOLE_LAYER,1,0,DENSE,1,28,3.1741,2.8666560649871826,True,True,0,0,True,2549338530,708837376,10422845440,742391808
layer-00:WHOLE_LAYER:p1,WHOLE_LAYER,1,0,DENSE,1,29,3.1446,2.8712639808654785,True,True,0,0,True,2549338530,708837376,10422845440,742391808
layer-00:WHOLE_LAYER:p1,WHOLE_LAYER,1,0,DENSE,1,30,3.1077,2.8639678955078125,True,True,0,0,True,2549338530,708837376,10422845440,742391808
layer-00:WHOLE_LAYER:p1,WHOLE_LAYER,1,0,DENSE,1,31,3.1003,2.865407943725586,True,True,0,0,True,2549338530,708837376,10422845440,742391808
layer-00:WHOLE_LAYER:p1,WHOLE_LAYER,1,0,DENSE,1,32,3.1133,2.8648641109466553,True,True,0,0,True,2549338530,708837376,10422845440,742391808
layer-00:WHOLE_LAYER:p1,WHOLE_LAYER,1,0,DENSE,1,33,3.1849,2.8896000385284424,True,True,0,0,True,2549338530,708837376,10422845440,742391808
layer-00:WHOLE_LAYER:p1,WHOLE_LAYER,1,0,DENSE,1,34,3.1526,2.8747520446777344,True,True,0,0,True,2549338530,708837376,10422845440,742391808
layer-00:WHOLE_LAYER:p1,WHOLE_LAYER,1,0,DENSE,1,35,3.14,2.8684160709381104,True,True,0,0,True,2549338530,708837376,10422845440,742391808
layer-00:WHOLE_LAYER:p1,WHOLE_LAYER,1,0,DENSE,1,36,3.1315,2.8643839359283447,True,True,0,0,True,2549338530,708837376,10422845440,742391808
layer-00:WHOLE_LAYER:p1,WHOLE_LAYER,1,0,DENSE,1,37,3.1252,2.8709120750427246,True,True,0,0,True,2549338530,708837376,10422845440,742391808
layer-00:WHOLE_LAYER:p1,WHOLE_LAYER,1,0,DENSE,1,38,3.1131,2.871999979019165,True,True,0,0,True,2549338530,708837376,10422845440,742391808
layer-00:WHOLE_LAYER:p1,WHOLE_LAYER,1,0,DENSE,1,39,3.1203,2.871392011642456,True,True,0,0,True,2549338530,708837376,10422845440,742391808
layer-00:WHOLE_LAYER:p1,WHOLE_LAYER,1,0,DENSE,1,40,3.1176,2.871999979019165,True,True,0,0,True,2549338530,708837376,10422845440,742391808
layer-00:WHOLE_LAYER:p1,WHOLE_LAYER,1,0,DENSE,1,41,3.097,2.8644800186157227,True,True,0,0,True,2549338530,708837376,10422845440,742391808
layer-00:WHOLE_LAYER:p1,WHOLE_LAYER,1,0,DENSE,1,42,3.1096,2.863487958908081,True,True,0,0,True,2549338530,708837376,10422845440,742391808
layer-00:WHOLE_LAYER:p1,WHOLE_LAYER,1,0,DENSE,1,43,3.1593,2.886751890182495,True,True,0,0,True,2549338530,708837376,10422845440,742391808
layer-00:WHOLE_LAYER:p1,WHOLE_LAYER,1,0,DENSE,1,44,3.1208,2.8752639293670654,True,True,0,0,True,2549338530,708837376,10422845440,742391808
layer-00:WHOLE_LAYER:p1,WHOLE_LAYER,1,0,DENSE,1,45,3.1182,2.8661439418792725,True,True,0,0,True,2549338530,708837376,10422845440,742391808
layer-00:WHOLE_LAYER:p1,WHOLE_LAYER,1,0,DENSE,1,46,3.1014,2.8683199882507324,True,True,0,0,True,2549338530,708837376,10422845440,742391808
layer-00:WHOLE_LAYER:p1,WHOLE_LAYER,1,0,DENSE,1,47,3.1002,2.8687679767608643,True,True,0,0,True,2549338530,708837376,10422845440,742391808
layer-00:WHOLE_LAYER:p1,WHOLE_LAYER,1,0,DENSE,1,48,3.1442,2.874336004257202,True,True,0,0,True,2549338530,708837376,10422845440,742391808
layer-00:WHOLE_LAYER:p1,WHOLE_LAYER,1,0,DENSE,1,49,3.1142,2.8701119422912598,True,True,0,0,True,2549338530,708837376,10422845440,742391808
layer-00:WHOLE_LAYER:p1,WHOLE_LAYER,1,0,DENSE,1,50,3.1105,2.866111993789673,True,True,0,0,True,2549338530,708837376,10422845440,742391808
layer-00:WHOLE_LAYER:p1,WHOLE_LAYER,1,0,DENSE,1,51,3.1153,2.8675520420074463,True,True,0,0,True,2549338530,708837376,10422845440,742391808
layer-00:WHOLE_LAYER:p1,WHOLE_LAYER,1,0,DENSE,1,52,3.0955,2.864896059036255,True,True,0,0,True,2549338530,708837376,10422845440,742391808
layer-00:WHOLE_LAYER:p1,WHOLE_LAYER,1,0,DENSE,1,53,3.3454,3.035520076751709,True,True,0,0,True,2549338530,708837376,10422845440,742391808
layer-00:WHOLE_LAYER:p1,WHOLE_LAYER,1,0,DENSE,1,54,3.1639,2.887808084487915,True,True,0,0,True,2549338530,708837376,10422845440,742391808
layer-00:WHOLE_LAYER:p1,WHOLE_LAYER,1,0,DENSE,1,55,3.111,2.8692479133605957,True,True,0,0,True,2549338530,708837376,10422845440,742391808
layer-00:WHOLE_LAYER:p1,WHOLE_LAYER,1,0,DENSE,1,56,3.1321,2.8643200397491455,True,True,0,0,True,2549338530,708837376,10422845440,742391808
layer-00:WHOLE_LAYER:p1,WHOLE_LAYER,1,0,DENSE,1,57,3.1095,2.865056037902832,True,True,0,0,True,2549338530,708837376,10422845440,742391808
layer-00:WHOLE_LAYER:p1,WHOLE_LAYER,1,0,DENSE,1,58,3.1321,2.87225604057312,True,True,0,0,True,2549338530,708837376,10422845440,742391808
layer-00:WHOLE_LAYER:p1,WHOLE_LAYER,1,0,DENSE,1,59,3.1247,2.865920066833496,True,True,0,0,True,2549338530,708837376,10422845440,742391808
layer-00:WHOLE_LAYER:p1,WHOLE_LAYER,1,0,DENSE,1,60,3.0963,2.8668160438537598,True,True,0,0,True,2549338530,708837376,10422845440,742391808
layer-00:WHOLE_LAYER:p1,WHOLE_LAYER,1,0,DENSE,1,61,3.1101,2.8660800457000732,True,True,0,0,True,2549338530,708837376,10422845440,742391808
layer-00:WHOLE_LAYER:p1,WHOLE_LAYER,1,0,DENSE,1,62,3.0973,2.8647360801696777,True,True,0,0,True,2549338530,708837376,10422845440,742391808
layer-00:WHOLE_LAYER:p1,WHOLE_LAYER,1,0,DENSE,1,63,3.3209,3.0246400833129883,True,True,0,0,True,2549338530,708837376,10422845440,742391808
layer-00:WHOLE_LAYER:p1,WHOLE_LAYER,1,0,DENSE,1,64,3.1511,2.876255989074707,True,True,0,0,True,2549338530,708837376,10422845440,742391808
layer-00:WHOLE_LAYER:p1,WHOLE_LAYER,1,0,DENSE,1,65,3.1491,2.8715200424194336,True,True,0,0,True,2549338530,708837376,10422845440,742391808
layer-00:WHOLE_LAYER:p1,WHOLE_LAYER,1,0,DENSE,1,66,3.1248,2.879103899002075,True,True,0,0,True,2549338530,708837376,10422845440,742391808
layer-00:WHOLE_LAYER:p1,WHOLE_LAYER,1,0,DENSE,1,67,3.1154,2.865151882171631,True,True,0,0,True,2549338530,708837376,10422845440,742391808
layer-00:WHOLE_LAYER:p1,WHOLE_LAYER,1,0,DENSE,1,68,3.1072,2.867840051651001,True,True,0,0,True,2549338530,708837376,10422845440,742391808
layer-00:WHOLE_LAYER:p1,WHOLE_LAYER,1,0,DENSE,1,69,3.11,2.863327980041504,True,True,0,0,True,2549338530,708837376,10422845440,742391808
layer-00:WHOLE_LAYER:p1,WHOLE_LAYER,1,0,DENSE,1,70,3.1086,2.8703360557556152,True,True,0,0,True,2549338530,708837376,10422845440,742391808
layer-00:WHOLE_LAYER:p1,WHOLE_LAYER,1,0,DENSE,1,71,3.1228,2.861920118331909,True,True,0,0,True,2549338530,708837376,10422845440,742391808
layer-00:WHOLE_LAYER:p1,WHOLE_LAYER,1,0,DENSE,1,72,3.1571,2.8651840686798096,True,True,0,0,True,2549338530,708837376,10422845440,742391808
layer-00:WHOLE_LAYER:p1,WHOLE_LAYER,1,0,DENSE,1,73,3.2027,2.897792100906372,True,True,0,0,True,2549338530,708837376,10422845440,742391808
layer-00:WHOLE_LAYER:p1,WHOLE_LAYER,1,0,DENSE,1,74,3.1485,2.8714239597320557,True,True,0,0,True,2549338530,708837376,10422845440,742391808
layer-00:WHOLE_LAYER:p1,WHOLE_LAYER,1,0,DENSE,1,75,3.1198,2.875231981277466,True,True,0,0,True,2549338530,708837376,10422845440,742391808
layer-00:WHOLE_LAYER:p1,WHOLE_LAYER,1,0,DENSE,1,76,3.1171,2.8719680309295654,True,True,0,0,True,2549338530,708837376,10422845440,742391808
layer-00:WHOLE_LAYER:p1,WHOLE_LAYER,1,0,DENSE,1,77,3.1054,2.873055934906006,True,True,0,0,True,2549338530,708837376,10422845440,742391808
layer-00:WHOLE_LAYER:p1,WHOLE_LAYER,1,0,DENSE,1,78,3.1066,2.868000030517578,True,True,0,0,True,2549338530,708837376,10422845440,742391808
layer-00:WHOLE_LAYER:p1,WHOLE_LAYER,1,0,DENSE,1,79,3.1123,2.870975971221924,True,True,0,0,True,2549338530,708837376,10422845440,742391808
layer-00:WHOLE_LAYER:p1,WHOLE_LAYER,1,0,DENSE,1,80,3.1007,2.8639678955078125,True,True,0,0,True,2549338530,708837376,10422845440,742391808
layer-00:WHOLE_LAYER:p1,WHOLE_LAYER,1,0,DENSE,1,81,3.12,2.865312099456787,True,True,0,0,True,2549338530,708837376,10422845440,742391808
layer-00:WHOLE_LAYER:p1,WHOLE_LAYER,1,0,DENSE,1,82,3.2083,2.8868799209594727,True,True,0,0,True,2549338530,708837376,10422845440,742391808
layer-00:WHOLE_LAYER:p1,WHOLE_LAYER,1,0,DENSE,1,83,3.1858,2.8859200477600098,True,True,0,0,True,2549338530,708837376,10422845440,742391808
layer-00:WHOLE_LAYER:p1,WHOLE_LAYER,1,0,DENSE,1,84,3.1463,2.8801920413970947,True,True,0,0,True,2549338530,708837376,10422845440,742391808
layer-00:WHOLE_LAYER:p1,WHOLE_LAYER,1,0,DENSE,1,85,3.1087,2.8714559078216553,True,True,0,0,True,2549338530,708837376,10422845440,742391808
layer-00:WHOLE_LAYER:p1,WHOLE_LAYER,1,0,DENSE,1,86,3.1239,2.869760036468506,True,True,0,0,True,2549338530,708837376,10422845440,742391808
layer-00:WHOLE_LAYER:p1,WHOLE_LAYER,1,0,DENSE,1,87,3.1831,2.870368003845215,True,True,0,0,True,2549338530,708837376,10422845440,742391808
layer-00:WHOLE_LAYER:p1,WHOLE_LAYER,1,0,DENSE,1,88,3.1604,2.8778879642486572,True,True,0,0,True,2549338530,708837376,10422845440,742391808
layer-00:WHOLE_LAYER:p1,WHOLE_LAYER,1,0,DENSE,1,89,3.133,2.865920066833496,True,True,0,0,True,2549338530,708837376,10422845440,742391808
layer-00:WHOLE_LAYER:p1,WHOLE_LAYER,1,0,DENSE,1,90,3.0994,2.8635199069976807,True,True,0,0,True,2549338530,708837376,10422845440,742391808
layer-00:WHOLE_LAYER:p1,WHOLE_LAYER,1,0,DENSE,1,91,3.114,2.869663953781128,True,True,0,0,True,2549338530,708837376,10422845440,742391808
layer-00:WHOLE_LAYER:p1,WHOLE_LAYER,1,0,DENSE,1,92,3.3147,2.9903359413146973,True,True,0,0,True,2549338530,708837376,10422845440,742391808
layer-00:WHOLE_LAYER:p1,WHOLE_LAYER,1,0,DENSE,1,93,3.206,2.8914239406585693,True,True,0,0,True,2549338530,708837376,10422845440,742391808
layer-00:WHOLE_LAYER:p1,WHOLE_LAYER,1,0,DENSE,1,94,3.1817,2.8701438903808594,True,True,0,0,True,2549338530,708837376,10422845440,742391808
layer-00:WHOLE_LAYER:p1,WHOLE_LAYER,1,0,DENSE,1,95,3.1479,2.8701119422912598,True,True,0,0,True,2549338530,708837376,10422845440,742391808
layer-00:WHOLE_LAYER:p1,WHOLE_LAYER,1,0,DENSE,1,96,3.1098,2.8710079193115234,True,True,0,0,True,2549338530,708837376,10422845440,742391808
layer-00:WHOLE_LAYER:p1,WHOLE_LAYER,1,0,DENSE,1,97,3.203,2.879103899002075,True,True,0,0,True,2549338530,708837376,10422845440,742391808
layer-00:WHOLE_LAYER:p1,WHOLE_LAYER,1,0,DENSE,1,98,3.1891,2.8902719020843506,True,True,0,0,True,2549338530,708837376,10422845440,742391808
layer-00:WHOLE_LAYER:p1,WHOLE_LAYER,1,0,DENSE,1,99,3.148,2.874880075454712,True,True,0,0,True,2549338530,708837376,10422845440,742391808
layer-00:WHOLE_LAYER:p1,WHOLE_LAYER,1,0,DENSE,1,100,3.1534,2.8717761039733887,True,True,0,0,True,2549338530,708837376,10422845440,742391808
layer-00:WHOLE_LAYER:p1,WHOLE_LAYER,1,0,DENSE,1,101,3.148,2.8668160438537598,True,True,0,0,True,2549338530,708837376,10422845440,742391808
layer-00:WHOLE_LAYER:p1,WHOLE_LAYER,1,0,DENSE,1,102,3.2472,2.8921918869018555,True,True,0,0,True,2549338530,708837376,10422845440,742391808
layer-00:WHOLE_LAYER:p1,WHOLE_LAYER,1,0,DENSE,1,103,3.159,2.8716800212860107,True,True,0,0,True,2549338530,708837376,10422845440,742391808
layer-00:WHOLE_LAYER:p1,WHOLE_LAYER,1,0,DENSE,1,104,3.2126,2.9060800075531006,True,True,0,0,True,2549338530,708837376,10422845440,742391808
layer-00:WHOLE_LAYER:p1,WHOLE_LAYER,1,0,DENSE,1,105,3.1599,2.874176025390625,True,True,0,0,True,2549338530,708837376,10422845440,742391808
layer-00:WHOLE_LAYER:p1,WHOLE_LAYER,1,0,DENSE,1,106,3.1119,2.8707199096679688,True,True,0,0,True,2549338530,708837376,10422845440,742391808
layer-00:WHOLE_LAYER:p1,WHOLE_LAYER,1,0,DENSE,1,107,3.1837,2.8877758979797363,True,True,0,0,True,2549338530,708837376,10422845440,742391808
layer-00:WHOLE_LAYER:p1,WHOLE_LAYER,1,0,DENSE,1,108,3.227,2.879551887512207,True,True,0,0,True,2549338530,708837376,10422845440,742391808
layer-00:WHOLE_LAYER:p1,WHOLE_LAYER,1,0,DENSE,1,109,3.117,2.869472026824951,True,True,0,0,True,2549338530,708837376,10422845440,742391808
layer-00:WHOLE_LAYER:p1,WHOLE_LAYER,1,0,DENSE,1,110,3.1702,2.8698880672454834,True,True,0,0,True,2549338530,708837376,10422845440,742391808
layer-00:WHOLE_LAYER:p1,WHOLE_LAYER,1,0,DENSE,1,111,3.1061,2.863840103149414,True,True,0,0,True,2549338530,708837376,10422845440,742391808
layer-00:WHOLE_LAYER:p1,WHOLE_LAYER,1,0,DENSE,1,112,3.2036,2.880863904953003,True,True,0,0,True,2549338530,708837376,10422845440,742391808
layer-00:WHOLE_LAYER:p1,WHOLE_LAYER,1,0,DENSE,1,113,3.1858,2.888223886489868,True,True,0,0,True,2549338530,708837376,10422845440,742391808
layer-00:WHOLE_LAYER:p1,WHOLE_LAYER,1,0,DENSE,1,114,3.1582,2.8738560676574707,True,True,0,0,True,2549338530,708837376,10422845440,742391808
layer-00:WHOLE_LAYER:p1,WHOLE_LAYER,1,0,DENSE,1,115,3.1708,2.873215913772583,True,True,0,0,True,2549338530,708837376,10422845440,742391808
layer-00:WHOLE_LAYER:p1,WHOLE_LAYER,1,0,DENSE,1,116,3.1876,2.8724160194396973,True,True,0,0,True,2549338530,708837376,10422845440,742391808
layer-00:WHOLE_LAYER:p1,WHOLE_LAYER,1,0,DENSE,1,117,3.1312,2.8664960861206055,True,True,0,0,True,2549338530,708837376,10422845440,742391808
layer-00:WHOLE_LAYER:p1,WHOLE_LAYER,1,0,DENSE,1,118,3.1628,2.869119882583618,True,True,0,0,True,2549338530,708837376,10422845440,742391808
layer-00:WHOLE_LAYER:p1,WHOLE_LAYER,1,0,DENSE,1,119,3.0956,2.8670079708099365,True,True,0,0,True,2549338530,708837376,10422845440,742391808
layer-00:WHOLE_LAYER:p1,WHOLE_LAYER,1,0,DENSE,1,120,3.1153,2.8675200939178467,True,True,0,0,True,2549338530,708837376,10422845440,742391808
layer-00:WHOLE_LAYER:p1,WHOLE_LAYER,1,0,DENSE,1,121,3.1142,2.8687679767608643,True,True,0,0,True,2549338530,708837376,10422845440,742391808
layer-00:WHOLE_LAYER:p1,WHOLE_LAYER,1,0,DENSE,1,122,3.1779,2.8893439769744873,True,True,0,0,True,2549338530,708837376,10422845440,742391808
layer-00:WHOLE_LAYER:p1,WHOLE_LAYER,1,0,DENSE,1,123,3.1475,2.8836801052093506,True,True,0,0,True,2549338530,708837376,10422845440,742391808
layer-00:WHOLE_LAYER:p1,WHOLE_LAYER,1,0,DENSE,1,124,3.1185,2.867487907409668,True,True,0,0,True,2549338530,708837376,10422845440,742391808
layer-00:WHOLE_LAYER:p1,WHOLE_LAYER,1,0,DENSE,1,125,3.1012,2.8677120208740234,True,True,0,0,True,2549338530,708837376,10422845440,742391808
layer-00:WHOLE_LAYER:p1,WHOLE_LAYER,1,0,DENSE,1,126,3.1146,2.8691840171813965,True,True,0,0,True,2549338530,708837376,10422845440,742391808
layer-00:WHOLE_LAYER:p1,WHOLE_LAYER,1,0,DENSE,1,127,3.1462,2.8730239868164062,True,True,0,0,True,2549338530,708837376,10422845440,742391808
layer-00:WHOLE_LAYER:p1,WHOLE_LAYER,1,0,DENSE,1,128,3.1228,2.871328115463257,True,True,0,0,True,2549338530,708837376,10422845440,742391808
layer-00:WHOLE_LAYER:p1,WHOLE_LAYER,1,0,DENSE,1,129,3.1183,2.868256092071533,True,True,0,0,True,2549338530,708837376,10422845440,742391808
layer-00:WHOLE_LAYER:p1,WHOLE_LAYER,1,0,DENSE,1,130,3.1291,2.87062406539917,True,True,0,0,True,2549338530,708837376,10422845440,742391808
layer-00:WHOLE_LAYER:p1,WHOLE_LAYER,1,0,DENSE,1,131,3.108,2.8666560649871826,True,True,0,0,True,2549338530,708837376,10422845440,742391808
layer-00:WHOLE_LAYER:p1,WHOLE_LAYER,1,0,DENSE,1,132,3.1332,2.868351936340332,True,True,0,0,True,2549338530,708837376,10422845440,742391808
layer-00:WHOLE_LAYER:p1,WHOLE_LAYER,1,0,DENSE,1,133,3.1342,2.8754560947418213,True,True,0,0,True,2549338530,708837376,10422845440,742391808
layer-00:WHOLE_LAYER:p1,WHOLE_LAYER,1,0,DENSE,1,134,3.1035,2.86297607421875,True,True,0,0,True,2549338530,708837376,10422845440,742391808
layer-00:WHOLE_LAYER:p1,WHOLE_LAYER,1,0,DENSE,1,135,3.124,2.8790080547332764,True,True,0,0,True,2549338530,708837376,10422845440,742391808
layer-00:WHOLE_LAYER:p1,WHOLE_LAYER,1,0,DENSE,1,136,3.1126,2.8781120777130127,True,True,0,0,True,2549338530,708837376,10422845440,742391808
layer-00:WHOLE_LAYER:p1,WHOLE_LAYER,1,0,DENSE,1,137,3.1141,2.877824068069458,True,True,0,0,True,2549338530,708837376,10422845440,742391808
layer-00:WHOLE_LAYER:p1,WHOLE_LAYER,1,0,DENSE,1,138,3.1166,2.8781120777130127,True,True,0,0,True,2549338530,708837376,10422845440,742391808
layer-00:WHOLE_LAYER:p1,WHOLE_LAYER,1,0,DENSE,1,139,3.1087,2.874336004257202,True,True,0,0,True,2549338530,708837376,10422845440,742391808
layer-00:WHOLE_LAYER:p1,WHOLE_LAYER,1,0,DENSE,1,140,3.1306,2.8808960914611816,True,True,0,0,True,2549338530,708837376,10422845440,742391808
layer-00:WHOLE_LAYER:p1,WHOLE_LAYER,1,0,DENSE,1,141,3.1449,2.8971519470214844,True,True,0,0,True,2549338530,708837376,10422845440,742391808
layer-00:WHOLE_LAYER:p1,WHOLE_LAYER,1,0,DENSE,1,142,3.1071,2.879136085510254,True,True,0,0,True,2549338530,708837376,10422845440,742391808
layer-00:WHOLE_LAYER:p1,WHOLE_LAYER,1,0,DENSE,1,143,3.1841,2.9042561054229736,True,True,0,0,True,2549338530,708837376,10422845440,742391808
layer-00:WHOLE_LAYER:p1,WHOLE_LAYER,1,0,DENSE,1,144,3.1558,2.883552074432373,True,True,0,0,True,2549338530,708837376,10422845440,742391808
layer-00:WHOLE_LAYER:p1,WHOLE_LAYER,1,0,DENSE,1,145,3.1128,2.8781440258026123,True,True,0,0,True,2549338530,708837376,10422845440,742391808
layer-00:WHOLE_LAYER:p1,WHOLE_LAYER,1,0,DENSE,1,146,3.1208,2.8768320083618164,True,True,0,0,True,2549338530,708837376,10422845440,742391808
layer-00:WHOLE_LAYER:p1,WHOLE_LAYER,1,0,DENSE,1,147,3.1449,2.8869760036468506,True,True,0,0,True,2549338530,708837376,10422845440,742391808
layer-00:WHOLE_LAYER:p1,WHOLE_LAYER,1,0,DENSE,1,148,3.1245,2.8826560974121094,True,True,0,0,True,2549338530,708837376,10422845440,742391808
layer-00:WHOLE_LAYER:p1,WHOLE_LAYER,1,0,DENSE,1,149,3.1249,2.8779520988464355,True,True,0,0,True,2549338530,708837376,10422845440,742391808
layer-00:WHOLE_LAYER:p1,WHOLE_LAYER,1,0,DENSE,1,150,3.1158,2.8799679279327393,True,True,0,0,True,2549338530,708837376,10422845440,742391808
layer-00:WHOLE_LAYER:p1,WHOLE_LAYER,1,0,DENSE,1,151,3.1024,2.8751039505004883,True,True,0,0,True,2549338530,708837376,10422845440,742391808
layer-00:WHOLE_LAYER:p1,WHOLE_LAYER,1,0,DENSE,1,152,3.1714,2.8979198932647705,True,True,0,0,True,2549338530,708837376,10422845440,742391808
layer-00:WHOLE_LAYER:p1,WHOLE_LAYER,1,0,DENSE,1,153,3.1276,2.8844799995422363,True,True,0,0,True,2549338530,708837376,10422845440,742391808
layer-00:WHOLE_LAYER:p1,WHOLE_LAYER,1,0,DENSE,1,154,3.1139,2.8766400814056396,True,True,0,0,True,2549338530,708837376,10422845440,742391808
layer-00:WHOLE_LAYER:p1,WHOLE_LAYER,1,0,DENSE,1,155,3.1207,2.879040002822876,True,True,0,0,True,2549338530,708837376,10422845440,742391808
layer-00:WHOLE_LAYER:p1,WHOLE_LAYER,1,0,DENSE,1,156,3.111,2.8805758953094482,True,True,0,0,True,2549338530,708837376,10422845440,742391808
layer-00:WHOLE_LAYER:p1,WHOLE_LAYER,1,0,DENSE,1,157,3.1383,2.876255989074707,True,True,0,0,True,2549338530,708837376,10422845440,742391808
layer-00:WHOLE_LAYER:p1,WHOLE_LAYER,1,0,DENSE,1,158,3.1274,2.88102388381958,True,True,0,0,True,2549338530,708837376,10422845440,742391808
layer-00:WHOLE_LAYER:p1,WHOLE_LAYER,1,0,DENSE,1,159,3.137,2.879647970199585,True,True,0,0,True,2549338530,708837376,10422845440,742391808
layer-00:WHOLE_LAYER:p1,WHOLE_LAYER,1,0,DENSE,1,160,3.1208,2.8811519145965576,True,True,0,0,True,2549338530,708837376,10422845440,742391808
layer-00:WHOLE_LAYER:p1,WHOLE_LAYER,1,0,DENSE,1,161,3.1033,2.873728036880493,True,True,0,0,True,2549338530,708837376,10422845440,742391808
layer-00:WHOLE_LAYER:p1,WHOLE_LAYER,1,0,DENSE,1,162,3.183,2.88972806930542,True,True,0,0,True,2549338530,708837376,10422845440,742391808
layer-00:WHOLE_LAYER:p1,WHOLE_LAYER,1,0,DENSE,1,163,3.1625,2.8868799209594727,True,True,0,0,True,2549338530,708837376,10422845440,742391808
layer-00:WHOLE_LAYER:p1,WHOLE_LAYER,1,0,DENSE,1,164,3.1315,2.8846399784088135,True,True,0,0,True,2549338530,708837376,10422845440,742391808
layer-00:WHOLE_LAYER:p1,WHOLE_LAYER,1,0,DENSE,1,165,3.1309,2.876800060272217,True,True,0,0,True,2549338530,708837376,10422845440,742391808
layer-00:WHOLE_LAYER:p1,WHOLE_LAYER,1,0,DENSE,1,166,3.1258,2.8803200721740723,True,True,0,0,True,2549338530,708837376,10422845440,742391808
layer-00:WHOLE_LAYER:p1,WHOLE_LAYER,1,0,DENSE,1,167,3.104,2.8805758953094482,True,True,0,0,True,2549338530,708837376,10422845440,742391808
layer-00:WHOLE_LAYER:p1,WHOLE_LAYER,1,0,DENSE,1,168,3.2109,2.9112958908081055,True,True,0,0,True,2549338530,708837376,10422845440,742391808
layer-00:WHOLE_LAYER:p1,WHOLE_LAYER,1,0,DENSE,1,169,3.1481,2.8834879398345947,True,True,0,0,True,2549338530,708837376,10422845440,742391808
layer-00:WHOLE_LAYER:p1,WHOLE_LAYER,1,0,DENSE,1,170,3.1376,2.8873279094696045,True,True,0,0,True,2549338530,708837376,10422845440,742391808
layer-00:WHOLE_LAYER:p1,WHOLE_LAYER,1,0,DENSE,1,171,3.1234,2.8765439987182617,True,True,0,0,True,2549338530,708837376,10422845440,742391808
layer-00:WHOLE_LAYER:p1,WHOLE_LAYER,1,0,DENSE,1,172,3.104,2.877311944961548,True,True,0,0,True,2549338530,708837376,10422845440,742391808
layer-00:WHOLE_LAYER:p1,WHOLE_LAYER,1,0,DENSE,1,173,3.2016,2.8978240489959717,True,True,0,0,True,2549338530,708837376,10422845440,742391808
layer-00:WHOLE_LAYER:p1,WHOLE_LAYER,1,0,DENSE,1,174,3.1196,2.8809919357299805,True,True,0,0,True,2549338530,708837376,10422845440,742391808
layer-00:WHOLE_LAYER:p1,WHOLE_LAYER,1,0,DENSE,1,175,3.0978,2.8760321140289307,True,True,0,0,True,2549338530,708837376,10422845440,742391808
layer-00:WHOLE_LAYER:p1,WHOLE_LAYER,1,0,DENSE,1,176,3.1082,2.874336004257202,True,True,0,0,True,2549338530,708837376,10422845440,742391808
layer-00:WHOLE_LAYER:p1,WHOLE_LAYER,1,0,DENSE,1,177,3.101,2.87772798538208,True,True,0,0,True,2549338530,708837376,10422845440,742391808
layer-00:WHOLE_LAYER:p1,WHOLE_LAYER,1,0,DENSE,1,178,3.3048,2.922559976577759,True,True,0,0,True,2549338530,708837376,10422845440,742391808
layer-00:WHOLE_LAYER:p1,WHOLE_LAYER,1,0,DENSE,1,179,3.1869,2.9031999111175537,True,True,0,0,True,2549338530,708837376,10422845440,742391808
layer-00:WHOLE_LAYER:p1,WHOLE_LAYER,1,0,DENSE,1,180,3.1419,2.882944107055664,True,True,0,0,True,2549338530,708837376,10422845440,742391808
layer-00:WHOLE_LAYER:p1,WHOLE_LAYER,1,0,DENSE,1,181,3.1331,2.8913919925689697,True,True,0,0,True,2549338530,708837376,10422845440,742391808
layer-00:WHOLE_LAYER:p1,WHOLE_LAYER,1,0,DENSE,1,182,3.1869,2.9184958934783936,True,True,0,0,True,2549338530,708837376,10422845440,742391808
layer-00:WHOLE_LAYER:p1,WHOLE_LAYER,1,0,DENSE,1,183,3.13,2.8835840225219727,True,True,0,0,True,2549338530,708837376,10422845440,742391808
layer-00:WHOLE_LAYER:p1,WHOLE_LAYER,1,0,DENSE,1,184,3.1326,2.8825600147247314,True,True,0,0,True,2549338530,708837376,10422845440,742391808
layer-00:WHOLE_LAYER:p1,WHOLE_LAYER,1,0,DENSE,1,185,3.1324,2.8795199394226074,True,True,0,0,True,2549338530,708837376,10422845440,742391808
layer-00:WHOLE_LAYER:p1,WHOLE_LAYER,1,0,DENSE,1,186,3.1269,2.880255937576294,True,True,0,0,True,2549338530,708837376,10422845440,742391808
layer-00:WHOLE_LAYER:p1,WHOLE_LAYER,1,0,DENSE,1,187,3.1222,2.8828160762786865,True,True,0,0,True,2549338530,708837376,10422845440,742391808
layer-00:WHOLE_LAYER:p1,WHOLE_LAYER,1,0,DENSE,1,188,3.1659,2.886847972869873,True,True,0,0,True,2549338530,708837376,10422845440,742391808
layer-00:WHOLE_LAYER:p1,WHOLE_LAYER,1,0,DENSE,1,189,3.1321,2.882240056991577,True,True,0,0,True,2549338530,708837376,10422845440,742391808
layer-00:WHOLE_LAYER:p1,WHOLE_LAYER,1,0,DENSE,1,190,3.1178,2.881887912750244,True,True,0,0,True,2549338530,708837376,10422845440,742391808
layer-00:WHOLE_LAYER:p1,WHOLE_LAYER,1,0,DENSE,1,191,3.1266,2.882688045501709,True,True,0,0,True,2549338530,708837376,10422845440,742391808
layer-00:WHOLE_LAYER:p1,WHOLE_LAYER,1,0,DENSE,1,192,3.1957,2.899807929992676,True,True,0,0,True,2549338530,708837376,10422845440,742391808
layer-00:WHOLE_LAYER:p1,WHOLE_LAYER,1,0,DENSE,1,193,3.1686,2.8857920169830322,True,True,0,0,True,2549338530,708837376,10422845440,742391808
layer-00:WHOLE_LAYER:p1,WHOLE_LAYER,1,0,DENSE,1,194,3.1268,2.8754239082336426,True,True,0,0,True,2549338530,708837376,10422845440,742391808
layer-00:WHOLE_LAYER:p1,WHOLE_LAYER,1,0,DENSE,1,195,3.1333,2.876415967941284,True,True,0,0,True,2549338530,708837376,10422845440,742391808
layer-00:WHOLE_LAYER:p1,WHOLE_LAYER,1,0,DENSE,1,196,3.1198,2.878335952758789,True,True,0,0,True,2549338530,708837376,10422845440,742391808
layer-00:WHOLE_LAYER:p1,WHOLE_LAYER,1,0,DENSE,1,197,3.1438,2.8783040046691895,True,True,0,0,True,2549338530,708837376,10422845440,742391808
layer-00:WHOLE_LAYER:p1,WHOLE_LAYER,1,0,DENSE,1,198,3.1237,2.8803839683532715,True,True,0,0,True,2549338530,708837376,10422845440,742391808
layer-00:WHOLE_LAYER:p1,WHOLE_LAYER,1,0,DENSE,1,199,3.1227,2.877120018005371,True,True,0,0,True,2549338530,708837376,10422845440,742391808
layer-00:WHOLE_LAYER:p1,WHOLE_LAYER,1,0,DENSE,2,0,6.2392,5.765120029449463,True,True,0,0,True,2549338530,708837376,10422845440,742391808
layer-00:WHOLE_LAYER:p1,WHOLE_LAYER,1,0,DENSE,2,1,6.3204,5.779295921325684,True,True,0,0,True,2549338530,708837376,10422845440,742391808
layer-00:WHOLE_LAYER:p1,WHOLE_LAYER,1,0,DENSE,2,2,6.3579,5.772639989852905,True,True,0,0,True,2549338530,708837376,10422845440,742391808
layer-00:WHOLE_LAYER:p1,WHOLE_LAYER,1,0,DENSE,2,3,6.2691,5.771167993545532,True,True,0,0,True,2549338530,708837376,10422845440,742391808
layer-00:WHOLE_LAYER:p1,WHOLE_LAYER,1,0,DENSE,2,4,6.2684,5.761312007904053,True,True,0,0,True,2549338530,708837376,10422845440,742391808
layer-00:WHOLE_LAYER:p1,WHOLE_LAYER,1,0,DENSE,2,5,6.2712,5.752671957015991,True,True,0,0,True,2549338530,708837376,10422845440,742391808
layer-00:WHOLE_LAYER:p1,WHOLE_LAYER,1,0,DENSE,2,6,6.3406,5.781631946563721,True,True,0,0,True,2549338530,708837376,10422845440,742391808
layer-00:WHOLE_LAYER:p1,WHOLE_LAYER,1,0,DENSE,2,7,6.2757,5.768863916397095,True,True,0,0,True,2549338530,708837376,10422845440,742391808
layer-00:WHOLE_LAYER:p1,WHOLE_LAYER,1,0,DENSE,2,8,6.2169,5.753151893615723,True,True,0,0,True,2549338530,708837376,10422845440,742391808
layer-00:WHOLE_LAYER:p1,WHOLE_LAYER,1,0,DENSE,2,9,6.295,5.765183925628662,True,True,0,0,True,2549338530,708837376,10422845440,742391808
layer-00:WHOLE_LAYER:p1,WHOLE_LAYER,1,0,DENSE,2,10,6.2276,5.749247789382935,True,True,0,0,True,2549338530,708837376,10422845440,742391808
layer-00:WHOLE_LAYER:p1,WHOLE_LAYER,1,0,DENSE,2,11,6.2349,5.760224103927612,True,True,0,0,True,2549338530,708837376,10422845440,742391808
layer-00:WHOLE_LAYER:p1,WHOLE_LAYER,1,0,DENSE,2,12,6.2204,5.753920078277588,True,True,0,0,True,2549338530,708837376,10422845440,742391808
layer-00:WHOLE_LAYER:p1,WHOLE_LAYER,1,0,DENSE,2,13,6.2115,5.750079870223999,True,True,0,0,True,2549338530,708837376,10422845440,742391808
layer-00:WHOLE_LAYER:p1,WHOLE_LAYER,1,0,DENSE,2,14,6.2426,5.751487970352173,True,True,0,0,True,2549338530,708837376,10422845440,742391808
layer-00:WHOLE_LAYER:p1,WHOLE_LAYER,1,0,DENSE,2,15,6.2367,5.756160020828247,True,True,0,0,True,2549338530,708837376,10422845440,742391808
layer-00:WHOLE_LAYER:p1,WHOLE_LAYER,1,0,DENSE,2,16,6.2156,5.750976085662842,True,True,0,0,True,2549338530,708837376,10422845440,742391808
layer-00:WHOLE_LAYER:p1,WHOLE_LAYER,1,0,DENSE,2,17,6.2379,5.758304119110107,True,True,0,0,True,2549338530,708837376,10422845440,742391808
layer-00:WHOLE_LAYER:p1,WHOLE_LAYER,1,0,DENSE,2,18,6.21,5.751296043395996,True,True,0,0,True,2549338530,708837376,10422845440,742391808
layer-00:WHOLE_LAYER:p1,WHOLE_LAYER,1,0,DENSE,2,19,6.2827,5.7730560302734375,True,True,0,0,True,2549338530,708837376,10422845440,742391808
layer-00:WHOLE_LAYER:p1,WHOLE_LAYER,1,0,DENSE,2,20,6.2312,5.754719972610474,True,True,0,0,True,2549338530,708837376,10422845440,742391808
layer-00:WHOLE_LAYER:p1,WHOLE_LAYER,1,0,DENSE,2,21,6.2229,5.756256103515625,True,True,0,0,True,2549338530,708837376,10422845440,742391808
layer-00:WHOLE_LAYER:p1,WHOLE_LAYER,1,0,DENSE,2,22,6.2284,5.750079870223999,True,True,0,0,True,2549338530,708837376,10422845440,742391808
layer-00:WHOLE_LAYER:p1,WHOLE_LAYER,1,0,DENSE,2,23,6.2115,5.752928018569946,True,True,0,0,True,2549338530,708837376,10422845440,742391808
layer-00:WHOLE_LAYER:p1,WHOLE_LAYER,1,0,DENSE,2,24,6.2644,5.761759996414185,True,True,0,0,True,2549338530,708837376,10422845440,742391808
layer-00:WHOLE_LAYER:p1,WHOLE_LAYER,1,0,DENSE,2,25,6.5287,5.758271932601929,True,True,0,0,True,2549338530,708837376,10422845440,742391808
layer-00:WHOLE_LAYER:p1,WHOLE_LAYER,1,0,DENSE,2,26,6.3298,5.7813122272491455,True,True,0,0,True,2549338530,708837376,10422845440,742391808
layer-00:WHOLE_LAYER:p1,WHOLE_LAYER,1,0,DENSE,2,27,6.3509,5.79257607460022,True,True,0,0,True,2549338530,708837376,10422845440,742391808
layer-00:WHOLE_LAYER:p1,WHOLE_LAYER,1,0,DENSE,2,28,6.3162,5.775935888290405,True,True,0,0,True,2549338530,708837376,10422845440,742391808
layer-00:WHOLE_LAYER:p1,WHOLE_LAYER,1,0,DENSE,2,29,6.3412,5.786144018173218,True,True,0,0,True,2549338530,708837376,10422845440,742391808
layer-00:WHOLE_LAYER:p1,WHOLE_LAYER,1,0,DENSE,2,30,6.2927,5.760704040527344,True,True,0,0,True,2549338530,708837376,10422845440,742391808
layer-00:WHOLE_LAYER:p1,WHOLE_LAYER,1,0,DENSE,2,31,6.3893,5.795135974884033,True,True,0,0,True,2549338530,708837376,10422845440,742391808
layer-00:WHOLE_LAYER:p1,WHOLE_LAYER,1,0,DENSE,2,32,6.317,5.775552034378052,True,True,0,0,True,2549338530,708837376,10422845440,742391808
layer-00:WHOLE_LAYER:p1,WHOLE_LAYER,1,0,DENSE,2,33,6.3233,5.7947838306427,True,True,0,0,True,2549338530,708837376,10422845440,742391808
layer-00:WHOLE_LAYER:p1,WHOLE_LAYER,1,0,DENSE,2,34,6.4097,5.803744077682495,True,True,0,0,True,2549338530,708837376,10422845440,742391808
layer-00:WHOLE_LAYER:p1,WHOLE_LAYER,1,0,DENSE,2,35,6.2965,5.761855840682983,True,True,0,0,True,2549338530,708837376,10422845440,742391808
layer-00:WHOLE_LAYER:p1,WHOLE_LAYER,1,0,DENSE,2,36,6.2995,5.772608041763306,True,True,0,0,True,2549338530,708837376,10422845440,742391808
layer-00:WHOLE_LAYER:p1,WHOLE_LAYER,1,0,DENSE,2,37,6.2665,5.760703802108765,True,True,0,0,True,2549338530,708837376,10422845440,742391808
layer-00:WHOLE_LAYER:p1,WHOLE_LAYER,1,0,DENSE,2,38,6.2585,5.758336067199707,True,True,0,0,True,2549338530,708837376,10422845440,742391808
layer-00:WHOLE_LAYER:p1,WHOLE_LAYER,1,0,DENSE,2,39,6.4,5.79200005531311,True,True,0,0,True,2549338530,708837376,10422845440,742391808
layer-00:WHOLE_LAYER:p1,WHOLE_LAYER,1,0,DENSE,2,40,6.2847,5.757344007492065,True,True,0,0,True,2549338530,708837376,10422845440,742391808
layer-00:WHOLE_LAYER:p1,WHOLE_LAYER,1,0,DENSE,2,41,6.3492,5.780319929122925,True,True,0,0,True,2549338530,708837376,10422845440,742391808
layer-00:WHOLE_LAYER:p1,WHOLE_LAYER,1,0,DENSE,2,42,6.2993,5.743200063705444,True,True,0,0,True,2549338530,708837376,10422845440,742391808
layer-00:WHOLE_LAYER:p1,WHOLE_LAYER,1,0,DENSE,2,43,6.3142,5.743391990661621,True,True,0,0,True,2549338530,708837376,10422845440,742391808
layer-00:WHOLE_LAYER:p1,WHOLE_LAYER,1,0,DENSE,2,44,6.7057,5.77836799621582,True,True,0,0,True,2549338530,708837376,10422845440,742391808
layer-00:WHOLE_LAYER:p1,WHOLE_LAYER,1,0,DENSE,2,45,6.5447,5.838943958282471,True,True,0,0,True,2549338530,708837376,10422845440,742391808
layer-00:WHOLE_LAYER:p1,WHOLE_LAYER,1,0,DENSE,2,46,6.4375,5.814144134521484,True,True,0,0,True,2549338530,708837376,10422845440,742391808
layer-00:WHOLE_LAYER:p1,WHOLE_LAYER,1,0,DENSE,2,47,6.3805,5.766752004623413,True,True,0,0,True,2549338530,708837376,10422845440,742391808
layer-00:WHOLE_LAYER:p1,WHOLE_LAYER,1,0,DENSE,2,48,6.2995,5.760704040527344,True,True,0,0,True,2549338530,708837376,10422845440,742391808
layer-00:WHOLE_LAYER:p1,WHOLE_LAYER,1,0,DENSE,2,49,6.4589,5.808704137802124,True,True,0,0,True,2549338530,708837376,10422845440,742391808
layer-00:WHOLE_LAYER:p1,WHOLE_LAYER,1,0,DENSE,2,50,6.3209,5.7618560791015625,True,True,0,0,True,2549338530,708837376,10422845440,742391808
layer-00:WHOLE_LAYER:p1,WHOLE_LAYER,1,0,DENSE,2,51,6.676,5.781759977340698,True,True,0,0,True,2549338530,708837376,10422845440,742391808
layer-00:WHOLE_LAYER:p1,WHOLE_LAYER,1,0,DENSE,2,52,6.3536,5.762751817703247,True,True,0,0,True,2549338530,708837376,10422845440,742391808
layer-00:WHOLE_LAYER:p1,WHOLE_LAYER,1,0,DENSE,2,53,6.6941,6.108736038208008,True,True,0,0,True,2549338530,708837376,10422845440,742391808
layer-00:WHOLE_LAYER:p1,WHOLE_LAYER,1,0,DENSE,2,54,6.4212,5.7702720165252686,True,True,0,0,True,2549338530,708837376,10422845440,742391808
layer-00:WHOLE_LAYER:p1,WHOLE_LAYER,1,0,DENSE,2,55,6.362,5.756863832473755,True,True,0,0,True,2549338530,708837376,10422845440,742391808
layer-00:WHOLE_LAYER:p1,WHOLE_LAYER,1,0,DENSE,2,56,6.2996,5.775552034378052,True,True,0,0,True,2549338530,708837376,10422845440,742391808
layer-00:WHOLE_LAYER:p1,WHOLE_LAYER,1,0,DENSE,2,57,6.2785,5.762079954147339,True,True,0,0,True,2549338530,708837376,10422845440,742391808
layer-00:WHOLE_LAYER:p1,WHOLE_LAYER,1,0,DENSE,2,58,6.3194,5.76524806022644,True,True,0,0,True,2549338530,708837376,10422845440,742391808
layer-00:WHOLE_LAYER:p1,WHOLE_LAYER,1,0,DENSE,2,59,6.2677,5.762720108032227,True,True,0,0,True,2549338530,708837376,10422845440,742391808
layer-00:WHOLE_LAYER:p1,WHOLE_LAYER,1,0,DENSE,2,60,6.2322,5.753664016723633,True,True,0,0,True,2549338530,708837376,10422845440,742391808
layer-00:WHOLE_LAYER:p1,WHOLE_LAYER,1,0,DENSE,2,61,6.3639,5.784640073776245,True,True,0,0,True,2549338530,708837376,10422845440,742391808
layer-00:WHOLE_LAYER:p1,WHOLE_LAYER,1,0,DENSE,2,62,6.2529,5.755264043807983,True,True,0,0,True,2549338530,708837376,10422845440,742391808
layer-00:WHOLE_LAYER:p1,WHOLE_LAYER,1,0,DENSE,2,63,6.314,5.77510404586792,True,True,0,0,True,2549338530,708837376,10422845440,742391808
layer-00:WHOLE_LAYER:p1,WHOLE_LAYER,1,0,DENSE,2,64,6.2996,5.773631811141968,True,True,0,0,True,2549338530,708837376,10422845440,742391808
layer-00:WHOLE_LAYER:p1,WHOLE_LAYER,1,0,DENSE,2,65,6.237,5.7465598583221436,True,True,0,0,True,2549338530,708837376,10422845440,742391808
layer-00:WHOLE_LAYER:p1,WHOLE_LAYER,1,0,DENSE,2,66,6.2997,5.773760080337524,True,True,0,0,True,2549338530,708837376,10422845440,742391808
layer-00:WHOLE_LAYER:p1,WHOLE_LAYER,1,0,DENSE,2,67,6.232,5.7545599937438965,True,True,0,0,True,2549338530,708837376,10422845440,742391808
layer-00:WHOLE_LAYER:p1,WHOLE_LAYER,1,0,DENSE,2,68,6.5214,5.80022406578064,True,True,0,0,True,2549338530,708837376,10422845440,742391808
layer-00:WHOLE_LAYER:p1,WHOLE_LAYER,1,0,DENSE,2,69,6.3606,5.785984039306641,True,True,0,0,True,2549338530,708837376,10422845440,742391808
layer-00:WHOLE_LAYER:p1,WHOLE_LAYER,1,0,DENSE,2,70,6.2621,5.7567360401153564,True,True,0,0,True,2549338530,708837376,10422845440,742391808
layer-00:WHOLE_LAYER:p1,WHOLE_LAYER,1,0,DENSE,2,71,6.2578,5.762912034988403,True,True,0,0,True,2549338530,708837376,10422845440,742391808
layer-00:WHOLE_LAYER:p1,WHOLE_LAYER,1,0,DENSE,2,72,6.2566,5.768095970153809,True,True,0,0,True,2549338530,708837376,10422845440,742391808
layer-00:WHOLE_LAYER:p1,WHOLE_LAYER,1,0,DENSE,2,73,6.2602,5.758303880691528,True,True,0,0,True,2549338530,708837376,10422845440,742391808
layer-00:WHOLE_LAYER:p1,WHOLE_LAYER,1,0,DENSE,2,74,6.2494,5.760224103927612,True,True,0,0,True,2549338530,708837376,10422845440,742391808
layer-00:WHOLE_LAYER:p1,WHOLE_LAYER,1,0,DENSE,2,75,6.2269,5.764096021652222,True,True,0,0,True,2549338530,708837376,10422845440,742391808
layer-00:WHOLE_LAYER:p1,WHOLE_LAYER,1,0,DENSE,2,76,6.3119,5.790751934051514,True,True,0,0,True,2549338530,708837376,10422845440,742391808
layer-00:WHOLE_LAYER:p1,WHOLE_LAYER,1,0,DENSE,2,77,6.2508,5.7600321769714355,True,True,0,0,True,2549338530,708837376,10422845440,742391808
layer-00:WHOLE_LAYER:p1,WHOLE_LAYER,1,0,DENSE,2,78,6.3489,5.796288013458252,True,True,0,0,True,2549338530,708837376,10422845440,742391808
layer-00:WHOLE_LAYER:p1,WHOLE_LAYER,1,0,DENSE,2,79,6.2806,5.774304151535034,True,True,0,0,True,2549338530,708837376,10422845440,742391808
layer-00:WHOLE_LAYER:p1,WHOLE_LAYER,1,0,DENSE,2,80,6.2331,5.7557761669158936,True,True,0,0,True,2549338530,708837376,10422845440,742391808
layer-00:WHOLE_LAYER:p1,WHOLE_LAYER,1,0,DENSE,2,81,6.287,5.769216060638428,True,True,0,0,True,2549338530,708837376,10422845440,742391808
layer-00:WHOLE_LAYER:p1,WHOLE_LAYER,1,0,DENSE,2,82,6.221,5.755264043807983,True,True,0,0,True,2549338530,708837376,10422845440,742391808
layer-00:WHOLE_LAYER:p1,WHOLE_LAYER,1,0,DENSE,2,83,6.2489,5.755328178405762,True,True,0,0,True,2549338530,708837376,10422845440,742391808
layer-00:WHOLE_LAYER:p1,WHOLE_LAYER,1,0,DENSE,2,84,6.2647,5.769343852996826,True,True,0,0,True,2549338530,708837376,10422845440,742391808
layer-00:WHOLE_LAYER:p1,WHOLE_LAYER,1,0,DENSE,2,85,6.2592,5.768448114395142,True,True,0,0,True,2549338530,708837376,10422845440,742391808
layer-00:WHOLE_LAYER:p1,WHOLE_LAYER,1,0,DENSE,2,86,6.2584,5.753791809082031,True,True,0,0,True,2549338530,708837376,10422845440,742391808
layer-00:WHOLE_LAYER:p1,WHOLE_LAYER,1,0,DENSE,2,87,6.2431,5.753183841705322,True,True,0,0,True,2549338530,708837376,10422845440,742391808
layer-00:WHOLE_LAYER:p1,WHOLE_LAYER,1,0,DENSE,2,88,6.2538,5.768480062484741,True,True,0,0,True,2549338530,708837376,10422845440,742391808
layer-00:WHOLE_LAYER:p1,WHOLE_LAYER,1,0,DENSE,2,89,6.2361,5.765951871871948,True,True,0,0,True,2549338530,708837376,10422845440,742391808
layer-00:WHOLE_LAYER:p1,WHOLE_LAYER,1,0,DENSE,2,90,6.2376,5.757695913314819,True,True,0,0,True,2549338530,708837376,10422845440,742391808
layer-00:WHOLE_LAYER:p1,WHOLE_LAYER,1,0,DENSE,2,91,6.2638,5.768224000930786,True,True,0,0,True,2549338530,708837376,10422845440,742391808
layer-00:WHOLE_LAYER:p1,WHOLE_LAYER,1,0,DENSE,2,92,6.2207,5.756927967071533,True,True,0,0,True,2549338530,708837376,10422845440,742391808
layer-00:WHOLE_LAYER:p1,WHOLE_LAYER,1,0,DENSE,2,93,6.2045,5.749664068222046,True,True,0,0,True,2549338530,708837376,10422845440,742391808
layer-00:WHOLE_LAYER:p1,WHOLE_LAYER,1,0,DENSE,2,94,6.2221,5.7539520263671875,True,True,0,0,True,2549338530,708837376,10422845440,742391808
layer-00:WHOLE_LAYER:p1,WHOLE_LAYER,1,0,DENSE,2,95,6.2558,5.774143934249878,True,True,0,0,True,2549338530,708837376,10422845440,742391808
layer-00:WHOLE_LAYER:p1,WHOLE_LAYER,1,0,DENSE,2,96,6.3249,5.798112154006958,True,True,0,0,True,2549338530,708837376,10422845440,742391808
layer-00:WHOLE_LAYER:p1,WHOLE_LAYER,1,0,DENSE,2,97,6.2161,5.750848054885864,True,True,0,0,True,2549338530,708837376,10422845440,742391808
layer-00:WHOLE_LAYER:p1,WHOLE_LAYER,1,0,DENSE,2,98,6.2799,5.761216163635254,True,True,0,0,True,2549338530,708837376,10422845440,742391808
layer-00:WHOLE_LAYER:p1,WHOLE_LAYER,1,0,DENSE,2,99,6.2594,5.757760047912598,True,True,0,0,True,2549338530,708837376,10422845440,742391808
layer-00:WHOLE_LAYER:p1,WHOLE_LAYER,1,0,DENSE,2,100,6.2433,5.757152080535889,True,True,0,0,True,2549338530,708837376,10422845440,742391808
layer-00:WHOLE_LAYER:p1,WHOLE_LAYER,1,0,DENSE,2,101,6.2237,5.75711989402771,True,True,0,0,True,2549338530,708837376,10422845440,742391808
layer-00:WHOLE_LAYER:p1,WHOLE_LAYER,1,0,DENSE,2,102,6.221,5.753152132034302,True,True,0,0,True,2549338530,708837376,10422845440,742391808
layer-00:WHOLE_LAYER:p1,WHOLE_LAYER,1,0,DENSE,2,103,6.2392,5.75491189956665,True,True,0,0,True,2549338530,708837376,10422845440,742391808
layer-00:WHOLE_LAYER:p1,WHOLE_LAYER,1,0,DENSE,2,104,6.2081,5.751712083816528,True,True,0,0,True,2549338530,708837376,10422845440,742391808
layer-00:WHOLE_LAYER:p1,WHOLE_LAYER,1,0,DENSE,2,105,6.2464,5.78438401222229,True,True,0,0,True,2549338530,708837376,10422845440,742391808
layer-00:WHOLE_LAYER:p1,WHOLE_LAYER,1,0,DENSE,2,106,6.2374,5.762432098388672,True,True,0,0,True,2549338530,708837376,10422845440,742391808
layer-00:WHOLE_LAYER:p1,WHOLE_LAYER,1,0,DENSE,2,107,6.2353,5.760191917419434,True,True,0,0,True,2549338530,708837376,10422845440,742391808
layer-00:WHOLE_LAYER:p1,WHOLE_LAYER,1,0,DENSE,2,108,6.2303,5.757375955581665,True,True,0,0,True,2549338530,708837376,10422845440,742391808
layer-00:WHOLE_LAYER:p1,WHOLE_LAYER,1,0,DENSE,2,109,6.2017,5.7478721141815186,True,True,0,0,True,2549338530,708837376,10422845440,742391808
layer-00:WHOLE_LAYER:p1,WHOLE_LAYER,1,0,DENSE,2,110,6.3023,5.768352031707764,True,True,0,0,True,2549338530,708837376,10422845440,742391808
layer-00:WHOLE_LAYER:p1,WHOLE_LAYER,1,0,DENSE,2,111,6.2917,5.765408039093018,True,True,0,0,True,2549338530,708837376,10422845440,742391808
layer-00:WHOLE_LAYER:p1,WHOLE_LAYER,1,0,DENSE,2,112,6.2321,5.763007879257202,True,True,0,0,True,2549338530,708837376,10422845440,742391808
layer-00:WHOLE_LAYER:p1,WHOLE_LAYER,1,0,DENSE,2,113,6.3888,5.807679891586304,True,True,0,0,True,2549338530,708837376,10422845440,742391808
layer-00:WHOLE_LAYER:p1,WHOLE_LAYER,1,0,DENSE,2,114,6.2388,5.761791944503784,True,True,0,0,True,2549338530,708837376,10422845440,742391808
layer-00:WHOLE_LAYER:p1,WHOLE_LAYER,1,0,DENSE,2,115,6.3357,5.783616065979004,True,True,0,0,True,2549338530,708837376,10422845440,742391808
layer-00:WHOLE_LAYER:p1,WHOLE_LAYER,1,0,DENSE,2,116,6.2785,5.763200044631958,True,True,0,0,True,2549338530,708837376,10422845440,742391808
layer-00:WHOLE_LAYER:p1,WHOLE_LAYER,1,0,DENSE,2,117,6.287,5.790784120559692,True,True,0,0,True,2549338530,708837376,10422845440,742391808
layer-00:WHOLE_LAYER:p1,WHOLE_LAYER,1,0,DENSE,2,118,6.266,5.75600004196167,True,True,0,0,True,2549338530,708837376,10422845440,742391808
layer-00:WHOLE_LAYER:p1,WHOLE_LAYER,1,0,DENSE,2,119,6.255,5.75379204750061,True,True,0,0,True,2549338530,708837376,10422845440,742391808
layer-00:WHOLE_LAYER:p1,WHOLE_LAYER,1,0,DENSE,2,120,6.2864,5.768640041351318,True,True,0,0,True,2549338530,708837376,10422845440,742391808
layer-00:WHOLE_LAYER:p1,WHOLE_LAYER,1,0,DENSE,2,121,6.2599,5.765408039093018,True,True,0,0,True,2549338530,708837376,10422845440,742391808
layer-00:WHOLE_LAYER:p1,WHOLE_LAYER,1,0,DENSE,2,122,6.2281,5.760512113571167,True,True,0,0,True,2549338530,708837376,10422845440,742391808
layer-00:WHOLE_LAYER:p1,WHOLE_LAYER,1,0,DENSE,2,123,6.3088,5.780192136764526,True,True,0,0,True,2549338530,708837376,10422845440,742391808
layer-00:WHOLE_LAYER:p1,WHOLE_LAYER,1,0,DENSE,2,124,6.2549,5.761631965637207,True,True,0,0,True,2549338530,708837376,10422845440,742391808
layer-00:WHOLE_LAYER:p1,WHOLE_LAYER,1,0,DENSE,2,125,6.2346,5.75379204750061,True,True,0,0,True,2549338530,708837376,10422845440,742391808
layer-00:WHOLE_LAYER:p1,WHOLE_LAYER,1,0,DENSE,2,126,6.2183,5.753184080123901,True,True,0,0,True,2549338530,708837376,10422845440,742391808
layer-00:WHOLE_LAYER:p1,WHOLE_LAYER,1,0,DENSE,2,127,6.2106,5.75651216506958,True,True,0,0,True,2549338530,708837376,10422845440,742391808
layer-00:WHOLE_LAYER:p1,WHOLE_LAYER,1,0,DENSE,2,128,6.2599,5.762431859970093,True,True,0,0,True,2549338530,708837376,10422845440,742391808
layer-00:WHOLE_LAYER:p1,WHOLE_LAYER,1,0,DENSE,2,129,6.2502,5.756671905517578,True,True,0,0,True,2549338530,708837376,10422845440,742391808
layer-00:WHOLE_LAYER:p1,WHOLE_LAYER,1,0,DENSE,2,130,6.3452,5.763456106185913,True,True,0,0,True,2549338530,708837376,10422845440,742391808
layer-00:WHOLE_LAYER:p1,WHOLE_LAYER,1,0,DENSE,2,131,6.2634,5.757312059402466,True,True,0,0,True,2549338530,708837376,10422845440,742391808
layer-00:WHOLE_LAYER:p1,WHOLE_LAYER,1,0,DENSE,2,132,6.2343,5.7550718784332275,True,True,0,0,True,2549338530,708837376,10422845440,742391808
layer-00:WHOLE_LAYER:p1,WHOLE_LAYER,1,0,DENSE,2,133,6.314,5.777152061462402,True,True,0,0,True,2549338530,708837376,10422845440,742391808
layer-00:WHOLE_LAYER:p1,WHOLE_LAYER,1,0,DENSE,2,134,6.2283,5.753184080123901,True,True,0,0,True,2549338530,708837376,10422845440,742391808
layer-00:WHOLE_LAYER:p1,WHOLE_LAYER,1,0,DENSE,2,135,6.2372,5.760416030883789,True,True,0,0,True,2549338530,708837376,10422845440,742391808
layer-00:WHOLE_LAYER:p1,WHOLE_LAYER,1,0,DENSE,2,136,6.2249,5.753184080123901,True,True,0,0,True,2549338530,708837376,10422845440,742391808
layer-00:WHOLE_LAYER:p1,WHOLE_LAYER,1,0,DENSE,2,137,6.2137,5.746784210205078,True,True,0,0,True,2549338530,708837376,10422845440,742391808
layer-00:WHOLE_LAYER:p1,WHOLE_LAYER,1,0,DENSE,2,138,6.2472,5.754688024520874,True,True,0,0,True,2549338530,708837376,10422845440,742391808
layer-00:WHOLE_LAYER:p1,WHOLE_LAYER,1,0,DENSE,2,139,6.2076,5.749376058578491,True,True,0,0,True,2549338530,708837376,10422845440,742391808
layer-00:WHOLE_LAYER:p1,WHOLE_LAYER,1,0,DENSE,2,140,6.2621,5.7518720626831055,True,True,0,0,True,2549338530,708837376,10422845440,742391808
layer-00:WHOLE_LAYER:p1,WHOLE_LAYER,1,0,DENSE,2,141,6.3936,5.784640073776245,True,True,0,0,True,2549338530,708837376,10422845440,742391808
layer-00:WHOLE_LAYER:p1,WHOLE_LAYER,1,0,DENSE,2,142,6.3193,5.78441596031189,True,True,0,0,True,2549338530,708837376,10422845440,742391808
layer-00:WHOLE_LAYER:p1,WHOLE_LAYER,1,0,DENSE,2,143,6.3359,5.797823905944824,True,True,0,0,True,2549338530,708837376,10422845440,742391808
layer-00:WHOLE_LAYER:p1,WHOLE_LAYER,1,0,DENSE,2,144,6.2878,5.757696151733398,True,True,0,0,True,2549338530,708837376,10422845440,742391808
layer-00:WHOLE_LAYER:p1,WHOLE_LAYER,1,0,DENSE,2,145,6.2354,5.754879951477051,True,True,0,0,True,2549338530,708837376,10422845440,742391808
layer-00:WHOLE_LAYER:p1,WHOLE_LAYER,1,0,DENSE,2,146,6.2488,5.75049614906311,True,True,0,0,True,2549338530,708837376,10422845440,742391808
layer-00:WHOLE_LAYER:p1,WHOLE_LAYER,1,0,DENSE,2,147,6.2238,5.7567360401153564,True,True,0,0,True,2549338530,708837376,10422845440,742391808
layer-00:WHOLE_LAYER:p1,WHOLE_LAYER,1,0,DENSE,2,148,6.3351,5.794048070907593,True,True,0,0,True,2549338530,708837376,10422845440,742391808
layer-00:WHOLE_LAYER:p1,WHOLE_LAYER,1,0,DENSE,2,149,6.3154,5.769439935684204,True,True,0,0,True,2549338530,708837376,10422845440,742391808
layer-00:WHOLE_LAYER:p1,WHOLE_LAYER,1,0,DENSE,2,150,6.3252,5.754784107208252,True,True,0,0,True,2549338530,708837376,10422845440,742391808
layer-00:WHOLE_LAYER:p1,WHOLE_LAYER,1,0,DENSE,2,151,6.5209,5.799551963806152,True,True,0,0,True,2549338530,708837376,10422845440,742391808
layer-00:WHOLE_LAYER:p1,WHOLE_LAYER,1,0,DENSE,2,152,6.3786,5.7521278858184814,True,True,0,0,True,2549338530,708837376,10422845440,742391808
layer-00:WHOLE_LAYER:p1,WHOLE_LAYER,1,0,DENSE,2,153,6.4504,5.761343955993652,True,True,0,0,True,2549338530,708837376,10422845440,742391808
layer-00:WHOLE_LAYER:p1,WHOLE_LAYER,1,0,DENSE,2,154,6.2917,5.7488319873809814,True,True,0,0,True,2549338530,708837376,10422845440,742391808
layer-00:WHOLE_LAYER:p1,WHOLE_LAYER,1,0,DENSE,2,155,6.2731,5.754400014877319,True,True,0,0,True,2549338530,708837376,10422845440,742391808
layer-00:WHOLE_LAYER:p1,WHOLE_LAYER,1,0,DENSE,2,156,6.2955,5.755136013031006,True,True,0,0,True,2549338530,708837376,10422845440,742391808
layer-00:WHOLE_LAYER:p1,WHOLE_LAYER,1,0,DENSE,2,157,6.2466,5.753504037857056,True,True,0,0,True,2549338530,708837376,10422845440,742391808
layer-00:WHOLE_LAYER:p1,WHOLE_LAYER,1,0,DENSE,2,158,6.3477,5.779072046279907,True,True,0,0,True,2549338530,708837376,10422845440,742391808
layer-00:WHOLE_LAYER:p1,WHOLE_LAYER,1,0,DENSE,2,159,6.2409,5.759328126907349,True,True,0,0,True,2549338530,708837376,10422845440,742391808
layer-00:WHOLE_LAYER:p1,WHOLE_LAYER,1,0,DENSE,2,160,6.2661,5.757472038269043,True,True,0,0,True,2549338530,708837376,10422845440,742391808
layer-00:WHOLE_LAYER:p1,WHOLE_LAYER,1,0,DENSE,2,161,6.2874,5.7794880867004395,True,True,0,0,True,2549338530,708837376,10422845440,742391808
layer-00:WHOLE_LAYER:p1,WHOLE_LAYER,1,0,DENSE,2,162,6.2341,5.753695964813232,True,True,0,0,True,2549338530,708837376,10422845440,742391808
layer-00:WHOLE_LAYER:p1,WHOLE_LAYER,1,0,DENSE,2,163,6.2359,5.751584053039551,True,True,0,0,True,2549338530,708837376,10422845440,742391808
layer-00:WHOLE_LAYER:p1,WHOLE_LAYER,1,0,DENSE,2,164,6.2214,5.7528321743011475,True,True,0,0,True,2549338530,708837376,10422845440,742391808
layer-00:WHOLE_LAYER:p1,WHOLE_LAYER,1,0,DENSE,2,165,6.2632,5.764960050582886,True,True,0,0,True,2549338530,708837376,10422845440,742391808
layer-00:WHOLE_LAYER:p1,WHOLE_LAYER,1,0,DENSE,2,166,6.2808,5.773535966873169,True,True,0,0,True,2549338530,708837376,10422845440,742391808
layer-00:WHOLE_LAYER:p1,WHOLE_LAYER,1,0,DENSE,2,167,6.2353,5.755007982254028,True,True,0,0,True,2549338530,708837376,10422845440,742391808
layer-00:WHOLE_LAYER:p1,WHOLE_LAYER,1,0,DENSE,2,168,6.3674,5.774080038070679,True,True,0,0,True,2549338530,708837376,10422845440,742391808
layer-00:WHOLE_LAYER:p1,WHOLE_LAYER,1,0,DENSE,2,169,6.2336,5.762976169586182,True,True,0,0,True,2549338530,708837376,10422845440,742391808
layer-00:WHOLE_LAYER:p1,WHOLE_LAYER,1,0,DENSE,2,170,6.2379,5.761919975280762,True,True,0,0,True,2549338530,708837376,10422845440,742391808
layer-00:WHOLE_LAYER:p1,WHOLE_LAYER,1,0,DENSE,2,171,6.2517,5.763551950454712,True,True,0,0,True,2549338530,708837376,10422845440,742391808
layer-00:WHOLE_LAYER:p1,WHOLE_LAYER,1,0,DENSE,2,172,6.237,5.753920078277588,True,True,0,0,True,2549338530,708837376,10422845440,742391808
layer-00:WHOLE_LAYER:p1,WHOLE_LAYER,1,0,DENSE,2,173,6.5883,5.825727939605713,True,True,0,0,True,2549338530,708837376,10422845440,742391808
layer-00:WHOLE_LAYER:p1,WHOLE_LAYER,1,0,DENSE,2,174,6.368,5.789088010787964,True,True,0,0,True,2549338530,708837376,10422845440,742391808
layer-00:WHOLE_LAYER:p1,WHOLE_LAYER,1,0,DENSE,2,175,6.2586,5.7624640464782715,True,True,0,0,True,2549338530,708837376,10422845440,742391808
layer-00:WHOLE_LAYER:p1,WHOLE_LAYER,1,0,DENSE,2,176,6.2355,5.7566399574279785,True,True,0,0,True,2549338530,708837376,10422845440,742391808
layer-00:WHOLE_LAYER:p1,WHOLE_LAYER,1,0,DENSE,2,177,6.2433,5.759487867355347,True,True,0,0,True,2549338530,708837376,10422845440,742391808
layer-00:WHOLE_LAYER:p1,WHOLE_LAYER,1,0,DENSE,2,178,6.3313,5.779295921325684,True,True,0,0,True,2549338530,708837376,10422845440,742391808
layer-00:WHOLE_LAYER:p1,WHOLE_LAYER,1,0,DENSE,2,179,6.2418,5.761183977127075,True,True,0,0,True,2549338530,708837376,10422845440,742391808
layer-00:WHOLE_LAYER:p1,WHOLE_LAYER,1,0,DENSE,2,180,6.2446,5.757503986358643,True,True,0,0,True,2549338530,708837376,10422845440,742391808
layer-00:WHOLE_LAYER:p1,WHOLE_LAYER,1,0,DENSE,2,181,6.2771,5.758527994155884,True,True,0,0,True,2549338530,708837376,10422845440,742391808
layer-00:WHOLE_LAYER:p1,WHOLE_LAYER,1,0,DENSE,2,182,6.2415,5.757440090179443,True,True,0,0,True,2549338530,708837376,10422845440,742391808
layer-00:WHOLE_LAYER:p1,WHOLE_LAYER,1,0,DENSE,2,183,6.3886,5.792736053466797,True,True,0,0,True,2549338530,708837376,10422845440,742391808
layer-00:WHOLE_LAYER:p1,WHOLE_LAYER,1,0,DENSE,2,184,6.2609,5.7618560791015625,True,True,0,0,True,2549338530,708837376,10422845440,742391808
layer-00:WHOLE_LAYER:p1,WHOLE_LAYER,1,0,DENSE,2,185,6.4425,5.907520055770874,True,True,0,0,True,2549338530,708837376,10422845440,742391808
layer-00:WHOLE_LAYER:p1,WHOLE_LAYER,1,0,DENSE,2,186,6.2564,5.762431859970093,True,True,0,0,True,2549338530,708837376,10422845440,742391808
layer-00:WHOLE_LAYER:p1,WHOLE_LAYER,1,0,DENSE,2,187,6.2384,5.760512113571167,True,True,0,0,True,2549338530,708837376,10422845440,742391808
layer-00:WHOLE_LAYER:p1,WHOLE_LAYER,1,0,DENSE,2,188,6.3519,5.787583827972412,True,True,0,0,True,2549338530,708837376,10422845440,742391808
layer-00:WHOLE_LAYER:p1,WHOLE_LAYER,1,0,DENSE,2,189,6.2777,5.7569921016693115,True,True,0,0,True,2549338530,708837376,10422845440,742391808
layer-00:WHOLE_LAYER:p1,WHOLE_LAYER,1,0,DENSE,2,190,6.3871,5.772000074386597,True,True,0,0,True,2549338530,708837376,10422845440,742391808
layer-00:WHOLE_LAYER:p1,WHOLE_LAYER,1,0,DENSE,2,191,6.338,5.777440071105957,True,True,0,0,True,2549338530,708837376,10422845440,742391808
layer-00:WHOLE_LAYER:p1,WHOLE_LAYER,1,0,DENSE,2,192,6.2722,5.758304119110107,True,True,0,0,True,2549338530,708837376,10422845440,742391808
layer-00:WHOLE_LAYER:p1,WHOLE_LAYER,1,0,DENSE,2,193,6.2607,5.762752056121826,True,True,0,0,True,2549338530,708837376,10422845440,742391808
layer-00:WHOLE_LAYER:p1,WHOLE_LAYER,1,0,DENSE,2,194,6.2422,5.7615039348602295,True,True,0,0,True,2549338530,708837376,10422845440,742391808
layer-00:WHOLE_LAYER:p1,WHOLE_LAYER,1,0,DENSE,2,195,6.266,5.774399995803833,True,True,0,0,True,2549338530,708837376,10422845440,742391808
layer-00:WHOLE_LAYER:p1,WHOLE_LAYER,1,0,DENSE,2,196,6.2853,5.764863967895508,True,True,0,0,True,2549338530,708837376,10422845440,742391808
layer-00:WHOLE_LAYER:p1,WHOLE_LAYER,1,0,DENSE,2,197,6.3026,5.780416011810303,True,True,0,0,True,2549338530,708837376,10422845440,742391808
layer-00:WHOLE_LAYER:p1,WHOLE_LAYER,1,0,DENSE,2,198,6.4407,5.803584098815918,True,True,0,0,True,2549338530,708837376,10422845440,742391808
layer-00:WHOLE_LAYER:p1,WHOLE_LAYER,1,0,DENSE,2,199,6.2824,5.7576000690460205,True,True,0,0,True,2549338530,708837376,10422845440,742391808
layer-00:WHOLE_LAYER:p1,WHOLE_LAYER,1,0,DENSE,4,0,12.4694,11.51203203201294,True,True,0,0,True,2549338530,708837376,10422845440,742391808
layer-00:WHOLE_LAYER:p1,WHOLE_LAYER,1,0,DENSE,4,1,12.444,11.520128011703491,True,True,0,0,True,2549338530,708837376,10422845440,742391808
layer-00:WHOLE_LAYER:p1,WHOLE_LAYER,1,0,DENSE,4,2,12.5012,11.528735876083374,True,True,0,0,True,2549338530,708837376,10422845440,742391808
layer-00:WHOLE_LAYER:p1,WHOLE_LAYER,1,0,DENSE,4,3,12.5383,11.565312147140503,True,True,0,0,True,2549338530,708837376,10422845440,742391808
layer-00:WHOLE_LAYER:p1,WHOLE_LAYER,1,0,DENSE,4,4,12.5144,11.54921579360962,True,True,0,0,True,2549338530,708837376,10422845440,742391808
layer-00:WHOLE_LAYER:p1,WHOLE_LAYER,1,0,DENSE,4,5,12.6079,11.559264183044434,True,True,0,0,True,2549338530,708837376,10422845440,742391808
layer-00:WHOLE_LAYER:p1,WHOLE_LAYER,1,0,DENSE,4,6,12.5838,11.568288087844849,True,True,0,0,True,2549338530,708837376,10422845440,742391808
layer-00:WHOLE_LAYER:p1,WHOLE_LAYER,1,0,DENSE,4,7,12.5005,11.563487768173218,True,True,0,0,True,2549338530,708837376,10422845440,742391808
layer-00:WHOLE_LAYER:p1,WHOLE_LAYER,1,0,DENSE,4,8,12.5098,11.549599885940552,True,True,0,0,True,2549338530,708837376,10422845440,742391808
layer-00:WHOLE_LAYER:p1,WHOLE_LAYER,1,0,DENSE,4,9,12.4797,11.54092788696289,True,True,0,0,True,2549338530,708837376,10422845440,742391808
layer-00:WHOLE_LAYER:p1,WHOLE_LAYER,1,0,DENSE,4,10,12.482,11.548415660858154,True,True,0,0,True,2549338530,708837376,10422845440,742391808
layer-00:WHOLE_LAYER:p1,WHOLE_LAYER,1,0,DENSE,4,11,12.4649,11.544352054595947,True,True,0,0,True,2549338530,708837376,10422845440,742391808
layer-00:WHOLE_LAYER:p1,WHOLE_LAYER,1,0,DENSE,4,12,12.5612,11.545120000839233,True,True,0,0,True,2549338530,708837376,10422845440,742391808
layer-00:WHOLE_LAYER:p1,WHOLE_LAYER,1,0,DENSE,4,13,13.0479,11.57475209236145,True,True,0,0,True,2549338530,708837376,10422845440,742391808
layer-00:WHOLE_LAYER:p1,WHOLE_LAYER,1,0,DENSE,4,14,12.5745,11.560863971710205,True,True,0,0,True,2549338530,708837376,10422845440,742391808
layer-00:WHOLE_LAYER:p1,WHOLE_LAYER,1,0,DENSE,4,15,12.7151,11.688704013824463,True,True,0,0,True,2549338530,708837376,10422845440,742391808
layer-00:WHOLE_LAYER:p1,WHOLE_LAYER,1,0,DENSE,4,16,12.4971,11.5523841381073,True,True,0,0,True,2549338530,708837376,10422845440,742391808
layer-00:WHOLE_LAYER:p1,WHOLE_LAYER,1,0,DENSE,4,17,12.4845,11.548480033874512,True,True,0,0,True,2549338530,708837376,10422845440,742391808
layer-00:WHOLE_LAYER:p1,WHOLE_LAYER,1,0,DENSE,4,18,12.4831,11.551711797714233,True,True,0,0,True,2549338530,708837376,10422845440,742391808
layer-00:WHOLE_LAYER:p1,WHOLE_LAYER,1,0,DENSE,4,19,12.5392,11.552992105484009,True,True,0,0,True,2549338530,708837376,10422845440,742391808
layer-00:WHOLE_LAYER:p1,WHOLE_LAYER,1,0,DENSE,4,20,12.5422,11.553759813308716,True,True,0,0,True,2549338530,708837376,10422845440,742391808
layer-00:WHOLE_LAYER:p1,WHOLE_LAYER,1,0,DENSE,4,21,12.529,11.559231758117676,True,True,0,0,True,2549338530,708837376,10422845440,742391808
layer-00:WHOLE_LAYER:p1,WHOLE_LAYER,1,0,DENSE,4,22,12.5658,11.566176176071167,True,True,0,0,True,2549338530,708837376,10422845440,742391808
layer-00:WHOLE_LAYER:p1,WHOLE_LAYER,1,0,DENSE,4,23,12.5123,11.552479982376099,True,True,0,0,True,2549338530,708837376,10422845440,742391808
layer-00:WHOLE_LAYER:p1,WHOLE_LAYER,1,0,DENSE,4,24,12.6258,11.584896087646484,True,True,0,0,True,2549338530,708837376,10422845440,742391808
layer-00:WHOLE_LAYER:p1,WHOLE_LAYER,1,0,DENSE,4,25,12.5305,11.54633617401123,True,True,0,0,True,2549338530,708837376,10422845440,742391808
layer-00:WHOLE_LAYER:p1,WHOLE_LAYER,1,0,DENSE,4,26,12.4836,11.555487632751465,True,True,0,0,True,2549338530,708837376,10422845440,742391808
layer-00:WHOLE_LAYER:p1,WHOLE_LAYER,1,0,DENSE,4,27,12.485,11.544831991195679,True,True,0,0,True,2549338530,708837376,10422845440,742391808
layer-00:WHOLE_LAYER:p1,WHOLE_LAYER,1,0,DENSE,4,28,12.4584,11.543071985244751,True,True,0,0,True,2549338530,708837376,10422845440,742391808
layer-00:WHOLE_LAYER:p1,WHOLE_LAYER,1,0,DENSE,4,29,12.6438,11.59772801399231,True,True,0,0,True,2549338530,708837376,10422845440,742391808
layer-00:WHOLE_LAYER:p1,WHOLE_LAYER,1,0,DENSE,4,30,12.6588,11.605535984039307,True,True,0,0,True,2549338530,708837376,10422845440,742391808
layer-00:WHOLE_LAYER:p1,WHOLE_LAYER,1,0,DENSE,4,31,12.615,11.577664136886597,True,True,0,0,True,2549338530,708837376,10422845440,742391808
layer-00:WHOLE_LAYER:p1,WHOLE_LAYER,1,0,DENSE,4,32,12.8984,11.820255994796753,True,True,0,0,True,2549338530,708837376,10422845440,742391808
layer-00:WHOLE_LAYER:p1,WHOLE_LAYER,1,0,DENSE,4,33,12.5627,11.557504177093506,True,True,0,0,True,2549338530,708837376,10422845440,742391808
layer-00:WHOLE_LAYER:p1,WHOLE_LAYER,1,0,DENSE,4,34,12.8196,11.645536184310913,True,True,0,0,True,2549338530,708837376,10422845440,742391808
layer-00:WHOLE_LAYER:p1,WHOLE_LAYER,1,0,DENSE,4,35,12.7066,11.563456296920776,True,True,0,0,True,2549338530,708837376,10422845440,742391808
layer-00:WHOLE_LAYER:p1,WHOLE_LAYER,1,0,DENSE,4,36,12.7259,11.566784143447876,True,True,0,0,True,2549338530,708837376,10422845440,742391808
layer-00:WHOLE_LAYER:p1,WHOLE_LAYER,1,0,DENSE,4,37,12.6991,11.555583715438843,True,True,0,0,True,2549338530,708837376,10422845440,742391808
layer-00:WHOLE_LAYER:p1,WHOLE_LAYER,1,0,DENSE,4,38,12.6457,11.571199893951416,True,True,0,0,True,2549338530,708837376,10422845440,742391808
layer-00:WHOLE_LAYER:p1,WHOLE_LAYER,1,0,DENSE,4,39,12.7852,11.561791896820068,True,True,0,0,True,2549338530,708837376,10422845440,742391808
layer-00:WHOLE_LAYER:p1,WHOLE_LAYER,1,0,DENSE,4,40,12.717,11.588767766952515,True,True,0,0,True,2549338530,708837376,10422845440,742391808
layer-00:WHOLE_LAYER:p1,WHOLE_LAYER,1,0,DENSE,4,41,12.5547,11.562655925750732,True,True,0,0,True,2549338530,708837376,10422845440,742391808
layer-00:WHOLE_LAYER:p1,WHOLE_LAYER,1,0,DENSE,4,42,12.6289,11.578720092773438,True,True,0,0,True,2549338530,708837376,10422845440,742391808
layer-00:WHOLE_LAYER:p1,WHOLE_LAYER,1,0,DENSE,4,43,12.499,11.53766417503357,True,True,0,0,True,2549338530,708837376,10422845440,742391808
layer-00:WHOLE_LAYER:p1,WHOLE_LAYER,1,0,DENSE,4,44,12.488,11.548768043518066,True,True,0,0,True,2549338530,708837376,10422845440,742391808
layer-00:WHOLE_LAYER:p1,WHOLE_LAYER,1,0,DENSE,4,45,12.4928,11.549024105072021,True,True,0,0,True,2549338530,708837376,10422845440,742391808
layer-00:WHOLE_LAYER:p1,WHOLE_LAYER,1,0,DENSE,4,46,12.48,11.536160230636597,True,True,0,0,True,2549338530,708837376,10422845440,742391808
layer-00:WHOLE_LAYER:p1,WHOLE_LAYER,1,0,DENSE,4,47,12.4741,11.545344114303589,True,True,0,0,True,2549338530,708837376,10422845440,742391808
layer-00:WHOLE_LAYER:p1,WHOLE_LAYER,1,0,DENSE,4,48,12.5924,11.570751905441284,True,True,0,0,True,2549338530,708837376,10422845440,742391808
layer-00:WHOLE_LAYER:p1,WHOLE_LAYER,1,0,DENSE,4,49,12.5764,11.570943832397461,True,True,0,0,True,2549338530,708837376,10422845440,742391808
layer-00:WHOLE_LAYER:p1,WHOLE_LAYER,1,0,DENSE,4,50,12.668,11.596159934997559,True,True,0,0,True,2549338530,708837376,10422845440,742391808
layer-00:WHOLE_LAYER:p1,WHOLE_LAYER,1,0,DENSE,4,51,12.818,11.789152383804321,True,True,0,0,True,2549338530,708837376,10422845440,742391808
layer-00:WHOLE_LAYER:p1,WHOLE_LAYER,1,0,DENSE,4,52,12.626,11.577856063842773,True,True,0,0,True,2549338530,708837376,10422845440,742391808
layer-00:WHOLE_LAYER:p1,WHOLE_LAYER,1,0,DENSE,4,53,12.6575,11.596192121505737,True,True,0,0,True,2549338530,708837376,10422845440,742391808
layer-00:WHOLE_LAYER:p1,WHOLE_LAYER,1,0,DENSE,4,54,12.6317,11.586944103240967,True,True,0,0,True,2549338530,708837376,10422845440,742391808
layer-00:WHOLE_LAYER:p1,WHOLE_LAYER,1,0,DENSE,4,55,12.5372,11.544959783554077,True,True,0,0,True,2549338530,708837376,10422845440,742391808
layer-00:WHOLE_LAYER:p1,WHOLE_LAYER,1,0,DENSE,4,56,12.5118,11.541280269622803,True,True,0,0,True,2549338530,708837376,10422845440,742391808
layer-00:WHOLE_LAYER:p1,WHOLE_LAYER,1,0,DENSE,4,57,12.5879,11.56281590461731,True,True,0,0,True,2549338530,708837376,10422845440,742391808
layer-00:WHOLE_LAYER:p1,WHOLE_LAYER,1,0,DENSE,4,58,12.8225,11.735231876373291,True,True,0,0,True,2549338530,708837376,10422845440,742391808
layer-00:WHOLE_LAYER:p1,WHOLE_LAYER,1,0,DENSE,4,59,12.5407,11.545984029769897,True,True,0,0,True,2549338530,708837376,10422845440,742391808
layer-00:WHOLE_LAYER:p1,WHOLE_LAYER,1,0,DENSE,4,60,12.7688,11.564480066299438,True,True,0,0,True,2549338530,708837376,10422845440,742391808
layer-00:WHOLE_LAYER:p1,WHOLE_LAYER,1,0,DENSE,4,61,12.5681,11.55516791343689,True,True,0,0,True,2549338530,708837376,10422845440,742391808
layer-00:WHOLE_LAYER:p1,WHOLE_LAYER,1,0,DENSE,4,62,12.8027,11.608160018920898,True,True,0,0,True,2549338530,708837376,10422845440,742391808
layer-00:WHOLE_LAYER:p1,WHOLE_LAYER,1,0,DENSE,4,63,12.6813,11.566656112670898,True,True,0,0,True,2549338530,708837376,10422845440,742391808
layer-00:WHOLE_LAYER:p1,WHOLE_LAYER,1,0,DENSE,4,64,12.5023,11.545471906661987,True,True,0,0,True,2549338530,708837376,10422845440,742391808
layer-00:WHOLE_LAYER:p1,WHOLE_LAYER,1,0,DENSE,4,65,13.0869,11.905247926712036,True,True,0,0,True,2549338530,708837376,10422845440,742391808
layer-00:WHOLE_LAYER:p1,WHOLE_LAYER,1,0,DENSE,4,66,12.7503,11.611744165420532,True,True,0,0,True,2549338530,708837376,10422845440,742391808
layer-00:WHOLE_LAYER:p1,WHOLE_LAYER,1,0,DENSE,4,67,12.6232,11.55836796760559,True,True,0,0,True,2549338530,708837376,10422845440,742391808
layer-00:WHOLE_LAYER:p1,WHOLE_LAYER,1,0,DENSE,4,68,12.6662,11.590015649795532,True,True,0,0,True,2549338530,708837376,10422845440,742391808
layer-00:WHOLE_LAYER:p1,WHOLE_LAYER,1,0,DENSE,4,69,12.5437,11.548255681991577,True,True,0,0,True,2549338530,708837376,10422845440,742391808
layer-00:WHOLE_LAYER:p1,WHOLE_LAYER,1,0,DENSE,4,70,12.4938,11.532608270645142,True,True,0,0,True,2549338530,708837376,10422845440,742391808
layer-00:WHOLE_LAYER:p1,WHOLE_LAYER,1,0,DENSE,4,71,12.4574,11.537312030792236,True,True,0,0,True,2549338530,708837376,10422845440,742391808
layer-00:WHOLE_LAYER:p1,WHOLE_LAYER,1,0,DENSE,4,72,12.5393,11.555743932723999,True,True,0,0,True,2549338530,708837376,10422845440,742391808
layer-00:WHOLE_LAYER:p1,WHOLE_LAYER,1,0,DENSE,4,73,12.4977,11.550111770629883,True,True,0,0,True,2549338530,708837376,10422845440,742391808
layer-00:WHOLE_LAYER:p1,WHOLE_LAYER,1,0,DENSE,4,74,12.6166,11.553119897842407,True,True,0,0,True,2549338530,708837376,10422845440,742391808
layer-00:WHOLE_LAYER:p1,WHOLE_LAYER,1,0,DENSE,4,75,12.5795,11.576224088668823,True,True,0,0,True,2549338530,708837376,10422845440,742391808
layer-00:WHOLE_LAYER:p1,WHOLE_LAYER,1,0,DENSE,4,76,12.6724,11.601216077804565,True,True,0,0,True,2549338530,708837376,10422845440,742391808
layer-00:WHOLE_LAYER:p1,WHOLE_LAYER,1,0,DENSE,4,77,12.5041,11.550591945648193,True,True,0,0,True,2549338530,708837376,10422845440,742391808
layer-00:WHOLE_LAYER:p1,WHOLE_LAYER,1,0,DENSE,4,78,12.4771,11.536159992218018,True,True,0,0,True,2549338530,708837376,10422845440,742391808
layer-00:WHOLE_LAYER:p1,WHOLE_LAYER,1,0,DENSE,4,79,12.4868,11.558239936828613,True,True,0,0,True,2549338530,708837376,10422845440,742391808
layer-00:WHOLE_LAYER:p1,WHOLE_LAYER,1,0,DENSE,4,80,12.4834,11.543808221817017,True,True,0,0,True,2549338530,708837376,10422845440,742391808
layer-00:WHOLE_LAYER:p1,WHOLE_LAYER,1,0,DENSE,4,81,12.4936,11.547167778015137,True,True,0,0,True,2549338530,708837376,10422845440,742391808
layer-00:WHOLE_LAYER:p1,WHOLE_LAYER,1,0,DENSE,4,82,12.7672,11.736256122589111,True,True,0,0,True,2549338530,708837376,10422845440,742391808
layer-00:WHOLE_LAYER:p1,WHOLE_LAYER,1,0,DENSE,4,83,12.5337,11.546591758728027,True,True,0,0,True,2549338530,708837376,10422845440,742391808
layer-00:WHOLE_LAYER:p1,WHOLE_LAYER,1,0,DENSE,4,84,12.4929,11.543328046798706,True,True,0,0,True,2549338530,708837376,10422845440,742391808
layer-00:WHOLE_LAYER:p1,WHOLE_LAYER,1,0,DENSE,4,85,12.4886,11.539488077163696,True,True,0,0,True,2549338530,708837376,10422845440,742391808
layer-00:WHOLE_LAYER:p1,WHOLE_LAYER,1,0,DENSE,4,86,12.4999,11.542144298553467,True,True,0,0,True,2549338530,708837376,10422845440,742391808
layer-00:WHOLE_LAYER:p1,WHOLE_LAYER,1,0,DENSE,4,87,12.5489,11.561856031417847,True,True,0,0,True,2549338530,708837376,10422845440,742391808
layer-00:WHOLE_LAYER:p1,WHOLE_LAYER,1,0,DENSE,4,88,12.5038,11.548736095428467,True,True,0,0,True,2549338530,708837376,10422845440,742391808
layer-00:WHOLE_LAYER:p1,WHOLE_LAYER,1,0,DENSE,4,89,12.4969,11.555232048034668,True,True,0,0,True,2549338530,708837376,10422845440,742391808
layer-00:WHOLE_LAYER:p1,WHOLE_LAYER,1,0,DENSE,4,90,12.5107,11.547903776168823,True,True,0,0,True,2549338530,708837376,10422845440,742391808
layer-00:WHOLE_LAYER:p1,WHOLE_LAYER,1,0,DENSE,4,91,12.5061,11.54745602607727,True,True,0,0,True,2549338530,708837376,10422845440,742391808
layer-00:WHOLE_LAYER:p1,WHOLE_LAYER,1,0,DENSE,4,92,12.5583,11.556864023208618,True,True,0,0,True,2549338530,708837376,10422845440,742391808
layer-00:WHOLE_LAYER:p1,WHOLE_LAYER,1,0,DENSE,4,93,12.5342,11.557215929031372,True,True,0,0,True,2549338530,708837376,10422845440,742391808
layer-00:WHOLE_LAYER:p1,WHOLE_LAYER,1,0,DENSE,4,94,12.5685,11.551648139953613,True,True,0,0,True,2549338530,708837376,10422845440,742391808
layer-00:WHOLE_LAYER:p1,WHOLE_LAYER,1,0,DENSE,4,95,12.5616,11.581215858459473,True,True,0,0,True,2549338530,708837376,10422845440,742391808
layer-00:WHOLE_LAYER:p1,WHOLE_LAYER,1,0,DENSE,4,96,12.5948,11.5447359085083,True,True,0,0,True,2549338530,708837376,10422845440,742391808
layer-00:WHOLE_LAYER:p1,WHOLE_LAYER,1,0,DENSE,4,97,12.8827,11.788511991500854,True,True,0,0,True,2549338530,708837376,10422845440,742391808
layer-00:WHOLE_LAYER:p1,WHOLE_LAYER,1,0,DENSE,4,98,12.6218,11.557440042495728,True,True,0,0,True,2549338530,708837376,10422845440,742391808
layer-00:WHOLE_LAYER:p1,WHOLE_LAYER,1,0,DENSE,4,99,12.6738,11.571583986282349,True,True,0,0,True,2549338530,708837376,10422845440,742391808
layer-00:WHOLE_LAYER:p1,WHOLE_LAYER,1,0,DENSE,4,100,12.6138,11.552128076553345,True,True,0,0,True,2549338530,708837376,10422845440,742391808
layer-00:WHOLE_LAYER:p1,WHOLE_LAYER,1,0,DENSE,4,101,12.6477,11.566880226135254,True,True,0,0,True,2549338530,708837376,10422845440,742391808
layer-00:WHOLE_LAYER:p1,WHOLE_LAYER,1,0,DENSE,4,102,12.5569,11.547807931900024,True,True,0,0,True,2549338530,708837376,10422845440,742391808
layer-00:WHOLE_LAYER:p1,WHOLE_LAYER,1,0,DENSE,4,103,12.6687,11.581599950790405,True,True,0,0,True,2549338530,708837376,10422845440,742391808
layer-00:WHOLE_LAYER:p1,WHOLE_LAYER,1,0,DENSE,4,104,12.6552,11.619263887405396,True,True,0,0,True,2549338530,708837376,10422845440,742391808
layer-00:WHOLE_LAYER:p1,WHOLE_LAYER,1,0,DENSE,4,105,12.5073,11.551231861114502,True,True,0,0,True,2549338530,708837376,10422845440,742391808
layer-00:WHOLE_LAYER:p1,WHOLE_LAYER,1,0,DENSE,4,106,12.4786,11.549247980117798,True,True,0,0,True,2549338530,708837376,10422845440,742391808
layer-00:WHOLE_LAYER:p1,WHOLE_LAYER,1,0,DENSE,4,107,12.4866,11.541728258132935,True,True,0,0,True,2549338530,708837376,10422845440,742391808
layer-00:WHOLE_LAYER:p1,WHOLE_LAYER,1,0,DENSE,4,108,12.7823,11.718591690063477,True,True,0,0,True,2549338530,708837376,10422845440,742391808
layer-00:WHOLE_LAYER:p1,WHOLE_LAYER,1,0,DENSE,4,109,12.5434,11.563488006591797,True,True,0,0,True,2549338530,708837376,10422845440,742391808
layer-00:WHOLE_LAYER:p1,WHOLE_LAYER,1,0,DENSE,4,110,12.5471,11.549279928207397,True,True,0,0,True,2549338530,708837376,10422845440,742391808
layer-00:WHOLE_LAYER:p1,WHOLE_LAYER,1,0,DENSE,4,111,12.5121,11.544095993041992,True,True,0,0,True,2549338530,708837376,10422845440,742391808
layer-00:WHOLE_LAYER:p1,WHOLE_LAYER,1,0,DENSE,4,112,12.6091,11.584320068359375,True,True,0,0,True,2549338530,708837376,10422845440,742391808
layer-00:WHOLE_LAYER:p1,WHOLE_LAYER,1,0,DENSE,4,113,12.5119,11.55942416191101,True,True,0,0,True,2549338530,708837376,10422845440,742391808
layer-00:WHOLE_LAYER:p1,WHOLE_LAYER,1,0,DENSE,4,114,12.5053,11.563328266143799,True,True,0,0,True,2549338530,708837376,10422845440,742391808
layer-00:WHOLE_LAYER:p1,WHOLE_LAYER,1,0,DENSE,4,115,12.5749,11.581631898880005,True,True,0,0,True,2549338530,708837376,10422845440,742391808
layer-00:WHOLE_LAYER:p1,WHOLE_LAYER,1,0,DENSE,4,116,12.5658,11.561760187149048,True,True,0,0,True,2549338530,708837376,10422845440,742391808
layer-00:WHOLE_LAYER:p1,WHOLE_LAYER,1,0,DENSE,4,117,12.5377,11.552959680557251,True,True,0,0,True,2549338530,708837376,10422845440,742391808
layer-00:WHOLE_LAYER:p1,WHOLE_LAYER,1,0,DENSE,4,118,12.6426,11.593504190444946,True,True,0,0,True,2549338530,708837376,10422845440,742391808
layer-00:WHOLE_LAYER:p1,WHOLE_LAYER,1,0,DENSE,4,119,12.5258,11.557760000228882,True,True,0,0,True,2549338530,708837376,10422845440,742391808
layer-00:WHOLE_LAYER:p1,WHOLE_LAYER,1,0,DENSE,4,120,12.6059,11.565600156784058,True,True,0,0,True,2549338530,708837376,10422845440,742391808
layer-00:WHOLE_LAYER:p1,WHOLE_LAYER,1,0,DENSE,4,121,12.5302,11.551519870758057,True,True,0,0,True,2549338530,708837376,10422845440,742391808
layer-00:WHOLE_LAYER:p1,WHOLE_LAYER,1,0,DENSE,4,122,12.5963,11.5556480884552,True,True,0,0,True,2549338530,708837376,10422845440,742391808
layer-00:WHOLE_LAYER:p1,WHOLE_LAYER,1,0,DENSE,4,123,12.5467,11.55078411102295,True,True,0,0,True,2549338530,708837376,10422845440,742391808
layer-00:WHOLE_LAYER:p1,WHOLE_LAYER,1,0,DENSE,4,124,12.5912,11.550559997558594,True,True,0,0,True,2549338530,708837376,10422845440,742391808
layer-00:WHOLE_LAYER:p1,WHOLE_LAYER,1,0,DENSE,4,125,12.5236,11.528255939483643,True,True,0,0,True,2549338530,708837376,10422845440,742391808
layer-00:WHOLE_LAYER:p1,WHOLE_LAYER,1,0,DENSE,4,126,12.683,11.560863971710205,True,True,0,0,True,2549338530,708837376,10422845440,742391808
layer-00:WHOLE_LAYER:p1,WHOLE_LAYER,1,0,DENSE,4,127,12.634,11.575647830963135,True,True,0,0,True,2549338530,708837376,10422845440,742391808
layer-00:WHOLE_LAYER:p1,WHOLE_LAYER,1,0,DENSE,4,128,12.5632,11.537440061569214,True,True,0,0,True,2549338530,708837376,10422845440,742391808
layer-00:WHOLE_LAYER:p1,WHOLE_LAYER,1,0,DENSE,4,129,12.7261,11.582367897033691,True,True,0,0,True,2549338530,708837376,10422845440,742391808
layer-00:WHOLE_LAYER:p1,WHOLE_LAYER,1,0,DENSE,4,130,12.6069,11.567039966583252,True,True,0,0,True,2549338530,708837376,10422845440,742391808
layer-00:WHOLE_LAYER:p1,WHOLE_LAYER,1,0,DENSE,4,131,12.5702,11.546784162521362,True,True,0,0,True,2549338530,708837376,10422845440,742391808
layer-00:WHOLE_LAYER:p1,WHOLE_LAYER,1,0,DENSE,4,132,12.6165,11.565696001052856,True,True,0,0,True,2549338530,708837376,10422845440,742391808
layer-00:WHOLE_LAYER:p1,WHOLE_LAYER,1,0,DENSE,4,133,12.6499,11.59545612335205,True,True,0,0,True,2549338530,708837376,10422845440,742391808
layer-00:WHOLE_LAYER:p1,WHOLE_LAYER,1,0,DENSE,4,134,12.5344,11.546111822128296,True,True,0,0,True,2549338530,708837376,10422845440,742391808
layer-00:WHOLE_LAYER:p1,WHOLE_LAYER,1,0,DENSE,4,135,12.5845,11.587712049484253,True,True,0,0,True,2549338530,708837376,10422845440,742391808
layer-00:WHOLE_LAYER:p1,WHOLE_LAYER,1,0,DENSE,4,136,12.5768,11.572223901748657,True,True,0,0,True,2549338530,708837376,10422845440,742391808
layer-00:WHOLE_LAYER:p1,WHOLE_LAYER,1,0,DENSE,4,137,12.5198,11.558592081069946,True,True,0,0,True,2549338530,708837376,10422845440,742391808
layer-00:WHOLE_LAYER:p1,WHOLE_LAYER,1,0,DENSE,4,138,12.5159,11.548287868499756,True,True,0,0,True,2549338530,708837376,10422845440,742391808
layer-00:WHOLE_LAYER:p1,WHOLE_LAYER,1,0,DENSE,4,139,12.6361,11.594592094421387,True,True,0,0,True,2549338530,708837376,10422845440,742391808
layer-00:WHOLE_LAYER:p1,WHOLE_LAYER,1,0,DENSE,4,140,12.4896,11.573600053787231,True,True,0,0,True,2549338530,708837376,10422845440,742391808
layer-00:WHOLE_LAYER:p1,WHOLE_LAYER,1,0,DENSE,4,141,12.8553,11.583391904830933,True,True,0,0,True,2549338530,708837376,10422845440,742391808
layer-00:WHOLE_LAYER:p1,WHOLE_LAYER,1,0,DENSE,4,142,12.884,11.629088163375854,True,True,0,0,True,2549338530,708837376,10422845440,742391808
layer-00:WHOLE_LAYER:p1,WHOLE_LAYER,1,0,DENSE,4,143,13.004,11.672224044799805,True,True,0,0,True,2549338530,708837376,10422845440,742391808
layer-00:WHOLE_LAYER:p1,WHOLE_LAYER,1,0,DENSE,4,144,13.0704,11.611231803894043,True,True,0,0,True,2549338530,708837376,10422845440,742391808
layer-00:WHOLE_LAYER:p1,WHOLE_LAYER,1,0,DENSE,4,145,13.1347,11.749888181686401,True,True,0,0,True,2549338530,708837376,10422845440,742391808
layer-00:WHOLE_LAYER:p1,WHOLE_LAYER,1,0,DENSE,4,146,13.0202,11.912607908248901,True,True,0,0,True,2549338530,708837376,10422845440,742391808
layer-00:WHOLE_LAYER:p1,WHOLE_LAYER,1,0,DENSE,4,147,12.5993,11.54096007347107,True,True,0,0,True,2549338530,708837376,10422845440,742391808
layer-00:WHOLE_LAYER:p1,WHOLE_LAYER,1,0,DENSE,4,148,12.5343,11.542880058288574,True,True,0,0,True,2549338530,708837376,10422845440,742391808
layer-00:WHOLE_LAYER:p1,WHOLE_LAYER,1,0,DENSE,4,149,12.5597,11.540704011917114,True,True,0,0,True,2549338530,708837376,10422845440,742391808
layer-00:WHOLE_LAYER:p1,WHOLE_LAYER,1,0,DENSE,4,150,12.5566,11.548383951187134,True,True,0,0,True,2549338530,708837376,10422845440,742391808
layer-00:WHOLE_LAYER:p1,WHOLE_LAYER,1,0,DENSE,4,151,12.6038,11.558560132980347,True,True,0,0,True,2549338530,708837376,10422845440,742391808
layer-00:WHOLE_LAYER:p1,WHOLE_LAYER,1,0,DENSE,4,152,12.5667,11.562688112258911,True,True,0,0,True,2549338530,708837376,10422845440,742391808
layer-00:WHOLE_LAYER:p1,WHOLE_LAYER,1,0,DENSE,4,153,12.635,11.575680255889893,True,True,0,0,True,2549338530,708837376,10422845440,742391808
layer-00:WHOLE_LAYER:p1,WHOLE_LAYER,1,0,DENSE,4,154,12.5887,11.558176040649414,True,True,0,0,True,2549338530,708837376,10422845440,742391808
layer-00:WHOLE_LAYER:p1,WHOLE_LAYER,1,0,DENSE,4,155,12.9145,11.598719835281372,True,True,0,0,True,2549338530,708837376,10422845440,742391808
layer-00:WHOLE_LAYER:p1,WHOLE_LAYER,1,0,DENSE,4,156,12.5324,11.547263860702515,True,True,0,0,True,2549338530,708837376,10422845440,742391808
layer-00:WHOLE_LAYER:p1,WHOLE_LAYER,1,0,DENSE,4,157,12.498,11.540832042694092,True,True,0,0,True,2549338530,708837376,10422845440,742391808
layer-00:WHOLE_LAYER:p1,WHOLE_LAYER,1,0,DENSE,4,158,12.4911,11.546112298965454,True,True,0,0,True,2549338530,708837376,10422845440,742391808
layer-00:WHOLE_LAYER:p1,WHOLE_LAYER,1,0,DENSE,4,159,12.5256,11.559743881225586,True,True,0,0,True,2549338530,708837376,10422845440,742391808
layer-00:WHOLE_LAYER:p1,WHOLE_LAYER,1,0,DENSE,4,160,12.4916,11.549279928207397,True,True,0,0,True,2549338530,708837376,10422845440,742391808
layer-00:WHOLE_LAYER:p1,WHOLE_LAYER,1,0,DENSE,4,161,12.8473,11.733247995376587,True,True,0,0,True,2549338530,708837376,10422845440,742391808
layer-00:WHOLE_LAYER:p1,WHOLE_LAYER,1,0,DENSE,4,162,12.6026,11.56335973739624,True,True,0,0,True,2549338530,708837376,10422845440,742391808
layer-00:WHOLE_LAYER:p1,WHOLE_LAYER,1,0,DENSE,4,163,12.5441,11.54476809501648,True,True,0,0,True,2549338530,708837376,10422845440,742391808
layer-00:WHOLE_LAYER:p1,WHOLE_LAYER,1,0,DENSE,4,164,12.6819,11.576319932937622,True,True,0,0,True,2549338530,708837376,10422845440,742391808
layer-00:WHOLE_LAYER:p1,WHOLE_LAYER,1,0,DENSE,4,165,12.6647,11.564832210540771,True,True,0,0,True,2549338530,708837376,10422845440,742391808
layer-00:WHOLE_LAYER:p1,WHOLE_LAYER,1,0,DENSE,4,166,12.6716,11.55455994606018,True,True,0,0,True,2549338530,708837376,10422845440,742391808
layer-00:WHOLE_LAYER:p1,WHOLE_LAYER,1,0,DENSE,4,167,12.5677,11.55296015739441,True,True,0,0,True,2549338530,708837376,10422845440,742391808
layer-00:WHOLE_LAYER:p1,WHOLE_LAYER,1,0,DENSE,4,168,12.5018,11.546176195144653,True,True,0,0,True,2549338530,708837376,10422845440,742391808
layer-00:WHOLE_LAYER:p1,WHOLE_LAYER,1,0,DENSE,4,169,12.5371,11.558815956115723,True,True,0,0,True,2549338530,708837376,10422845440,742391808
layer-00:WHOLE_LAYER:p1,WHOLE_LAYER,1,0,DENSE,4,170,12.5474,11.572096109390259,True,True,0,0,True,2549338530,708837376,10422845440,742391808
layer-00:WHOLE_LAYER:p1,WHOLE_LAYER,1,0,DENSE,4,171,12.6287,11.594847917556763,True,True,0,0,True,2549338530,708837376,10422845440,742391808
layer-00:WHOLE_LAYER:p1,WHOLE_LAYER,1,0,DENSE,4,172,12.642,11.56870412826538,True,True,0,0,True,2549338530,708837376,10422845440,742391808
layer-00:WHOLE_LAYER:p1,WHOLE_LAYER,1,0,DENSE,4,173,12.8113,11.607583999633789,True,True,0,0,True,2549338530,708837376,10422845440,742391808
layer-00:WHOLE_LAYER:p1,WHOLE_LAYER,1,0,DENSE,4,174,12.8041,11.599103927612305,True,True,0,0,True,2549338530,708837376,10422845440,742391808
layer-00:WHOLE_LAYER:p1,WHOLE_LAYER,1,0,DENSE,4,175,12.5275,11.54035210609436,True,True,0,0,True,2549338530,708837376,10422845440,742391808
layer-00:WHOLE_LAYER:p1,WHOLE_LAYER,1,0,DENSE,4,176,12.6429,11.562623977661133,True,True,0,0,True,2549338530,708837376,10422845440,742391808
layer-00:WHOLE_LAYER:p1,WHOLE_LAYER,1,0,DENSE,4,177,12.5906,11.558464288711548,True,True,0,0,True,2549338530,708837376,10422845440,742391808
layer-00:WHOLE_LAYER:p1,WHOLE_LAYER,1,0,DENSE,4,178,12.6809,11.580607652664185,True,True,0,0,True,2549338530,708837376,10422845440,742391808
layer-00:WHOLE_LAYER:p1,WHOLE_LAYER,1,0,DENSE,4,179,12.7227,11.568096160888672,True,True,0,0,True,2549338530,708837376,10422845440,742391808
layer-00:WHOLE_LAYER:p1,WHOLE_LAYER,1,0,DENSE,4,180,12.6591,11.566495895385742,True,True,0,0,True,2549338530,708837376,10422845440,742391808
layer-00:WHOLE_LAYER:p1,WHOLE_LAYER,1,0,DENSE,4,181,12.5916,11.548736333847046,True,True,0,0,True,2549338530,708837376,10422845440,742391808
layer-00:WHOLE_LAYER:p1,WHOLE_LAYER,1,0,DENSE,4,182,12.5593,11.555263996124268,True,True,0,0,True,2549338530,708837376,10422845440,742391808
layer-00:WHOLE_LAYER:p1,WHOLE_LAYER,1,0,DENSE,4,183,12.6229,11.56332802772522,True,True,0,0,True,2549338530,708837376,10422845440,742391808
layer-00:WHOLE_LAYER:p1,WHOLE_LAYER,1,0,DENSE,4,184,12.5868,11.56118392944336,True,True,0,0,True,2549338530,708837376,10422845440,742391808
layer-00:WHOLE_LAYER:p1,WHOLE_LAYER,1,0,DENSE,4,185,12.5476,11.529792070388794,True,True,0,0,True,2549338530,708837376,10422845440,742391808
layer-00:WHOLE_LAYER:p1,WHOLE_LAYER,1,0,DENSE,4,186,12.6683,11.578720092773438,True,True,0,0,True,2549338530,708837376,10422845440,742391808
layer-00:WHOLE_LAYER:p1,WHOLE_LAYER,1,0,DENSE,4,187,12.6026,11.566047668457031,True,True,0,0,True,2549338530,708837376,10422845440,742391808
layer-00:WHOLE_LAYER:p1,WHOLE_LAYER,1,0,DENSE,4,188,12.6282,11.576832056045532,True,True,0,0,True,2549338530,708837376,10422845440,742391808
layer-00:WHOLE_LAYER:p1,WHOLE_LAYER,1,0,DENSE,4,189,12.4848,11.557471990585327,True,True,0,0,True,2549338530,708837376,10422845440,742391808
layer-00:WHOLE_LAYER:p1,WHOLE_LAYER,1,0,DENSE,4,190,12.535,11.55455994606018,True,True,0,0,True,2549338530,708837376,10422845440,742391808
layer-00:WHOLE_LAYER:p1,WHOLE_LAYER,1,0,DENSE,4,191,12.5403,11.57260799407959,True,True,0,0,True,2549338530,708837376,10422845440,742391808
layer-00:WHOLE_LAYER:p1,WHOLE_LAYER,1,0,DENSE,4,192,12.4997,11.544703960418701,True,True,0,0,True,2549338530,708837376,10422845440,742391808
layer-00:WHOLE_LAYER:p1,WHOLE_LAYER,1,0,DENSE,4,193,12.4617,11.537024021148682,True,True,0,0,True,2549338530,708837376,10422845440,742391808
layer-00:WHOLE_LAYER:p1,WHOLE_LAYER,1,0,DENSE,4,194,12.45,11.53382420539856,True,True,0,0,True,2549338530,708837376,10422845440,742391808
layer-00:WHOLE_LAYER:p1,WHOLE_LAYER,1,0,DENSE,4,195,12.4306,11.537824153900146,True,True,0,0,True,2549338530,708837376,10422845440,742391808
layer-00:WHOLE_LAYER:p1,WHOLE_LAYER,1,0,DENSE,4,196,12.4948,11.53929615020752,True,True,0,0,True,2549338530,708837376,10422845440,742391808
layer-00:WHOLE_LAYER:p1,WHOLE_LAYER,1,0,DENSE,4,197,12.5219,11.553631782531738,True,True,0,0,True,2549338530,708837376,10422845440,742391808
layer-00:WHOLE_LAYER:p1,WHOLE_LAYER,1,0,DENSE,4,198,12.4836,11.549280166625977,True,True,0,0,True,2549338530,708837376,10422845440,742391808
layer-00:WHOLE_LAYER:p1,WHOLE_LAYER,1,0,DENSE,4,199,12.4513,11.534528017044067,True,True,0,0,True,2549338530,708837376,10422845440,742391808
