inventory_id,family,cohort,u_strong_slo_target_rows_per_second,flex_pool_slo_target_rows_per_second,u_strong_slo_rows_per_second_per_abstract_cost,flex_pool_slo_rows_per_second_per_abstract_cost,efficiency_uplift_percent,throughput_uplift_percent,optionality_only_percent,flex_free_efficiency_uplift_percent,flex_free_throughput_uplift_percent,flex_free_optionality_only_percent,legacy_efficiency_uplift_percent,u_strong_abstract_node_cost,flex_pool_abstract_node_cost,flex_free_abstract_node_cost,flex_pool_replica_count,flex_pool_replica_checkpoint_bytes,flex_pool_replica_resident_bytes,flex_pool_replica_resident_gib,flex_pool_new_nodes_activated,flex_pool_selected_primary_count,flex_pool_selected_alternate_count,flex_pool_replica_selection_rate,flex_pool_actual_replica_used,flex_free_replica_count,flex_free_selected_primary_count,flex_free_selected_alternate_count,flex_free_replica_selection_rate,flex_free_actual_replica_used,u_strong_plan_sha256,flex_pool_plan_sha256
memory-fragmented-01,memory-fragmented,headline,66.03811477817094,66.03811477817094,1.3526108711351674,1.3526108711351674,0.0,0.0,0.0,-3.2009256596399305,-3.2009256596399305,0.674793400341378,0.0,48.8227,48.8227,48.8227,0,0,0,0.0,0,0,0,0.0,False,2,4158,1242,0.23,True,b54b1e91151d2053f79f179db05604b735a73dfbac7f2745e7ea55dcf0031b71,b54b1e91151d2053f79f179db05604b735a73dfbac7f2745e7ea55dcf0031b71
memory-fragmented-03,memory-fragmented,headline,65.80458459872257,65.80458459872257,1.3331290816377828,1.3331290816377828,0.0,0.0,0.0,-0.9969259016234022,-0.9969259016233911,1.8269379482897197,0.0,49.36099999999998,49.36099999999998,49.36099999999998,0,0,0,0.0,0,0,0,0.0,False,8,15808,5792,0.26814814814814814,True,68663b7f3e438fa8fc2d46c659a3d0654b2b66d7e94825484ba169ae527c25c0,68663b7f3e438fa8fc2d46c659a3d0654b2b66d7e94825484ba169ae527c25c0
memory-fragmented-05,memory-fragmented,headline,52.64522210630225,52.64522210630225,1.0918235856604992,1.0918235856604992,0.0,0.0,0.0,0.0,0.0,0.0,0.0,48.2177,48.2177,48.2177,0,0,0,0.0,0,0,0,0.0,False,0,0,0,0.0,False,ac5c93acca10b069266bb479fa648e6f1c183f1da1221432870cc543ab8f5d5e,ac5c93acca10b069266bb479fa648e6f1c183f1da1221432870cc543ab8f5d5e
compute-heterogeneous-01,compute-heterogeneous,headline,51.049132493396215,51.049132493396215,1.1270666734386652,1.1270666734386652,0.0,0.0,0.0,-2.454997753999777,-2.454997753999777,2.0370104690722757,0.0,45.2938,45.2938,45.2938,0,0,0,0.0,0,0,0,0.0,False,2,3746,1654,0.3062962962962963,True,799df9447e9be1cf84d42c3adb924e3445cdb05fba129fca569f75601193697a,799df9447e9be1cf84d42c3adb924e3445cdb05fba129fca569f75601193697a
compute-heterogeneous-02,compute-heterogeneous,headline,53.602954041861835,53.602954041861835,1.1868749940075378,1.1868749940075378,0.0,0.0,0.0,0.43471623121493774,0.43471623121493774,1.6040791087391204,0.0,45.1631,45.1631,45.1631,0,0,0,0.0,0,0,0,0.0,False,8,15713,5887,0.2725462962962963,True,ffa09c606e308efcf027a674222caaa67b5d58af8172268d1e1ac620f15ce914,ffa09c606e308efcf027a674222caaa67b5d58af8172268d1e1ac620f15ce914
compute-heterogeneous-03,compute-heterogeneous,headline,54.26243375988494,54.26243375988494,1.2132868348828905,1.2132868348828905,0.0,0.0,0.0,-3.8876180428792373,-3.8876180428792373,0.8562502929804205,0.0,44.723499999999994,44.723499999999994,44.723499999999994,0,0,0,0.0,0,0,0,0.0,False,2,3556,1844,0.3414814814814815,True,b0898d40728a9a0ebe80512cc5817a2a2e6c0a7b1ab169b7d96d6435b75ececb,b0898d40728a9a0ebe80512cc5817a2a2e6c0a7b1ab169b7d96d6435b75ececb
compute-heterogeneous-04,compute-heterogeneous,headline,55.52664438254195,55.52664438254195,1.1879084954077161,1.1879084954077161,0.0,0.0,0.0,-0.97668949012919,-0.97668949012919,3.5101717586950576,0.0,46.743199999999995,46.743199999999995,46.743199999999995,0,0,0,0.0,0,0,0,0.0,False,4,7404,3396,0.31444444444444447,True,8a1ecdc8b3dedcbacf805df3a4ae4d8cc1ac40b1a1d7b8c3984b7a9cda0a6e75,8a1ecdc8b3dedcbacf805df3a4ae4d8cc1ac40b1a1d7b8c3984b7a9cda0a6e75
compute-heterogeneous-05,compute-heterogeneous,headline,53.746267648859174,53.746267648859174,1.1462642551614086,1.1462642551614086,0.0,0.0,0.0,-2.813715065799338,-2.813715065799338,1.2858495036959905,0.0,46.88820000000001,46.88820000000001,46.88820000000001,0,0,0,0.0,0,0,0,0.0,False,4,7804,2996,0.2774074074074074,True,f620716c8319551d401217cab621f16d0b8da18b8963be230f5f4646a254c6ef,f620716c8319551d401217cab621f16d0b8da18b8963be230f5f4646a254c6ef
compute-heterogeneous-06,compute-heterogeneous,headline,52.67364787613885,52.67364787613885,1.134020140028738,1.134020140028738,0.0,0.0,0.0,0.33506772718128186,0.33506772718128186,0.46490364989688615,0.0,46.44860000000001,46.44860000000001,46.44860000000001,0,0,0,0.0,0,0,0,0.0,False,2,4252,1148,0.21259259259259258,True,b763e9e0f3ca583a39ccda3627f6b84e3ee10356e4b6fa691497e8f611dd3e7d,b763e9e0f3ca583a39ccda3627f6b84e3ee10356e4b6fa691497e8f611dd3e7d
network-heterogeneous-01,network-heterogeneous,headline,43.47508704017261,43.47508704017261,0.91739140703341,0.91739140703341,0.0,0.0,0.0,17.029869287724143,17.029869287724143,17.674901508332617,0.0,47.38990000000001,47.38990000000001,47.38990000000001,0,0,0,0.0,0,0,0,0.0,False,6,9729,6471,0.39944444444444444,True,493964dbff6e801950f39ee65ad6036f259997c6d0e4d1d2f941a850ccaaa175,493964dbff6e801950f39ee65ad6036f259997c6d0e4d1d2f941a850ccaaa175
network-heterogeneous-02,network-heterogeneous,headline,45.868731664401565,45.868731664401565,0.932530112679295,0.932530112679295,0.0,0.0,0.0,0.0,0.0,0.0,0.0,49.18740000000001,49.18740000000001,49.18740000000001,0,0,0,0.0,0,0,0,0.0,False,0,0,0,0.0,False,7ff471013bea41246a73321f6abe6336135c8794df6bdffd0807626da9418d19,7ff471013bea41246a73321f6abe6336135c8794df6bdffd0807626da9418d19
network-heterogeneous-03,network-heterogeneous,headline,9.649118111206334,9.649118111206334,0.1920761469627564,0.1920761469627564,0.0,0.0,0.0,0.0,0.0,0.0,0.0,50.2359,50.2359,50.2359,0,0,0,0.0,0,0,0,0.0,False,0,0,0,0.0,False,2240f51029174ce2fd35b67ec3e2139c8a34805ff77e787df02cbe52cf1dd03a,2240f51029174ce2fd35b67ec3e2139c8a34805ff77e787df02cbe52cf1dd03a
network-heterogeneous-04,network-heterogeneous,headline,65.60527922794304,65.60527922794304,1.3171106048573187,1.3171106048573187,0.0,0.0,0.0,0.7160964809105552,0.7160964809105552,0.5294095540332222,0.0,49.81,49.81,49.81,0,0,0,0.0,0,0,0,0.0,False,4,8360,2440,0.22592592592592592,True,374cff4b48a74fd8f8271870f774dd58feea0d51e4f938fe89639c832e342a47,374cff4b48a74fd8f8271870f774dd58feea0d51e4f938fe89639c832e342a47
network-heterogeneous-05,network-heterogeneous,headline,65.70010468172879,65.70010468172879,1.322303515102389,1.322303515102389,0.0,0.0,0.0,0.0,0.0,0.0,0.0,49.68609999999998,49.68609999999998,49.68609999999998,0,0,0,0.0,0,0,0,0.0,False,0,0,0,0.0,False,67ce128397acb3c2d21432e40a67ffaac5fe57c64dd567b7c7e9e5ad37677e94,67ce128397acb3c2d21432e40a67ffaac5fe57c64dd567b7c7e9e5ad37677e94
network-heterogeneous-06,network-heterogeneous,headline,52.70741024590837,52.70741024590837,1.0682404327064305,1.0682404327064305,0.0,0.0,0.0,0.0,0.0,0.0,0.0,49.3404,49.3404,49.3404,0,0,0,0.0,0,0,0,0.0,False,0,0,0,0.0,False,e6019b11e1b9763de3d3e44bde09534eec52a834d08efd541485a112e6772b22,e6019b11e1b9763de3d3e44bde09534eec52a834d08efd541485a112e6772b22
full-mixed-01,full-mixed,headline,58.89366779358244,58.89366779358244,0.9051137168454154,0.9051137168454154,0.0,0.0,0.0,0.0,0.0,0.0,0.0,65.0677,65.0677,65.0677,0,0,0,0.0,0,0,0,0.0,False,0,0,0,0.0,False,fee53098e5a748f65ca4999d8a8883e30394b75cd372419a36ec17bbd91edafb,fee53098e5a748f65ca4999d8a8883e30394b75cd372419a36ec17bbd91edafb
full-mixed-02,full-mixed,headline,52.587657047494424,52.587657047494424,0.8559634786885777,0.8559634786885777,0.0,0.0,0.0,1.8022421003416556,0.09202779764747593,0.7316291960848043,0.0,61.43680000000002,61.43680000000002,60.40470000000002,0,0,0,0.0,0,0,0,0.0,False,2,4648,752,0.13925925925925925,True,28a8970975a019c3fb7366973aa15c030be01171425fd6c4a19e84eef415fc1a,28a8970975a019c3fb7366973aa15c030be01171425fd6c4a19e84eef415fc1a
full-mixed-03,full-mixed,headline,53.89671151172414,53.89671151172414,0.8893010312845843,0.8893010312845843,0.0,0.0,0.0,0.0,0.0,0.0,0.0,60.60570000000001,60.60570000000001,60.60570000000001,0,0,0,0.0,0,0,0,0.0,False,0,0,0,0.0,False,2db2cb446c340944e0561bce518001a5986aed8539bb976be47eaa24e121191c,2db2cb446c340944e0561bce518001a5986aed8539bb976be47eaa24e121191c
coarse-friendly-01,coarse-friendly,negative_control,54.80144374589557,55.43043322296311,1.1676079102477386,1.2109747849834858,3.7141641774716794,1.1477607779533106,-0.5770656189237777,2.4652043310867677,2.46520433108679,0.7242339525579178,2.2302869669759584,46.93480000000001,45.77340000000002,46.93480000000001,4,7861174272,8593596026,8.003409976139665,0,7458,3342,0.30944444444444447,True,2,3731,1669,0.30907407407407406,True,dd704e9398787162aaf48db1bc0e2ec04acc504a82fb35e95fbf28b2c3ca034c,cdb5efe9aa3a6bb09d5cf57a6e76f1b77f1dcbe8599504f8dc5cd809cc0c3573
coarse-friendly-02,coarse-friendly,negative_control,57.465823006659626,57.465823006659626,1.2044791984644685,1.2044791984644685,0.0,0.0,0.0,0.0,0.0,0.0,0.0,47.71009999999999,47.71009999999999,47.71009999999999,0,0,0,0.0,0,0,0,0.0,False,0,0,0,0.0,False,2f42bfe671cbaef77251af3aefa1fcae120c876075aec693d81f8cdc31e364cb,2f42bfe671cbaef77251af3aefa1fcae120c876075aec693d81f8cdc31e364cb
coarse-friendly-03,coarse-friendly,negative_control,56.952063438393914,12.763504174789258,1.170352889986579,0.26814197065511325,-77.0887932221718,-77.58903996762861,-77.45070844738026,-0.06278391390621696,-0.06278391390621696,0.17901536812936492,-1.5980116083285867,48.66230000000001,47.599799999999995,48.66230000000001,10,19652935680,21784411975,20.28831464704126,0,19528,7472,0.27674074074074073,True,20,43801,10199,0.18887037037037038,True,6ec391eb8f3022dc97b417e315e2e326ed775f0379c5a6ca43dead1b534c15cf,39c93b18753fda4257de081cd30bb238ba557353efb70a627e007356df6cc950
memory-fragmented-02,memory-fragmented,capacity_exploratory,36.61888490218912,35.79297847329908,0.5529164877739999,0.540445947419983,-2.255411193148249,-2.255411193148238,1.409835652247815,-2.255411193148249,-2.255411193148238,1.409835652247815,2.5628260976578776,66.22859999999999,66.22859999999999,66.22859999999999,4,7861174272,8593596026,8.003409976139665,0,8900,1900,0.17592592592592593,True,4,8900,1900,0.17592592592592593,True,4d6e142ab099cabe701f5796b01da0bda2b02e939d8c32977c858138e9980f4b,fea6903d97865f03382030fa8c3cfbaf78eb7f49a897101a9dfdf1a56bf99e55
memory-fragmented-04,memory-fragmented,capacity_exploratory,32.977356051553805,33.95442667462961,0.4758891319096951,0.4899890279081222,2.962853121239739,2.962853121239739,1.6202578811848944,2.962853121239739,2.962853121239739,1.6202578811848944,-12.971474359348978,69.2963,69.2963,69.2963,8,15722348544,17387473327,16.1933464249596,0,16306,5294,0.24509259259259258,True,8,16306,5294,0.24509259259259258,True,0edfa33322cfd5d98b7c31ce141a8a657cdbb902c94811a82997a2e6e3811553,31bd6a281a2e13c9bd73c4f9a6c902b4645f89bd007128ef1abbc5e5dfba33bc
memory-fragmented-06,memory-fragmented,capacity_exploratory,39.12040769585103,39.12040769585103,0.5403460788832277,0.5403460788832277,0.0,0.0,0.0,0.0,0.0,0.0,0.0,72.39880000000001,72.39880000000001,72.39880000000001,0,0,0,0.0,0,0,0,0.0,False,0,0,0,0.0,False,d06b4594a872a0c2d0ef262722db132c7ed21dc003aec7f41a36fad83c608c1f,d06b4594a872a0c2d0ef262722db132c7ed21dc003aec7f41a36fad83c608c1f
full-mixed-04,full-mixed,capacity_exploratory,24.416449471671612,25.12614523929575,0.2996615059587754,0.31682727224840335,5.728385511080436,2.9066296819590276,4.504491982858205,2.906629681958939,2.906629681958939,2.906629681958939,-0.7283980506322618,81.4801,79.3055,81.4801,6,11791761408,13090675315,12.19164143782109,0,10613,5587,0.34487654320987654,True,2,3193,2207,0.4087037037037037,True,8ffc9f00e36f1a35f68b927a992bf4a393379576a0baf6e3e9375036b529a1a2,4fe76d6273f858cc70656285b331e014ba3882df9f69528161453e92173aa8e2
full-mixed-05,full-mixed,capacity_exploratory,49.52493185922716,49.52493185922716,0.6701297213153256,0.6701297213153256,0.0,0.0,0.0,-1.782946241755956,-1.782946241755956,0.4264284777942162,0.0,73.9035,73.9035,73.9035,0,0,0,0.0,0,0,0,0.0,False,4,9034,1766,0.1635185185185185,True,e2ef2c05e45c83f7f61897210aee573bef885cf7e505ca1fa307a616271c9f37,e2ef2c05e45c83f7f61897210aee573bef885cf7e505ca1fa307a616271c9f37
full-mixed-06,full-mixed,capacity_exploratory,48.389292889325475,48.389292889325475,0.6637936090148507,0.6637936090148507,0.0,0.0,0.0,-0.24667059137412073,-0.24667059137412073,1.470480094952853,0.0,72.89809999999997,72.89809999999997,72.89809999999997,0,0,0,0.0,0,0,0,0.0,False,8,17611,3989,0.18467592592592594,True,239b432ca09cf160c0e76c171517165d756ffad2c00a185ee8fe97cd274e85d8,239b432ca09cf160c0e76c171517165d756ffad2c00a185ee8fe97cd274e85d8
