inventory_id,cohort,family,run1_u_strong_hash,run2_u_strong_hash,run1_flex_free_replica_count,run2_flex_free_replica_count,run1_flex_pool_replica_count,run2_flex_pool_replica_count,run1_flex_free_efficiency_uplift,run2_flex_free_efficiency_uplift,run1_flex_pool_efficiency_uplift,run2_flex_pool_efficiency_uplift,run1_flex_pool_raw_throughput_uplift,run2_flex_pool_raw_throughput_uplift,run1_flex_pool_slo_concurrency,run2_flex_pool_slo_concurrency,run1_flex_pool_actual_replica_used,run2_flex_pool_actual_replica_used,run2_flex_pool_envelope_source
memory-fragmented-01,headline,memory-fragmented,b54b1e91151d2053f79f179db05604b735a73dfbac7f2745e7ea55dcf0031b71,b54b1e91151d2053f79f179db05604b735a73dfbac7f2745e7ea55dcf0031b71,2,0,0,0,-3.2009256596399305,0.0,0.0,0.0,0.0,0.0,8,8,False,False,U_STRONG
memory-fragmented-03,headline,memory-fragmented,68663b7f3e438fa8fc2d46c659a3d0654b2b66d7e94825484ba169ae527c25c0,68663b7f3e438fa8fc2d46c659a3d0654b2b66d7e94825484ba169ae527c25c0,8,0,0,0,-0.9969259016234022,0.0,0.0,0.0,0.0,0.0,8,8,False,False,U_STRONG
memory-fragmented-05,headline,memory-fragmented,ac5c93acca10b069266bb479fa648e6f1c183f1da1221432870cc543ab8f5d5e,ac5c93acca10b069266bb479fa648e6f1c183f1da1221432870cc543ab8f5d5e,0,4,0,4,0.0,0.599857241317836,0.0,0.599857241317836,0.0,0.599857241317836,8,8,False,True,FLEX_FREE
compute-heterogeneous-01,headline,compute-heterogeneous,799df9447e9be1cf84d42c3adb924e3445cdb05fba129fca569f75601193697a,799df9447e9be1cf84d42c3adb924e3445cdb05fba129fca569f75601193697a,2,0,0,0,-2.454997753999777,0.0,0.0,0.0,0.0,0.0,8,8,False,False,U_STRONG
compute-heterogeneous-02,headline,compute-heterogeneous,ffa09c606e308efcf027a674222caaa67b5d58af8172268d1e1ac620f15ce914,ffa09c606e308efcf027a674222caaa67b5d58af8172268d1e1ac620f15ce914,8,8,0,8,0.43471623121493774,2.088685296163595,0.0,2.088685296163595,0.0,2.088685296163595,8,8,False,True,FLEX_FREE
compute-heterogeneous-03,headline,compute-heterogeneous,b0898d40728a9a0ebe80512cc5817a2a2e6c0a7b1ab169b7d96d6435b75ececb,b0898d40728a9a0ebe80512cc5817a2a2e6c0a7b1ab169b7d96d6435b75ececb,2,0,0,0,-3.8876180428792373,0.0,0.0,0.0,0.0,0.0,8,8,False,False,U_STRONG
compute-heterogeneous-04,headline,compute-heterogeneous,8a1ecdc8b3dedcbacf805df3a4ae4d8cc1ac40b1a1d7b8c3984b7a9cda0a6e75,8a1ecdc8b3dedcbacf805df3a4ae4d8cc1ac40b1a1d7b8c3984b7a9cda0a6e75,4,0,0,0,-0.97668949012919,0.0,0.0,0.0,0.0,0.0,8,8,False,False,U_STRONG
compute-heterogeneous-05,headline,compute-heterogeneous,f620716c8319551d401217cab621f16d0b8da18b8963be230f5f4646a254c6ef,f620716c8319551d401217cab621f16d0b8da18b8963be230f5f4646a254c6ef,4,0,0,0,-2.813715065799338,0.0,0.0,0.0,0.0,0.0,8,8,False,False,U_STRONG
compute-heterogeneous-06,headline,compute-heterogeneous,b763e9e0f3ca583a39ccda3627f6b84e3ee10356e4b6fa691497e8f611dd3e7d,b763e9e0f3ca583a39ccda3627f6b84e3ee10356e4b6fa691497e8f611dd3e7d,2,8,0,8,0.33506772718128186,2.7149163915004992,0.0,2.7149163915004992,0.0,2.7149163915005214,8,8,False,True,FLEX_FREE
network-heterogeneous-01,headline,network-heterogeneous,493964dbff6e801950f39ee65ad6036f259997c6d0e4d1d2f941a850ccaaa175,493964dbff6e801950f39ee65ad6036f259997c6d0e4d1d2f941a850ccaaa175,6,4,0,4,17.029869287724143,16.763540361369955,0.0,16.763540361369955,0.0,16.763540361369955,8,8,False,True,FLEX_FREE
network-heterogeneous-02,headline,network-heterogeneous,7ff471013bea41246a73321f6abe6336135c8794df6bdffd0807626da9418d19,7ff471013bea41246a73321f6abe6336135c8794df6bdffd0807626da9418d19,0,2,0,10,0.0,1.7090110814443893,0.0,2.384882776994268,0.0,1.7090110814443893,8,8,False,True,POOL-U
network-heterogeneous-03,headline,network-heterogeneous,2240f51029174ce2fd35b67ec3e2139c8a34805ff77e787df02cbe52cf1dd03a,2240f51029174ce2fd35b67ec3e2139c8a34805ff77e787df02cbe52cf1dd03a,0,0,0,0,0.0,0.0,0.0,0.0,0.0,0.0,1,1,False,False,U_STRONG
network-heterogeneous-04,headline,network-heterogeneous,374cff4b48a74fd8f8271870f774dd58feea0d51e4f938fe89639c832e342a47,374cff4b48a74fd8f8271870f774dd58feea0d51e4f938fe89639c832e342a47,4,8,0,8,0.7160964809105552,0.7224684858614605,0.0,0.7224684858614605,0.0,0.7224684858614605,8,8,False,True,FLEX_FREE
network-heterogeneous-05,headline,network-heterogeneous,67ce128397acb3c2d21432e40a67ffaac5fe57c64dd567b7c7e9e5ad37677e94,67ce128397acb3c2d21432e40a67ffaac5fe57c64dd567b7c7e9e5ad37677e94,0,2,0,2,0.0,0.6331229189006748,0.0,0.6331229189006748,0.0,0.6331229189006526,8,8,False,True,FLEX_FREE
network-heterogeneous-06,headline,network-heterogeneous,e6019b11e1b9763de3d3e44bde09534eec52a834d08efd541485a112e6772b22,e6019b11e1b9763de3d3e44bde09534eec52a834d08efd541485a112e6772b22,0,4,0,6,0.0,0.6704367154329871,0.0,4.5395428791833,0.0,0.1880720122007462,8,8,False,True,POOL-U
full-mixed-01,headline,full-mixed,fee53098e5a748f65ca4999d8a8883e30394b75cd372419a36ec17bbd91edafb,fee53098e5a748f65ca4999d8a8883e30394b75cd372419a36ec17bbd91edafb,0,0,0,4,0.0,0.0,0.0,0.9222306423405602,0.0,-0.6815387622054692,8,8,False,True,POOL-U
full-mixed-02,headline,full-mixed,28a8970975a019c3fb7366973aa15c030be01171425fd6c4a19e84eef415fc1a,28a8970975a019c3fb7366973aa15c030be01171425fd6c4a19e84eef415fc1a,2,4,0,4,1.8022421003416556,2.162461393817683,0.0,2.162461393817683,0.0,0.5674200998545986,8,8,False,True,FLEX_FREE
full-mixed-03,headline,full-mixed,2db2cb446c340944e0561bce518001a5986aed8539bb976be47eaa24e121191c,2db2cb446c340944e0561bce518001a5986aed8539bb976be47eaa24e121191c,0,10,0,10,0.0,1.4484747784769603,0.0,1.4484747784769603,0.0,1.4484747784769603,8,8,False,True,FLEX_FREE
coarse-friendly-01,negative_control,coarse-friendly,dd704e9398787162aaf48db1bc0e2ec04acc504a82fb35e95fbf28b2c3ca034c,dd704e9398787162aaf48db1bc0e2ec04acc504a82fb35e95fbf28b2c3ca034c,2,8,4,12,2.4652043310867677,3.1462997448838292,3.7141641774716794,8.030623875806508,1.1477607779533106,2.741968880377943,8,8,True,True,POOL-U
coarse-friendly-02,negative_control,coarse-friendly,2f42bfe671cbaef77251af3aefa1fcae120c876075aec693d81f8cdc31e364cb,2f42bfe671cbaef77251af3aefa1fcae120c876075aec693d81f8cdc31e364cb,0,8,0,8,0.0,0.6691492310074043,0.0,0.6691492310074043,0.0,0.6691492310074265,8,8,False,True,FLEX_FREE
coarse-friendly-03,negative_control,coarse-friendly,6ec391eb8f3022dc97b417e315e2e326ed775f0379c5a6ca43dead1b534c15cf,6ec391eb8f3022dc97b417e315e2e326ed775f0379c5a6ca43dead1b534c15cf,20,0,10,14,-0.06278391390621696,0.0,-77.0887932221718,5.449792372365381,-77.58903996762861,1.3139115421971104,1,8,True,True,POOL-U
memory-fragmented-02,capacity_exploratory,memory-fragmented,4d6e142ab099cabe701f5796b01da0bda2b02e939d8c32977c858138e9980f4b,4d6e142ab099cabe701f5796b01da0bda2b02e939d8c32977c858138e9980f4b,4,16,4,16,-2.255411193148249,3.8368630730211573,-2.255411193148249,3.8368630730211573,-2.255411193148238,3.8368630730211795,8,8,True,True,FLEX_FREE
memory-fragmented-04,capacity_exploratory,memory-fragmented,0edfa33322cfd5d98b7c31ce141a8a657cdbb902c94811a82997a2e6e3811553,0edfa33322cfd5d98b7c31ce141a8a657cdbb902c94811a82997a2e6e3811553,8,18,8,18,2.962853121239739,3.51731583519872,2.962853121239739,3.51731583519872,2.962853121239739,3.517315835198742,8,8,True,True,FLEX_FREE
memory-fragmented-06,capacity_exploratory,memory-fragmented,d06b4594a872a0c2d0ef262722db132c7ed21dc003aec7f41a36fad83c608c1f,d06b4594a872a0c2d0ef262722db132c7ed21dc003aec7f41a36fad83c608c1f,0,0,0,0,0.0,0.0,0.0,0.0,0.0,0.0,8,8,False,False,U_STRONG
full-mixed-04,capacity_exploratory,full-mixed,8ffc9f00e36f1a35f68b927a992bf4a393379576a0baf6e3e9375036b529a1a2,8ffc9f00e36f1a35f68b927a992bf4a393379576a0baf6e3e9375036b529a1a2,2,2,6,10,2.906629681958939,2.906629681958939,5.728385511080436,8.106564997943444,2.9066296819590276,2.906629681959072,8,8,True,True,POOL-U
full-mixed-05,capacity_exploratory,full-mixed,e2ef2c05e45c83f7f61897210aee573bef885cf7e505ca1fa307a616271c9f37,e2ef2c05e45c83f7f61897210aee573bef885cf7e505ca1fa307a616271c9f37,4,0,0,0,-1.782946241755956,0.0,0.0,0.0,0.0,0.0,8,8,False,False,U_STRONG
full-mixed-06,capacity_exploratory,full-mixed,239b432ca09cf160c0e76c171517165d756ffad2c00a185ee8fe97cd274e85d8,239b432ca09cf160c0e76c171517165d756ffad2c00a185ee8fe97cd274e85d8,8,8,0,8,-0.24667059137412073,0.9717531952083691,0.0,1.0872334935901673,0.0,-0.26368213890856085,8,8,False,True,POOL-U
