inventory_id,arm,primary_latency_budget_ms,c1_tps,c1_p95,c1_eligible,c8_tps,c8_p95,c8_eligible,c32_tps,c32_p95,c32_eligible,c64_tps,c64_p95,c64_eligible,c128_tps,c128_p95,c128_eligible,selected_slo_concurrency,selected_slo_tps,distance_to_budget_ms_at_next_higher_throughput_point,distance_to_budget_percent
coarse-friendly-01,FLEX_FREE,2505.026021200203,13.253736131171085,1282.6571943001181,True,56.525661430665345,2393.9964017992497,True,44.769271871844495,9435.758007099732,False,29.44767436215163,18920.54774266035,False,29.62930257356841,37146.00460400225,False,8,56.525661430665345,,
coarse-friendly-01,FLEX_FREE_NO_ALT,2505.026021200203,13.0665623031628,1301.030799500135,True,55.74866058258214,2470.254583199232,True,44.646265137919116,9395.364181999788,False,29.960889492528644,18652.934994479587,False,29.7667340713299,37094.34125519947,False,8,55.74866058258214,,
coarse-friendly-01,FLEX_POOL,2505.026021200203,12.596541790393886,1349.5767555003113,True,56.304082279405854,2430.3728945000275,True,45.155081002480564,9315.699555299743,False,29.860545960265178,18722.437947480947,False,29.651631109383572,37189.046593580926,False,8,56.304082279405854,,
coarse-friendly-01,FLEX_POOL_NO_ALT,2505.026021200203,12.414423940814439,1369.3748563003028,True,51.40838924514718,2636.726838199902,False,40.99277300003535,10205.438910478306,False,27.92496539339387,20065.62626125948,False,27.537468800300168,39911.19717089561,False,1,12.414423940814439,37406.17114969541,1493.2448139510118
coarse-friendly-01,U_STRONG,2505.026021200203,13.572713302081299,1252.5130106001016,True,54.80144374589557,2471.3608299992156,True,44.16236164545937,9517.477296957273,False,29.829261073231798,18755.13242405957,False,29.474927175589816,37399.28514226686,False,8,54.80144374589557,,
coarse-friendly-02,FLEX_FREE,2524.2467066001263,13.287621085234505,1279.386271700103,True,57.850355119400774,2334.417401400002,True,46.04888441175835,9097.922948699947,False,30.46895059617267,18241.87397440022,False,30.41988464795923,36237.3067009604,False,8,57.850355119400774,,
coarse-friendly-02,FLEX_FREE_NO_ALT,2524.2467066001263,13.287621085234505,1279.386271700103,True,57.645426010177616,2414.542337399831,True,45.83594885135115,9149.022393339963,False,30.42714810954569,18238.765635319935,False,30.499689146221886,36142.55474102139,False,8,57.645426010177616,,
coarse-friendly-02,FLEX_POOL,2524.2467066001263,13.287621085234505,1279.386271700103,True,57.850355119400774,2334.417401400002,True,46.04888441175835,9097.922948699947,False,30.46895059617267,18241.87397440022,False,30.41988464795923,36237.3067009604,False,8,57.850355119400774,,
coarse-friendly-02,FLEX_POOL_NO_ALT,2524.2467066001263,13.287621085234505,1279.386271700103,True,57.645426010177616,2414.542337399831,True,45.83594885135115,9149.022393339963,False,30.42714810954569,18238.765635319935,False,30.499689146221886,36142.55474102139,False,8,57.645426010177616,,
coarse-friendly-02,U_STRONG,2524.2467066001263,13.469364904430092,1262.1233533000632,True,57.465823006659626,2328.4567569000246,True,46.15298399208389,9082.816962019828,False,30.769882116290788,18037.63207757988,False,30.634021090610823,35974.51892838256,False,8,57.465823006659626,,
coarse-friendly-03,FLEX_FREE,2502.8939372001623,13.584275184284039,1251.4469686000812,True,56.952063438393914,2376.486477199298,True,45.45411021697381,9181.511484717723,False,30.30055049326327,18384.768563920512,False,30.334191645401894,36289.64671216415,False,8,56.952063438393914,,
coarse-friendly-03,FLEX_FREE_NO_ALT,2502.8939372001623,13.584275184284039,1251.4469686000812,True,56.952063438393914,2376.486477199298,True,45.45411021697381,9181.511484717723,False,30.30055049326327,18384.768563920512,False,30.334191645401894,36289.64671216415,False,8,56.952063438393914,,
coarse-friendly-03,FLEX_POOL,2502.8939372001623,12.787563620306514,1329.416650800209,True,57.7003631734304,2344.814898999881,True,46.07145719561977,9027.718299160046,False,30.670137576110747,18260.788512460545,False,30.52365217891797,35948.47365042563,False,8,57.7003631734304,,
coarse-friendly-03,FLEX_POOL_NO_ALT,2502.8939372001623,12.239891260610177,1388.9012278002192,True,56.596777527412584,2416.3593633000073,True,44.877214353197104,9364.978570379753,False,30.151225316730418,18586.200500080067,False,29.94996622475385,36808.8880286255,False,8,56.596777527412584,,
coarse-friendly-03,U_STRONG,2502.8939372001623,13.584275184284039,1251.4469686000812,True,56.952063438393914,2376.486477199298,True,45.45411021697381,9181.511484717723,False,30.30055049326327,18384.768563920512,False,30.334191645401894,36289.64671216415,False,8,56.952063438393914,,
compute-heterogeneous-01,FLEX_FREE,3501.0005548805493,9.711509457664246,1750.5002774402747,True,51.049132493396215,2735.919188527332,True,44.235714016069934,9641.4736680816,False,29.604412116563513,19124.23854515675,False,29.498724069927484,37699.32844788687,False,8,51.049132493396215,,
compute-heterogeneous-01,FLEX_FREE_NO_ALT,3501.0005548805493,9.711509457664246,1750.5002774402747,True,51.049132493396215,2735.919188527332,True,44.235714016069934,9641.4736680816,False,29.604412116563513,19124.23854515675,False,29.498724069927484,37699.32844788687,False,8,51.049132493396215,,
compute-heterogeneous-01,FLEX_POOL,3501.0005548805493,9.711509457664246,1750.5002774402747,True,51.049132493396215,2735.919188527332,True,44.235714016069934,9641.4736680816,False,29.604412116563513,19124.23854515675,False,29.498724069927484,37699.32844788687,False,8,51.049132493396215,,
compute-heterogeneous-01,FLEX_POOL_NO_ALT,3501.0005548805493,9.711509457664246,1750.5002774402747,True,51.049132493396215,2735.919188527332,True,44.235714016069934,9641.4736680816,False,29.604412116563513,19124.23854515675,False,29.498724069927484,37699.32844788687,False,8,51.049132493396215,,
compute-heterogeneous-01,U_STRONG,3501.0005548805493,9.711509457664246,1750.5002774402747,True,51.049132493396215,2735.919188527332,True,44.235714016069934,9641.4736680816,False,29.604412116563513,19124.23854515675,False,29.498724069927484,37699.32844788687,False,8,51.049132493396215,,
compute-heterogeneous-02,FLEX_FREE,3445.4721262271923,9.82363936549213,1730.5195526335738,True,54.72255106124353,2503.024717886645,True,44.561497928237856,9453.298708944329,False,29.951536425158302,18684.44859479414,False,29.685705249753074,37358.22468143449,False,8,54.72255106124353,,
compute-heterogeneous-02,FLEX_FREE_NO_ALT,3445.4721262271923,9.82363936549213,1730.5195526335738,True,52.961530540116144,2610.6125585729715,True,44.71966267785865,9454.409759635173,False,29.892043427054567,18656.312444170122,False,29.63454150650937,37239.011404790945,False,8,52.961530540116144,,
compute-heterogeneous-02,FLEX_POOL,3445.4721262271923,9.82363936549213,1730.5195526335738,True,54.72255106124353,2503.024717886645,True,44.561497928237856,9453.298708944329,False,29.951536425158302,18684.44859479414,False,29.685705249753074,37358.22468143449,False,8,54.72255106124353,,
compute-heterogeneous-02,FLEX_POOL_NO_ALT,3445.4721262271923,9.82363936549213,1730.5195526335738,True,52.961530540116144,2610.6125585729715,True,44.71966267785865,9454.409759635173,False,29.892043427054567,18656.312444170122,False,29.63454150650937,37239.011404790945,False,8,52.961530540116144,,
compute-heterogeneous-02,U_STRONG,3445.4721262271923,9.868023526064707,1722.7360631135962,True,53.602954041861835,2611.9093651265393,True,44.7736767070817,9399.113301179916,False,30.037815260712502,18529.506546554334,False,29.652466862525543,37274.397566117244,False,8,53.602954041861835,,
compute-heterogeneous-03,FLEX_FREE,3555.157388880645,9.563570970543617,1777.5786944403226,True,54.26243375988494,2522.3724646263036,True,46.48042763959832,9024.650748389897,False,30.886969029071807,18107.265050243943,False,30.75990628217552,35597.20366012639,False,8,54.26243375988494,,
compute-heterogeneous-03,FLEX_FREE_NO_ALT,3555.157388880645,9.563570970543617,1777.5786944403226,True,54.26243375988494,2522.3724646263036,True,46.48042763959832,9024.650748389897,False,30.886969029071807,18107.265050243943,False,30.75990628217552,35597.20366012639,False,8,54.26243375988494,,
compute-heterogeneous-03,FLEX_POOL,3555.157388880645,9.563570970543617,1777.5786944403226,True,54.26243375988494,2522.3724646263036,True,46.48042763959832,9024.650748389897,False,30.886969029071807,18107.265050243943,False,30.75990628217552,35597.20366012639,False,8,54.26243375988494,,
compute-heterogeneous-03,FLEX_POOL_NO_ALT,3555.157388880645,9.563570970543617,1777.5786944403226,True,54.26243375988494,2522.3724646263036,True,46.48042763959832,9024.650748389897,False,30.886969029071807,18107.265050243943,False,30.75990628217552,35597.20366012639,False,8,54.26243375988494,,
compute-heterogeneous-03,U_STRONG,3555.157388880645,9.563570970543617,1777.5786944403226,True,54.26243375988494,2522.3724646263036,True,46.48042763959832,9024.650748389897,False,30.886969029071807,18107.265050243943,False,30.75990628217552,35597.20366012639,False,8,54.26243375988494,,
compute-heterogeneous-04,FLEX_FREE,3573.229235267281,9.515202569272173,1786.6146176336406,True,55.52664438254195,2420.4310195403305,True,46.46607913981933,9108.490435607779,False,30.845663767751635,18048.19922198917,False,30.83121531769923,35808.60328610767,False,8,55.52664438254195,,
compute-heterogeneous-04,FLEX_FREE_NO_ALT,3573.229235267281,9.515202569272173,1786.6146176336406,True,55.52664438254195,2420.4310195403305,True,46.46607913981933,9108.490435607779,False,30.845663767751635,18048.19922198917,False,30.83121531769923,35808.60328610767,False,8,55.52664438254195,,
compute-heterogeneous-04,FLEX_POOL,3573.229235267281,9.515202569272173,1786.6146176336406,True,55.52664438254195,2420.4310195403305,True,46.46607913981933,9108.490435607779,False,30.845663767751635,18048.19922198917,False,30.83121531769923,35808.60328610767,False,8,55.52664438254195,,
compute-heterogeneous-04,FLEX_POOL_NO_ALT,3573.229235267281,9.515202569272173,1786.6146176336406,True,55.52664438254195,2420.4310195403305,True,46.46607913981933,9108.490435607779,False,30.845663767751635,18048.19922198917,False,30.83121531769923,35808.60328610767,False,8,55.52664438254195,,
compute-heterogeneous-04,U_STRONG,3573.229235267281,9.515202569272173,1786.6146176336406,True,55.52664438254195,2420.4310195403305,True,46.46607913981933,9108.490435607779,False,30.845663767751635,18048.19922198917,False,30.83121531769923,35808.60328610767,False,8,55.52664438254195,,
compute-heterogeneous-05,FLEX_FREE,3411.9902853871026,9.964858383572496,1705.9951426935513,True,53.746267648859174,2546.7098654666825,True,44.61155496399314,9407.414583237196,False,30.078728911129954,18630.841156656425,False,30.01105791437119,36856.48600047162,False,8,53.746267648859174,,
compute-heterogeneous-05,FLEX_FREE_NO_ALT,3411.9902853871026,9.964858383572496,1705.9951426935513,True,53.746267648859174,2546.7098654666825,True,44.61155496399314,9407.414583237196,False,30.078728911129954,18630.841156656425,False,30.01105791437119,36856.48600047162,False,8,53.746267648859174,,
compute-heterogeneous-05,FLEX_POOL,3411.9902853871026,9.964858383572496,1705.9951426935513,True,53.746267648859174,2546.7098654666825,True,44.61155496399314,9407.414583237196,False,30.078728911129954,18630.841156656425,False,30.01105791437119,36856.48600047162,False,8,53.746267648859174,,
compute-heterogeneous-05,FLEX_POOL_NO_ALT,3411.9902853871026,9.964858383572496,1705.9951426935513,True,53.746267648859174,2546.7098654666825,True,44.61155496399314,9407.414583237196,False,30.078728911129954,18630.841156656425,False,30.01105791437119,36856.48600047162,False,8,53.746267648859174,,
compute-heterogeneous-05,U_STRONG,3411.9902853871026,9.964858383572496,1705.9951426935513,True,53.746267648859174,2546.7098654666825,True,44.61155496399314,9407.414583237196,False,30.078728911129954,18630.841156656425,False,30.01105791437119,36856.48600047162,False,8,53.746267648859174,,
compute-heterogeneous-06,FLEX_FREE,3413.799521053894,9.605955834054795,1769.7353905935888,True,54.10369337632941,2546.798836560345,True,44.52418885033967,9449.053944567868,False,29.780600130315648,18774.585283238484,False,29.469971779877348,37394.55316510573,False,8,54.10369337632941,,
compute-heterogeneous-06,FLEX_FREE_NO_ALT,3413.799521053894,9.605955834054795,1769.7353905935888,True,53.45219668469962,2604.1817493867093,True,44.80988479516,9467.898391906405,False,29.81264839991469,18695.631199168925,False,29.48269019423448,37317.12470478953,False,8,53.45219668469962,,
compute-heterogeneous-06,FLEX_POOL,3413.799521053894,9.605955834054795,1769.7353905935888,True,54.10369337632941,2546.798836560345,True,44.52418885033967,9449.053944567868,False,29.780600130315648,18774.585283238484,False,29.469971779877348,37394.55316510573,False,8,54.10369337632941,,
compute-heterogeneous-06,FLEX_POOL_NO_ALT,3413.799521053894,9.605955834054795,1769.7353905935888,True,53.45219668469962,2604.1817493867093,True,44.80988479516,9467.898391906405,False,29.81264839991469,18695.631199168925,False,29.48269019423448,37317.12470478953,False,8,53.45219668469962,,
compute-heterogeneous-06,U_STRONG,3413.799521053894,9.95957723654329,1706.899760526947,True,52.67364787613885,2660.6287993997466,True,44.07303333384195,9591.229131940849,False,29.60048421653561,18861.940068723285,False,29.282758120637652,37820.1269638015,False,8,52.67364787613885,,
full-mixed-01,FLEX_FREE,3730.456286413886,9.114166576309609,1865.228143206943,True,58.89366779358244,2220.577998000028,True,47.565227769388734,8667.045640961966,False,31.87360623721659,17334.09128192393,False,31.628424650786187,34668.182563843206,False,8,58.89366779358244,,
full-mixed-01,FLEX_FREE_NO_ALT,3730.456286413886,9.114166576309609,1865.228143206943,True,58.89366779358244,2220.577998000028,True,47.565227769388734,8667.045640961966,False,31.87360623721659,17334.09128192393,False,31.628424650786187,34668.182563843206,False,8,58.89366779358244,,
full-mixed-01,FLEX_POOL,3730.456286413886,9.068385687143014,1874.6445714269357,True,58.49228461908466,2266.414516360035,True,47.565227769388756,8667.045640961966,False,31.87360623721658,17334.09128192393,False,31.628424650786158,34668.182563843206,False,8,58.49228461908466,,
full-mixed-01,FLEX_POOL_NO_ALT,3730.456286413886,9.068385687143014,1874.6445714269357,True,58.112619843917784,2265.413871040035,True,47.565227769388756,8667.045640961966,False,31.87360623721658,17334.09128192393,False,31.628424650786158,34668.182563843206,False,8,58.112619843917784,,
full-mixed-01,U_STRONG,3730.456286413886,9.114166576309609,1865.228143206943,True,58.89366779358244,2220.577998000028,True,47.565227769388734,8667.045640961966,False,31.87360623721659,17334.09128192393,False,31.628424650786187,34668.182563843206,False,8,58.89366779358244,,
full-mixed-02,FLEX_FREE,3888.5198908005405,8.681111508939715,1958.274580680256,True,52.88604998362452,2526.331948959669,True,42.16090109017692,9919.738241418137,False,28.412927234032352,19472.522727872634,False,28.059424642884867,39255.90951552459,False,8,52.88604998362452,,
full-mixed-02,FLEX_FREE_NO_ALT,3888.5198908005405,8.681111508939715,1958.274580680256,True,52.788074584614016,2552.01384300019,True,42.38861435735401,9926.156453308826,False,28.436335756861,19700.097720752772,False,28.095145663516234,39177.87007093975,False,8,52.788074584614016,,
full-mixed-02,FLEX_POOL,3888.5198908005405,8.681111508939715,1958.274580680256,True,52.88604998362452,2526.331948959669,True,42.16090109017692,9919.738241418137,False,28.412927234032352,19472.522727872634,False,28.059424642884867,39255.90951552459,False,8,52.88604998362452,,
full-mixed-02,FLEX_POOL_NO_ALT,3888.5198908005405,8.681111508939715,1958.274580680256,True,52.788074584614016,2552.01384300019,True,42.38861435735401,9926.156453308826,False,28.436335756861,19700.097720752772,False,28.095145663516234,39177.87007093975,False,8,52.788074584614016,,
full-mixed-02,U_STRONG,3888.5198908005405,8.743686789529406,1944.2599454002702,True,52.587657047494424,2582.749768333404,True,42.152794687845365,9928.65960776855,False,28.225175661604737,19622.80614631671,False,28.210196215148496,39130.514937774686,False,8,52.587657047494424,,
full-mixed-03,FLEX_FREE,3711.7791433872044,9.216913426566851,1844.4352478135988,True,54.67739178439995,2495.0102678197436,True,44.65923055417346,9474.423219246019,False,30.072730273581453,18701.543186554823,False,29.698133606758073,37163.486398667286,False,8,54.67739178439995,,
full-mixed-03,FLEX_FREE_NO_ALT,3711.7791433872044,9.16002776204662,1855.8895716936022,True,53.89671151172414,2538.7076572470687,True,45.48808493892782,9310.422166540046,False,29.993348014359213,18538.455275106717,False,29.83445912428578,37026.6041199834,False,8,53.89671151172414,,
full-mixed-03,FLEX_POOL,3711.7791433872044,9.216913426566851,1844.4352478135988,True,54.67739178439995,2495.0102678197436,True,44.65923055417346,9474.423219246019,False,30.072730273581453,18701.543186554823,False,29.698133606758073,37163.486398667286,False,8,54.67739178439995,,
full-mixed-03,FLEX_POOL_NO_ALT,3711.7791433872044,9.16002776204662,1855.8895716936022,True,53.89671151172414,2538.7076572470687,True,45.48808493892782,9310.422166540046,False,29.993348014359213,18538.455275106717,False,29.83445912428578,37026.6041199834,False,8,53.89671151172414,,
full-mixed-03,U_STRONG,3711.7791433872044,9.16002776204662,1855.8895716936022,True,53.89671151172414,2538.7076572470687,True,45.48808493892782,9310.422166540046,False,29.993348014359213,18538.455275106717,False,29.83445912428578,37026.6041199834,False,8,53.89671151172414,,
full-mixed-04,FLEX_FREE,5977.696161123109,5.687809999634476,2988.8480805615545,True,25.126145239295724,5116.682196000416,True,20.92306725867796,19703.134100907475,False,14.020612080555937,39406.26820181999,False,13.912761218397389,78812.53640364856,False,8,25.126145239295724,,
full-mixed-04,FLEX_FREE_NO_ALT,5977.696161123109,5.687809999634476,2988.8480805615545,True,24.416449471671612,5347.1627353068325,True,20.641382824263335,20106.01188982486,False,13.811441721639277,40081.211722265376,False,13.736702115389987,80018.87062593823,False,8,24.416449471671612,,
full-mixed-04,FLEX_POOL,5977.696161123109,5.507120317528458,3086.912763808039,True,25.126145239295756,5116.682196000416,True,20.92306725867796,19703.13410090725,False,14.020612080555985,39406.26820182044,False,13.91276121839739,78812.53640364856,False,8,25.126145239295756,,
full-mixed-04,FLEX_POOL_NO_ALT,5977.696161123109,5.507120317528458,3086.912763808039,True,23.298051985669215,5655.4113455463885,True,20.64138282426336,20106.011889824527,False,13.845411431785424,40081.211722266584,False,13.71422746373526,80018.87062593643,False,8,23.298051985669215,,
full-mixed-04,U_STRONG,5977.696161123109,5.687809999634476,2988.8480805615545,True,24.416449471671612,5347.1627353068325,True,20.641382824263335,20106.01188982486,False,13.811441721639277,40081.211722265376,False,13.736702115389987,80018.87062593823,False,8,24.416449471671612,,
full-mixed-05,FLEX_FREE,3749.6803091601323,9.067439673978331,1874.8401545800662,True,49.52493185922716,2727.5909261527995,True,41.9208598478848,10135.999556712415,False,28.42640378972022,19666.364799116236,False,28.08917250576714,39263.35289711286,False,8,49.52493185922716,,
full-mixed-05,FLEX_FREE_NO_ALT,3749.6803091601323,9.067439673978331,1874.8401545800662,True,49.52493185922716,2727.5909261527995,True,41.9208598478848,10135.999556712415,False,28.42640378972022,19666.364799116236,False,28.08917250576714,39263.35289711286,False,8,49.52493185922716,,
full-mixed-05,FLEX_POOL,3749.6803091601323,9.067439673978331,1874.8401545800662,True,49.52493185922716,2727.5909261527995,True,41.9208598478848,10135.999556712415,False,28.42640378972022,19666.364799116236,False,28.08917250576714,39263.35289711286,False,8,49.52493185922716,,
full-mixed-05,FLEX_POOL_NO_ALT,3749.6803091601323,9.067439673978331,1874.8401545800662,True,49.52493185922716,2727.5909261527995,True,41.9208598478848,10135.999556712415,False,28.42640378972022,19666.364799116236,False,28.08917250576714,39263.35289711286,False,8,49.52493185922716,,
full-mixed-05,U_STRONG,3749.6803091601323,9.067439673978331,1874.8401545800662,True,49.52493185922716,2727.5909261527995,True,41.9208598478848,10135.999556712415,False,28.42640378972022,19666.364799116236,False,28.08917250576714,39263.35289711286,False,8,49.52493185922716,,
full-mixed-06,FLEX_FREE,3913.2077042669407,8.637473908860462,1968.1680291468074,True,48.85951738911623,2776.777193966409,True,42.2793014485538,9966.351178289597,False,28.261504698628553,19676.060834998254,False,28.1147114996596,39139.47874315619,False,8,48.85951738911623,,
full-mixed-06,FLEX_FREE_NO_ALT,3913.2077042669407,8.637473908860462,1968.1680291468074,True,48.040558153940815,2850.9805436263778,True,42.63995643269734,9995.628654301709,False,28.251844620310365,19748.25870885182,False,28.17639800825101,39272.85924538768,False,8,48.040558153940815,,
full-mixed-06,FLEX_POOL,3913.2077042669407,8.61727002149733,1972.7825584668171,True,48.26169896683217,2836.9897269330213,True,42.56999881551996,9923.881078177501,False,28.29952137855153,19688.33262071831,False,28.07445962922089,39177.65092719513,False,8,48.26169896683217,,
full-mixed-06,FLEX_POOL_NO_ALT,3913.2077042669407,8.61727002149733,1972.7825584668171,True,47.92598107987381,2837.7802280529468,True,42.335590532749194,9928.83460566712,False,28.55931347869201,19589.2826387263,False,28.162049442441557,39251.79035816762,False,8,47.92598107987381,,
full-mixed-06,U_STRONG,3913.2077042669407,8.688524241364417,1956.6038521334704,True,48.389292889325475,2864.423793119953,True,42.158388834491745,10008.040539121639,False,28.326018007446255,19701.262249899668,False,28.146521694583605,39203.51728162312,False,8,48.389292889325475,,
memory-fragmented-01,FLEX_FREE,2758.611796653873,12.325039732394357,1379.3058983269366,True,66.03811477817094,2147.633029759967,True,52.912164463497966,8022.00932138003,False,35.25177157284664,15809.657205347403,False,35.156868663409,31420.108038224906,False,8,66.03811477817094,,
memory-fragmented-01,FLEX_FREE_NO_ALT,2758.611796653873,12.325039732394357,1379.3058983269366,True,66.03811477817094,2147.633029759967,True,52.912164463497966,8022.00932138003,False,35.25177157284664,15809.657205347403,False,35.156868663409,31420.108038224906,False,8,66.03811477817094,,
memory-fragmented-01,FLEX_POOL,2758.611796653873,12.325039732394357,1379.3058983269366,True,66.03811477817094,2147.633029759967,True,52.912164463497966,8022.00932138003,False,35.25177157284664,15809.657205347403,False,35.156868663409,31420.108038224906,False,8,66.03811477817094,,
memory-fragmented-01,FLEX_POOL_NO_ALT,2758.611796653873,12.325039732394357,1379.3058983269366,True,66.03811477817094,2147.633029759967,True,52.912164463497966,8022.00932138003,False,35.25177157284664,15809.657205347403,False,35.156868663409,31420.108038224906,False,8,66.03811477817094,,
memory-fragmented-01,U_STRONG,2758.611796653873,12.325039732394357,1379.3058983269366,True,66.03811477817094,2147.633029759967,True,52.912164463497966,8022.00932138003,False,35.25177157284664,15809.657205347403,False,35.156868663409,31420.108038224906,False,8,66.03811477817094,,
memory-fragmented-02,FLEX_FREE,4171.683954519569,8.40473912189231,2022.668372386459,True,38.02390137475334,3542.0290373392418,True,31.771962592487764,13091.761391813618,False,21.433568685429325,26060.803945009513,False,21.13760945265927,52028.137072598896,False,8,38.02390137475334,,
memory-fragmented-02,FLEX_FREE_NO_ALT,4171.683954519569,8.150185961039803,2085.8419772597845,True,36.61888490218912,3679.37078866559,True,31.700264425365607,13172.644511593864,False,21.21075935003541,26377.71111451724,False,21.200475032520472,52044.0666319749,False,8,36.61888490218912,,
memory-fragmented-02,FLEX_POOL,4171.683954519569,8.40473912189231,2022.668372386459,True,38.02390137475334,3542.0290373392418,True,31.771962592487764,13091.761391813618,False,21.433568685429325,26060.803945009513,False,21.13760945265927,52028.137072598896,False,8,38.02390137475334,,
memory-fragmented-02,FLEX_POOL_NO_ALT,4171.683954519569,8.150185961039803,2085.8419772597845,True,36.61888490218912,3679.37078866559,True,31.700264425365607,13172.644511593864,False,21.21075935003541,26377.71111451724,False,21.200475032520472,52044.0666319749,False,8,36.61888490218912,,
memory-fragmented-02,U_STRONG,4171.683954519569,8.150185961039803,2085.8419772597845,True,36.61888490218912,3679.37078866559,True,31.700264425365607,13172.644511593864,False,21.21075935003541,26377.71111451724,False,21.200475032520472,52044.0666319749,False,8,36.61888490218912,,
memory-fragmented-03,FLEX_FREE,2771.5710709338746,12.267410479412918,1385.7855354669373,True,65.80458459872257,2098.8717288195476,True,52.687250821659255,7968.492425480552,False,35.3627209202743,15792.191869454115,False,35.064130472445925,31452.232400125307,False,8,65.80458459872257,,
memory-fragmented-03,FLEX_FREE_NO_ALT,2771.5710709338746,12.267410479412918,1385.7855354669373,True,65.80458459872257,2098.8717288195476,True,52.687250821659255,7968.492425480552,False,35.3627209202743,15792.191869454115,False,35.064130472445925,31452.232400125307,False,8,65.80458459872257,,
memory-fragmented-03,FLEX_POOL,2771.5710709338746,12.267410479412918,1385.7855354669373,True,65.80458459872257,2098.8717288195476,True,52.687250821659255,7968.492425480552,False,35.3627209202743,15792.191869454115,False,35.064130472445925,31452.232400125307,False,8,65.80458459872257,,
memory-fragmented-03,FLEX_POOL_NO_ALT,2771.5710709338746,12.267410479412918,1385.7855354669373,True,65.80458459872257,2098.8717288195476,True,52.687250821659255,7968.492425480552,False,35.3627209202743,15792.191869454115,False,35.064130472445925,31452.232400125307,False,8,65.80458459872257,,
memory-fragmented-03,U_STRONG,2771.5710709338746,12.267410479412918,1385.7855354669373,True,65.80458459872257,2098.8717288195476,True,52.687250821659255,7968.492425480552,False,35.3627209202743,15792.191869454115,False,35.064130472445925,31452.232400125307,False,8,65.80458459872257,,
memory-fragmented-04,FLEX_FREE,4506.50034947542,7.480149149960421,2272.6819558311254,True,34.137273817984976,3944.49845355226,True,31.56119754595418,13204.525520582993,False,21.318269237070812,26168.769962995695,False,21.182441836079075,51876.94474602751,False,8,34.137273817984976,,
memory-fragmented-04,FLEX_FREE_NO_ALT,4506.50034947542,7.480149149960421,2272.6819558311254,True,33.47032851369726,4012.6395304323596,True,30.765343316044525,13609.96512746325,False,20.796497655913107,27022.21942086753,False,20.543614613571254,53516.92973132103,False,8,33.47032851369726,,
memory-fragmented-04,FLEX_POOL,4506.50034947542,7.480149149960421,2272.6819558311254,True,34.137273817984976,3944.49845355226,True,31.56119754595418,13204.525520582993,False,21.318269237070812,26168.769962995695,False,21.182441836079075,51876.94474602751,False,8,34.137273817984976,,
memory-fragmented-04,FLEX_POOL_NO_ALT,4506.50034947542,7.480149149960421,2272.6819558311254,True,33.47032851369726,4012.6395304323596,True,30.765343316044525,13609.96512746325,False,20.796497655913107,27022.21942086753,False,20.543614613571254,53516.92973132103,False,8,33.47032851369726,,
memory-fragmented-04,U_STRONG,4506.50034947542,7.544657131567434,2253.25017473771,True,32.977356051553805,4126.12057087295,True,28.74176233134164,14675.668370960731,False,19.228157468655606,29059.854895695993,False,19.002071869579613,58027.17911860454,False,8,32.977356051553805,,
memory-fragmented-05,FLEX_FREE,2854.832391707314,11.799611760287446,1440.725368373649,True,52.961018283314765,2535.300347026041,True,42.3370139286338,9887.821936742337,False,28.35564185971574,19600.59209606037,False,28.160071330397894,39075.064810673604,False,8,52.961018283314765,,
memory-fragmented-05,FLEX_FREE_NO_ALT,2854.832391707314,11.799611760287446,1440.725368373649,True,52.74649112199817,2529.9786094393385,True,42.276653450884474,9850.692320913871,False,28.320899809802533,19591.07948455346,False,28.131232455491514,39094.25801128252,False,8,52.74649112199817,,
memory-fragmented-05,FLEX_POOL,2854.832391707314,11.799611760287446,1440.725368373649,True,52.961018283314765,2535.300347026041,True,42.3370139286338,9887.821936742337,False,28.35564185971574,19600.59209606037,False,28.160071330397894,39075.064810673604,False,8,52.961018283314765,,
memory-fragmented-05,FLEX_POOL_NO_ALT,2854.832391707314,11.799611760287446,1440.725368373649,True,52.74649112199817,2529.9786094393385,True,42.276653450884474,9850.692320913871,False,28.320899809802533,19591.07948455346,False,28.131232455491514,39094.25801128252,False,8,52.74649112199817,,
memory-fragmented-05,U_STRONG,2854.832391707314,11.909630876676,1427.416195853657,True,52.64522210630225,2550.0218184003315,True,42.34104669345114,9845.08553828367,False,28.40074161192745,19593.650340212655,False,28.14869782553731,39084.608541412206,False,8,52.64522210630225,,
memory-fragmented-06,FLEX_FREE,4199.087141680193,8.096997955231306,2099.5435708400964,True,39.12040769585103,3455.7239194417343,True,31.930337706637317,13131.177573329487,False,21.371884651627173,26107.24964417129,False,21.136038725202617,52027.64618089486,False,8,39.12040769585103,,
memory-fragmented-06,FLEX_FREE_NO_ALT,4199.087141680193,8.096997955231306,2099.5435708400964,True,39.12040769585103,3455.7239194417343,True,31.930337706637317,13131.177573329487,False,21.371884651627173,26107.24964417129,False,21.136038725202617,52027.64618089486,False,8,39.12040769585103,,
memory-fragmented-06,FLEX_POOL,4199.087141680193,8.096997955231306,2099.5435708400964,True,39.12040769585103,3455.7239194417343,True,31.930337706637317,13131.177573329487,False,21.371884651627173,26107.24964417129,False,21.136038725202617,52027.64618089486,False,8,39.12040769585103,,
memory-fragmented-06,FLEX_POOL_NO_ALT,4199.087141680193,8.096997955231306,2099.5435708400964,True,39.12040769585103,3455.7239194417343,True,31.930337706637317,13131.177573329487,False,21.371884651627173,26107.24964417129,False,21.136038725202617,52027.64618089486,False,8,39.12040769585103,,
memory-fragmented-06,U_STRONG,4199.087141680193,8.096997955231306,2099.5435708400964,True,39.12040769585103,3455.7239194417343,True,31.930337706637317,13131.177573329487,False,21.371884651627173,26107.24964417129,False,21.136038725202617,52027.64618089486,False,8,39.12040769585103,,
network-heterogeneous-01,FLEX_FREE,3236.389415800484,10.397029384066329,1635.0824232602317,True,50.763050803292664,2679.235872239813,True,48.218579098556965,8638.541886079955,False,32.65066631687528,16981.145390080077,False,32.57000271087736,33725.67337856094,False,8,50.763050803292664,,
network-heterogeneous-01,FLEX_FREE_NO_ALT,3236.389415800484,10.117121581785119,1680.319828380234,True,44.43181838276153,3086.2129382797757,True,47.40118369175769,8756.002522880002,False,31.872379619174055,17394.03411916815,False,31.789589403765355,34610.893863232995,False,8,44.43181838276153,5519.613107079518,170.5484846827156
network-heterogeneous-01,FLEX_POOL,3236.389415800484,10.397029384066329,1635.0824232602317,True,50.763050803292664,2679.235872239813,True,48.218579098556965,8638.541886079955,False,32.65066631687528,16981.145390080077,False,32.57000271087736,33725.67337856094,False,8,50.763050803292664,,
network-heterogeneous-01,FLEX_POOL_NO_ALT,3236.389415800484,10.117121581785119,1680.319828380234,True,44.43181838276153,3086.2129382797757,True,47.40118369175769,8756.002522880002,False,31.872379619174055,17394.03411916815,False,31.789589403765355,34610.893863232995,False,8,44.43181838276153,5519.613107079518,170.5484846827156
network-heterogeneous-01,U_STRONG,3236.389415800484,10.505534295107243,1618.194707900242,True,43.47508704017261,3161.7767512203136,True,47.88678241803755,8697.03088243195,False,32.42339525382626,17099.5877027201,False,32.06676015152165,34545.19754771976,False,8,43.47508704017261,5460.641466631467,168.72634176752302
network-heterogeneous-02,FLEX_FREE,3258.5495047605655,10.297872814149553,1650.8263703402918,True,46.652633371464184,2755.7394022400113,True,37.399218487868126,11022.95760895995,False,25.06133197640627,22045.915217920206,False,24.868552499665004,44091.8304358402,False,8,46.652633371464184,,
network-heterogeneous-02,FLEX_FREE_NO_ALT,3258.5495047605655,10.297872814149553,1650.8263703402918,True,45.98947521063628,2826.3832398800223,True,37.399218487868126,11022.957608959947,False,25.061331976406265,22045.915217920206,False,24.868552499664997,44091.83043584022,False,8,45.98947521063628,,
network-heterogeneous-02,FLEX_POOL,3258.5495047605655,9.943141440158023,1709.7212286803697,True,46.65263337146418,2755.7394022400113,True,37.399218487868126,11022.95760895995,False,25.06133197640627,22045.915217920206,False,24.868552499665004,44091.8304358402,False,8,46.65263337146418,,
network-heterogeneous-02,FLEX_POOL_NO_ALT,3258.5495047605655,9.940740535939879,1710.1341634003766,True,46.15958807437658,2802.835294000015,True,37.39921848786812,11022.95760895995,False,25.061331976406265,22045.915217920206,False,24.868552499665004,44091.8304358402,False,8,46.15958807437658,,
network-heterogeneous-02,U_STRONG,3258.5495047605655,10.434090367614354,1629.2747523802827,True,45.868731664401565,2802.835294000015,True,37.399218487868126,11022.957608959947,False,25.06133197640627,22045.915217920206,False,24.868552499665004,44091.8304358402,False,8,45.868731664401565,,
network-heterogeneous-03,FLEX_FREE,3523.638078440621,9.649118111206334,1761.8190392203105,True,30.65549563762931,4248.592243000181,False,27.162295096696855,15237.312950399886,False,18.310424405589348,30233.85704255964,False,18.169493914160345,60408.329440640955,False,1,9.649118111206334,56884.691362200334,1614.3738402150127
network-heterogeneous-03,FLEX_FREE_NO_ALT,3523.638078440621,9.649118111206334,1761.8190392203105,True,30.65549563762931,4248.592243000181,False,27.162295096696855,15237.312950399886,False,18.310424405589348,30233.85704255964,False,18.169493914160345,60408.329440640955,False,1,9.649118111206334,56884.691362200334,1614.3738402150127
network-heterogeneous-03,FLEX_POOL,3523.638078440621,9.649118111206334,1761.8190392203105,True,30.65549563762931,4248.592243000181,False,27.162295096696855,15237.312950399886,False,18.310424405589348,30233.85704255964,False,18.169493914160345,60408.329440640955,False,1,9.649118111206334,56884.691362200334,1614.3738402150127
network-heterogeneous-03,FLEX_POOL_NO_ALT,3523.638078440621,9.649118111206334,1761.8190392203105,True,30.65549563762931,4248.592243000181,False,27.162295096696855,15237.312950399886,False,18.310424405589348,30233.85704255964,False,18.169493914160345,60408.329440640955,False,1,9.649118111206334,56884.691362200334,1614.3738402150127
network-heterogeneous-03,U_STRONG,3523.638078440621,9.649118111206334,1761.8190392203105,True,30.65549563762931,4248.592243000181,False,27.162295096696855,15237.312950399886,False,18.310424405589348,30233.85704255964,False,18.169493914160345,60408.329440640955,False,1,9.649118111206334,56884.691362200334,1614.3738402150127
network-heterogeneous-04,FLEX_FREE,2643.5477666003862,12.710517509992009,1337.4750466801925,True,66.07925669542635,2066.3677721198765,True,52.96878018362749,7937.256433697095,False,35.34480873123618,15693.506960282502,False,35.068561605768046,31364.03276209526,False,8,66.07925669542635,,
network-heterogeneous-04,FLEX_FREE_NO_ALT,2643.5477666003862,12.710517509992009,1337.4750466801925,True,65.43099037702682,2111.219768819581,True,52.779298306406965,8034.838948375962,False,35.34328133645073,15720.75417166244,False,35.02568981066567,31421.652625019626,False,8,65.43099037702682,,
network-heterogeneous-04,FLEX_POOL,2643.5477666003862,12.710517509992009,1337.4750466801925,True,66.07925669542635,2066.3677721198765,True,52.96878018362749,7937.256433697095,False,35.34480873123618,15693.506960282502,False,35.068561605768046,31364.03276209526,False,8,66.07925669542635,,
network-heterogeneous-04,FLEX_POOL_NO_ALT,2643.5477666003862,12.710517509992009,1337.4750466801925,True,65.43099037702682,2111.219768819581,True,52.779298306406965,8034.838948375962,False,35.34328133645073,15720.75417166244,False,35.02568981066567,31421.652625019626,False,8,65.43099037702682,,
network-heterogeneous-04,U_STRONG,2643.5477666003862,12.861503934061792,1321.7738833001931,True,65.60527922794304,2066.8850723596115,True,52.710423639866264,7913.066798761152,False,35.29561010812637,15747.283943150318,False,35.11112610455887,31376.8533431471,False,8,65.60527922794304,,
network-heterogeneous-05,FLEX_FREE,2539.692669440643,13.242136174353186,1283.780787040334,True,66.11606710221054,2049.5926600000275,True,52.64758371966235,7919.544196655154,False,35.288931075621505,15718.856159178034,False,35.11818080584215,31395.536536866763,False,8,66.11606710221054,,
network-heterogeneous-05,FLEX_FREE_NO_ALT,2539.692669440643,13.242136174353186,1283.780787040334,True,65.51358646708083,2079.4094413600287,True,52.71726545694648,7939.728549743276,False,35.413499767908455,15760.09602335405,False,35.06185925608323,31372.45727833872,False,8,65.51358646708083,,
network-heterogeneous-05,FLEX_POOL,2539.692669440643,13.242136174353186,1283.780787040334,True,66.11606710221054,2049.5926600000275,True,52.64758371966235,7919.544196655154,False,35.288931075621505,15718.856159178034,False,35.11818080584215,31395.536536866763,False,8,66.11606710221054,,
network-heterogeneous-05,FLEX_POOL_NO_ALT,2539.692669440643,13.242136174353186,1283.780787040334,True,65.51358646708083,2079.4094413600287,True,52.71726545694648,7939.728549743276,False,35.413499767908455,15760.09602335405,False,35.06185925608323,31372.45727833872,False,8,65.51358646708083,,
network-heterogeneous-05,U_STRONG,2539.692669440643,13.387446602939061,1269.8463347203215,True,65.70010468172879,2076.234523919904,True,52.81226532637613,7923.841597324999,False,35.32401851129639,15749.595586102045,False,35.08295485608492,31372.29177379842,False,8,65.70010468172879,,
network-heterogeneous-06,FLEX_FREE,2819.710765400494,11.865703335934255,1432.7005756602448,True,53.060780075950824,2577.1314901995793,True,42.23869603002445,9880.571665977779,False,28.319479383656848,19658.4307567235,False,28.13308996859111,39124.80431367227,False,8,53.060780075950824,,
network-heterogeneous-06,FLEX_FREE_NO_ALT,2819.710765400494,11.865703335934255,1432.7005756602448,True,52.80238391598588,2629.779778700431,True,42.448355726878916,9917.488105845734,False,28.431538055027655,19593.55720313551,False,28.147054586415457,39125.53602318994,False,8,52.80238391598588,,
network-heterogeneous-06,FLEX_POOL,2819.710765400494,11.075204884274296,1534.960317000281,True,52.80653813293675,2576.2543143793846,True,42.36706325943803,9873.194198393492,False,28.408408780317924,19625.970035911454,False,28.079950813287997,39129.425416749305,False,8,52.80653813293675,,
network-heterogeneous-06,FLEX_POOL_NO_ALT,2819.710765400494,11.432245067511504,1487.0220065803005,True,52.80240658352026,2562.7777339804597,True,42.38584688948159,9847.523758405769,False,28.358416409896943,19658.504662259555,False,28.15394428492427,39137.368541109856,False,8,52.80240658352026,,
network-heterogeneous-06,U_STRONG,2819.710765400494,12.057974320349816,1409.855382700247,True,52.70741024590837,2572.6880438394874,True,42.35723830755993,9886.849862416992,False,28.286865249648358,19596.951502947482,False,28.177617455784386,39091.783281427975,False,8,52.70741024590837,,
