worker_id,utilization,idle_ms,busy_ms
pod-000.worker-00,0.061836297701639995,763.6994457599977,50.337000000000145
pod-000.worker-01,0.03773246291365182,783.3208457599977,30.715600000000062
pod-000.worker-02,0.03684282215644477,784.0450457599978,29.9914
pod-000.worker-03,0.036230933091041854,784.5431457599979,29.493300000000005
pod-000.worker-04,0.03710177862098392,783.8342457599978,30.202200000000023
pod-000.worker-05,0.040873354225481114,780.7640457599978,33.27240000000003
pod-000.worker-06,0.036636074656530515,784.2133457599978,29.823100000000032
pod-000.worker-07,0.03708298339371903,783.8495457599978,30.186900000000062
pod-001.worker-00,0.06834571141106292,758.4005457599976,55.63590000000019
pod-001.worker-01,0.04539256220340583,777.0852457599977,36.9512000000001
pod-001.worker-02,0.04280508591659952,779.1915457599978,34.84490000000001
pod-001.worker-03,0.04174002303825312,780.0585457599979,33.97789999999999
pod-001.worker-04,0.043379384527472586,778.7240457599978,35.312400000000025
pod-001.worker-05,0.05127337997874577,772.2980457599978,41.73840000000004
pod-001.worker-06,0.04280090919942956,779.1949457599978,34.84150000000003
pod-001.worker-07,0.043450388719362375,778.6662457599978,35.370200000000054
pod-002.worker-00,0.069786678834708,757.2275457599976,56.80890000000017
pod-002.worker-01,0.04654951285949189,776.1434457599977,37.89300000000009
pod-002.worker-02,0.04454468861789859,777.7754457599979,36.261
pod-002.worker-03,0.04355062993144193,778.5846457599979,35.45179999999997
pod-002.worker-04,0.045238023668116266,777.2110457599978,36.82540000000002
pod-002.worker-05,0.05259739932163126,771.2202457599979,42.81620000000003
pod-002.worker-06,0.04454051190072867,777.7788457599978,36.25760000000005
pod-002.worker-07,0.045292320991326115,777.1668457599977,36.869600000000055
pod-003.worker-00,0.06834571141106292,758.4005457599976,55.63590000000019
pod-003.worker-01,0.04539256220340583,777.0852457599977,36.9512000000001
pod-003.worker-02,0.04280508591659952,779.1915457599978,34.84490000000001
pod-003.worker-03,0.04174002303825312,780.0585457599979,33.97789999999999
pod-003.worker-04,0.043379384527472586,778.7240457599978,35.312400000000025
pod-003.worker-05,0.05127337997874577,772.2980457599978,41.73840000000004
pod-003.worker-06,0.04280090919942956,779.1949457599978,34.84150000000003
pod-003.worker-07,0.043450388719362375,778.6662457599978,35.370200000000054
pod-004.worker-00,0.069786678834708,757.2275457599976,56.80890000000017
pod-004.worker-01,0.04654951285949189,776.1434457599977,37.89300000000009
pod-004.worker-02,0.04454468861789859,777.7754457599979,36.261
pod-004.worker-03,0.04355062993144193,778.5846457599979,35.45179999999997
pod-004.worker-04,0.045238023668116266,777.2110457599978,36.82540000000002
pod-004.worker-05,0.05259739932163126,771.2202457599979,42.81620000000003
pod-004.worker-06,0.04454051190072867,777.7788457599978,36.25760000000005
pod-004.worker-07,0.045292320991326115,777.1668457599977,36.869600000000055
pod-005.worker-00,0.06834571141106292,758.4005457599976,55.63590000000019
pod-005.worker-01,0.04539256220340583,777.0852457599977,36.9512000000001
pod-005.worker-02,0.04280508591659952,779.1915457599978,34.84490000000001
pod-005.worker-03,0.04174002303825312,780.0585457599979,33.97789999999999
pod-005.worker-04,0.043379384527472586,778.7240457599978,35.312400000000025
pod-005.worker-05,0.05127337997874577,772.2980457599978,41.73840000000004
pod-005.worker-06,0.04280090919942956,779.1949457599978,34.84150000000003
pod-005.worker-07,0.043450388719362375,778.6662457599978,35.370200000000054
pod-006.worker-00,0.069786678834708,757.2275457599976,56.80890000000017
pod-006.worker-01,0.04654951285949189,776.1434457599977,37.89300000000009
pod-006.worker-02,0.04454468861789859,777.7754457599979,36.261
pod-006.worker-03,0.04355062993144193,778.5846457599979,35.45179999999997
pod-006.worker-04,0.045238023668116266,777.2110457599978,36.82540000000002
pod-006.worker-05,0.05259739932163126,771.2202457599979,42.81620000000003
pod-006.worker-06,0.04454051190072867,777.7788457599978,36.25760000000005
pod-006.worker-07,0.045292320991326115,777.1668457599977,36.869600000000055
pod-007.worker-00,0.06834571141106292,758.4005457599976,55.63590000000019
pod-007.worker-01,0.04539256220340583,777.0852457599977,36.9512000000001
pod-007.worker-02,0.04280508591659952,779.1915457599978,34.84490000000001
pod-007.worker-03,0.04174002303825312,780.0585457599979,33.97789999999999
pod-007.worker-04,0.043379384527472586,778.7240457599978,35.312400000000025
pod-007.worker-05,0.05127337997874577,772.2980457599978,41.73840000000004
pod-007.worker-06,0.04280090919942956,779.1949457599978,34.84150000000003
pod-007.worker-07,0.043450388719362375,778.6662457599978,35.370200000000054
pod-008.worker-00,0.069786678834708,757.2275457599976,56.80890000000017
pod-008.worker-01,0.04654951285949189,776.1434457599977,37.89300000000009
pod-008.worker-02,0.04454468861789859,777.7754457599979,36.261
pod-008.worker-03,0.04355062993144193,778.5846457599979,35.45179999999997
pod-008.worker-04,0.045238023668116266,777.2110457599978,36.82540000000002
pod-008.worker-05,0.05259739932163126,771.2202457599979,42.81620000000003
pod-008.worker-06,0.04454051190072867,777.7788457599978,36.25760000000005
pod-008.worker-07,0.045292320991326115,777.1668457599977,36.869600000000055
pod-009.worker-00,0.06834571141106292,758.4005457599976,55.63590000000019
pod-009.worker-01,0.04539256220340583,777.0852457599977,36.9512000000001
pod-009.worker-02,0.04280508591659952,779.1915457599978,34.84490000000001
pod-009.worker-03,0.04174002303825312,780.0585457599979,33.97789999999999
pod-009.worker-04,0.043379384527472586,778.7240457599978,35.312400000000025
pod-009.worker-05,0.05127337997874577,772.2980457599978,41.73840000000004
pod-009.worker-06,0.04280090919942956,779.1949457599978,34.84150000000003
pod-009.worker-07,0.043450388719362375,778.6662457599978,35.370200000000054
pod-010.worker-00,0.069786678834708,757.2275457599976,56.80890000000017
pod-010.worker-01,0.04654951285949189,776.1434457599977,37.89300000000009
pod-010.worker-02,0.04454468861789859,777.7754457599979,36.261
pod-010.worker-03,0.04355062993144193,778.5846457599979,35.45179999999997
pod-010.worker-04,0.045238023668116266,777.2110457599978,36.82540000000002
pod-010.worker-05,0.05259739932163126,771.2202457599979,42.81620000000003
pod-010.worker-06,0.04454051190072867,777.7788457599978,36.25760000000005
pod-010.worker-07,0.045292320991326115,777.1668457599977,36.869600000000055
pod-011.worker-00,0.06834571141106292,758.4005457599976,55.63590000000019
pod-011.worker-01,0.04539256220340583,777.0852457599977,36.9512000000001
pod-011.worker-02,0.04280508591659952,779.1915457599978,34.84490000000001
pod-011.worker-03,0.04174002303825312,780.0585457599979,33.97789999999999
pod-011.worker-04,0.043379384527472586,778.7240457599978,35.312400000000025
pod-011.worker-05,0.05127337997874577,772.2980457599978,41.73840000000004
pod-011.worker-06,0.04280090919942956,779.1949457599978,34.84150000000003
pod-011.worker-07,0.043450388719362375,778.6662457599978,35.370200000000054
pod-012.worker-00,0.069786678834708,757.2275457599976,56.80890000000017
pod-012.worker-01,0.04654951285949189,776.1434457599977,37.89300000000009
pod-012.worker-02,0.04454468861789859,777.7754457599979,36.261
pod-012.worker-03,0.04355062993144193,778.5846457599979,35.45179999999997
pod-012.worker-04,0.045238023668116266,777.2110457599978,36.82540000000002
pod-012.worker-05,0.05259739932163126,771.2202457599979,42.81620000000003
pod-012.worker-06,0.04454051190072867,777.7788457599978,36.25760000000005
pod-012.worker-07,0.045292320991326115,777.1668457599977,36.869600000000055
pod-013.worker-00,0.06834571141106292,758.4005457599976,55.63590000000019
pod-013.worker-01,0.04539256220340583,777.0852457599977,36.9512000000001
pod-013.worker-02,0.04280508591659952,779.1915457599978,34.84490000000001
pod-013.worker-03,0.04174002303825312,780.0585457599979,33.97789999999999
pod-013.worker-04,0.043379384527472586,778.7240457599978,35.312400000000025
pod-013.worker-05,0.05127337997874577,772.2980457599978,41.73840000000004
pod-013.worker-06,0.04280090919942956,779.1949457599978,34.84150000000003
pod-013.worker-07,0.043450388719362375,778.6662457599978,35.370200000000054
pod-014.worker-00,0.069786678834708,757.2275457599976,56.80890000000017
pod-014.worker-01,0.04654951285949189,776.1434457599977,37.89300000000009
pod-014.worker-02,0.04454468861789859,777.7754457599979,36.261
pod-014.worker-03,0.04355062993144193,778.5846457599979,35.45179999999997
pod-014.worker-04,0.045238023668116266,777.2110457599978,36.82540000000002
pod-014.worker-05,0.05259739932163126,771.2202457599979,42.81620000000003
pod-014.worker-06,0.04454051190072867,777.7788457599978,36.25760000000005
pod-014.worker-07,0.045292320991326115,777.1668457599977,36.869600000000055
pod-015.worker-00,0.06834571141106292,758.4005457599976,55.63590000000019
pod-015.worker-01,0.04539256220340583,777.0852457599977,36.9512000000001
pod-015.worker-02,0.04280508591659952,779.1915457599978,34.84490000000001
pod-015.worker-03,0.04174002303825312,780.0585457599979,33.97789999999999
pod-015.worker-04,0.043379384527472586,778.7240457599978,35.312400000000025
pod-015.worker-05,0.05127337997874577,772.2980457599978,41.73840000000004
pod-015.worker-06,0.04280090919942956,779.1949457599978,34.84150000000003
pod-015.worker-07,0.043450388719362375,778.6662457599978,35.370200000000054
pod-016.worker-00,0.069786678834708,757.2275457599976,56.80890000000017
pod-016.worker-01,0.04654951285949189,776.1434457599977,37.89300000000009
pod-016.worker-02,0.04454468861789859,777.7754457599979,36.261
pod-016.worker-03,0.04355062993144193,778.5846457599979,35.45179999999997
pod-016.worker-04,0.045238023668116266,777.2110457599978,36.82540000000002
pod-016.worker-05,0.05259739932163126,771.2202457599979,42.81620000000003
pod-016.worker-06,0.04454051190072867,777.7788457599978,36.25760000000005
pod-016.worker-07,0.045292320991326115,777.1668457599977,36.869600000000055
pod-017.worker-00,0.06834571141106292,758.4005457599976,55.63590000000019
pod-017.worker-01,0.04539256220340583,777.0852457599977,36.9512000000001
pod-017.worker-02,0.04280508591659952,779.1915457599978,34.84490000000001
pod-017.worker-03,0.04174002303825312,780.0585457599979,33.97789999999999
pod-017.worker-04,0.043379384527472586,778.7240457599978,35.312400000000025
pod-017.worker-05,0.05127337997874577,772.2980457599978,41.73840000000004
pod-017.worker-06,0.04280090919942956,779.1949457599978,34.84150000000003
pod-017.worker-07,0.043450388719362375,778.6662457599978,35.370200000000054
pod-018.worker-00,0.069786678834708,757.2275457599976,56.80890000000017
pod-018.worker-01,0.04654951285949189,776.1434457599977,37.89300000000009
pod-018.worker-02,0.04454468861789859,777.7754457599979,36.261
pod-018.worker-03,0.04355062993144193,778.5846457599979,35.45179999999997
pod-018.worker-04,0.045238023668116266,777.2110457599978,36.82540000000002
pod-018.worker-05,0.05259739932163126,771.2202457599979,42.81620000000003
pod-018.worker-06,0.04454051190072867,777.7788457599978,36.25760000000005
pod-018.worker-07,0.045292320991326115,777.1668457599977,36.869600000000055
pod-019.worker-00,0.06834571141106292,758.4005457599976,55.63590000000019
pod-019.worker-01,0.04539256220340583,777.0852457599977,36.9512000000001
pod-019.worker-02,0.04280508591659952,779.1915457599978,34.84490000000001
pod-019.worker-03,0.04174002303825312,780.0585457599979,33.97789999999999
pod-019.worker-04,0.043379384527472586,778.7240457599978,35.312400000000025
pod-019.worker-05,0.05127337997874577,772.2980457599978,41.73840000000004
pod-019.worker-06,0.04280090919942956,779.1949457599978,34.84150000000003
pod-019.worker-07,0.043450388719362375,778.6662457599978,35.370200000000054
pod-020.worker-00,0.069786678834708,757.2275457599976,56.80890000000017
pod-020.worker-01,0.04654951285949189,776.1434457599977,37.89300000000009
pod-020.worker-02,0.04454468861789859,777.7754457599979,36.261
pod-020.worker-03,0.04355062993144193,778.5846457599979,35.45179999999997
pod-020.worker-04,0.045238023668116266,777.2110457599978,36.82540000000002
pod-020.worker-05,0.05259739932163126,771.2202457599979,42.81620000000003
pod-020.worker-06,0.04454051190072867,777.7788457599978,36.25760000000005
pod-020.worker-07,0.045292320991326115,777.1668457599977,36.869600000000055
pod-021.worker-00,0.06834571141106292,758.4005457599976,55.63590000000019
pod-021.worker-01,0.04539256220340583,777.0852457599977,36.9512000000001
pod-021.worker-02,0.04280508591659952,779.1915457599978,34.84490000000001
pod-021.worker-03,0.04174002303825312,780.0585457599979,33.97789999999999
pod-021.worker-04,0.043379384527472586,778.7240457599978,35.312400000000025
pod-021.worker-05,0.05127337997874577,772.2980457599978,41.73840000000004
pod-021.worker-06,0.04280090919942956,779.1949457599978,34.84150000000003
pod-021.worker-07,0.043450388719362375,778.6662457599978,35.370200000000054
pod-022.worker-00,0.069786678834708,757.2275457599976,56.80890000000017
pod-022.worker-01,0.04654951285949189,776.1434457599977,37.89300000000009
pod-022.worker-02,0.04454468861789859,777.7754457599979,36.261
pod-022.worker-03,0.04355062993144193,778.5846457599979,35.45179999999997
pod-022.worker-04,0.045238023668116266,777.2110457599978,36.82540000000002
pod-022.worker-05,0.05259739932163126,771.2202457599979,42.81620000000003
pod-022.worker-06,0.04454051190072867,777.7788457599978,36.25760000000005
pod-022.worker-07,0.045292320991326115,777.1668457599977,36.869600000000055
pod-023.worker-00,0.06834571141106292,758.4005457599976,55.63590000000019
pod-023.worker-01,0.04539256220340583,777.0852457599977,36.9512000000001
pod-023.worker-02,0.04280508591659952,779.1915457599978,34.84490000000001
pod-023.worker-03,0.04174002303825312,780.0585457599979,33.97789999999999
pod-023.worker-04,0.043379384527472586,778.7240457599978,35.312400000000025
pod-023.worker-05,0.05127337997874577,772.2980457599978,41.73840000000004
pod-023.worker-06,0.04280090919942956,779.1949457599978,34.84150000000003
pod-023.worker-07,0.043450388719362375,778.6662457599978,35.370200000000054
pod-024.worker-00,0.069786678834708,757.2275457599976,56.80890000000017
pod-024.worker-01,0.04654951285949189,776.1434457599977,37.89300000000009
pod-024.worker-02,0.04454468861789859,777.7754457599979,36.261
pod-024.worker-03,0.04355062993144193,778.5846457599979,35.45179999999997
pod-024.worker-04,0.045238023668116266,777.2110457599978,36.82540000000002
pod-024.worker-05,0.05259739932163126,771.2202457599979,42.81620000000003
pod-024.worker-06,0.04454051190072867,777.7788457599978,36.25760000000005
pod-024.worker-07,0.045292320991326115,777.1668457599977,36.869600000000055
pod-025.worker-00,0.06834571141106292,758.4005457599976,55.63590000000019
pod-025.worker-01,0.04539256220340583,777.0852457599977,36.9512000000001
pod-025.worker-02,0.04280508591659952,779.1915457599978,34.84490000000001
pod-025.worker-03,0.04174002303825312,780.0585457599979,33.97789999999999
pod-025.worker-04,0.043379384527472586,778.7240457599978,35.312400000000025
pod-025.worker-05,0.05127337997874577,772.2980457599978,41.73840000000004
pod-025.worker-06,0.04280090919942956,779.1949457599978,34.84150000000003
pod-025.worker-07,0.043450388719362375,778.6662457599978,35.370200000000054
pod-026.worker-00,0.069786678834708,757.2275457599976,56.80890000000017
pod-026.worker-01,0.04654951285949189,776.1434457599977,37.89300000000009
pod-026.worker-02,0.04454468861789859,777.7754457599979,36.261
pod-026.worker-03,0.04355062993144193,778.5846457599979,35.45179999999997
pod-026.worker-04,0.045238023668116266,777.2110457599978,36.82540000000002
pod-026.worker-05,0.05259739932163126,771.2202457599979,42.81620000000003
pod-026.worker-06,0.04454051190072867,777.7788457599978,36.25760000000005
pod-026.worker-07,0.045292320991326115,777.1668457599977,36.869600000000055
pod-027.worker-00,0.06834571141106292,758.4005457599976,55.63590000000019
pod-027.worker-01,0.04539256220340583,777.0852457599977,36.9512000000001
pod-027.worker-02,0.04280508591659952,779.1915457599978,34.84490000000001
pod-027.worker-03,0.04174002303825312,780.0585457599979,33.97789999999999
pod-027.worker-04,0.043379384527472586,778.7240457599978,35.312400000000025
pod-027.worker-05,0.05127337997874577,772.2980457599978,41.73840000000004
pod-027.worker-06,0.04280090919942956,779.1949457599978,34.84150000000003
pod-027.worker-07,0.043450388719362375,778.6662457599978,35.370200000000054
pod-028.worker-00,0.069786678834708,757.2275457599976,56.80890000000017
pod-028.worker-01,0.04654951285949189,776.1434457599977,37.89300000000009
pod-028.worker-02,0.04454468861789859,777.7754457599979,36.261
pod-028.worker-03,0.04355062993144193,778.5846457599979,35.45179999999997
pod-028.worker-04,0.045238023668116266,777.2110457599978,36.82540000000002
pod-028.worker-05,0.05259739932163126,771.2202457599979,42.81620000000003
pod-028.worker-06,0.04454051190072867,777.7788457599978,36.25760000000005
pod-028.worker-07,0.045292320991326115,777.1668457599977,36.869600000000055
pod-029.worker-00,0.06834571141106292,758.4005457599976,55.63590000000019
pod-029.worker-01,0.04539256220340583,777.0852457599977,36.9512000000001
pod-029.worker-02,0.04280508591659952,779.1915457599978,34.84490000000001
pod-029.worker-03,0.04174002303825312,780.0585457599979,33.97789999999999
pod-029.worker-04,0.043379384527472586,778.7240457599978,35.312400000000025
pod-029.worker-05,0.05127337997874577,772.2980457599978,41.73840000000004
pod-029.worker-06,0.04280090919942956,779.1949457599978,34.84150000000003
pod-029.worker-07,0.043450388719362375,778.6662457599978,35.370200000000054
pod-030.worker-00,0.069786678834708,757.2275457599976,56.80890000000017
pod-030.worker-01,0.04654951285949189,776.1434457599977,37.89300000000009
pod-030.worker-02,0.04454468861789859,777.7754457599979,36.261
pod-030.worker-03,0.04355062993144193,778.5846457599979,35.45179999999997
pod-030.worker-04,0.045238023668116266,777.2110457599978,36.82540000000002
pod-030.worker-05,0.05259739932163126,771.2202457599979,42.81620000000003
pod-030.worker-06,0.04454051190072867,777.7788457599978,36.25760000000005
pod-030.worker-07,0.045292320991326115,777.1668457599977,36.869600000000055
pod-031.worker-00,0.06834571141106292,758.4005457599976,55.63590000000019
pod-031.worker-01,0.04539256220340583,777.0852457599977,36.9512000000001
pod-031.worker-02,0.04280508591659952,779.1915457599978,34.84490000000001
pod-031.worker-03,0.04174002303825312,780.0585457599979,33.97789999999999
pod-031.worker-04,0.043379384527472586,778.7240457599978,35.312400000000025
pod-031.worker-05,0.05127337997874577,772.2980457599978,41.73840000000004
pod-031.worker-06,0.04280090919942956,779.1949457599978,34.84150000000003
pod-031.worker-07,0.043450388719362375,778.6662457599978,35.370200000000054
pod-032.worker-00,0.069786678834708,757.2275457599976,56.80890000000017
pod-032.worker-01,0.04654951285949189,776.1434457599977,37.89300000000009
pod-032.worker-02,0.04454468861789859,777.7754457599979,36.261
pod-032.worker-03,0.04355062993144193,778.5846457599979,35.45179999999997
pod-032.worker-04,0.045238023668116266,777.2110457599978,36.82540000000002
pod-032.worker-05,0.05259739932163126,771.2202457599979,42.81620000000003
pod-032.worker-06,0.04454051190072867,777.7788457599978,36.25760000000005
pod-032.worker-07,0.045292320991326115,777.1668457599977,36.869600000000055
pod-033.worker-00,0.06834571141106292,758.4005457599976,55.63590000000019
pod-033.worker-01,0.04539256220340583,777.0852457599977,36.9512000000001
pod-033.worker-02,0.04280508591659952,779.1915457599978,34.84490000000001
pod-033.worker-03,0.04174002303825312,780.0585457599979,33.97789999999999
pod-033.worker-04,0.043379384527472586,778.7240457599978,35.312400000000025
pod-033.worker-05,0.05127337997874577,772.2980457599978,41.73840000000004
pod-033.worker-06,0.04280090919942956,779.1949457599978,34.84150000000003
pod-033.worker-07,0.043450388719362375,778.6662457599978,35.370200000000054
pod-034.worker-00,0.069786678834708,757.2275457599976,56.80890000000017
pod-034.worker-01,0.04654951285949189,776.1434457599977,37.89300000000009
pod-034.worker-02,0.04454468861789859,777.7754457599979,36.261
pod-034.worker-03,0.04355062993144193,778.5846457599979,35.45179999999997
pod-034.worker-04,0.045238023668116266,777.2110457599978,36.82540000000002
pod-034.worker-05,0.05259739932163126,771.2202457599979,42.81620000000003
pod-034.worker-06,0.04454051190072867,777.7788457599978,36.25760000000005
pod-034.worker-07,0.045292320991326115,777.1668457599977,36.869600000000055
pod-035.worker-00,0.06834571141106292,758.4005457599976,55.63590000000019
pod-035.worker-01,0.04539256220340583,777.0852457599977,36.9512000000001
pod-035.worker-02,0.04280508591659952,779.1915457599978,34.84490000000001
pod-035.worker-03,0.04174002303825312,780.0585457599979,33.97789999999999
pod-035.worker-04,0.043379384527472586,778.7240457599978,35.312400000000025
pod-035.worker-05,0.05127337997874577,772.2980457599978,41.73840000000004
pod-035.worker-06,0.04280090919942956,779.1949457599978,34.84150000000003
pod-035.worker-07,0.043450388719362375,778.6662457599978,35.370200000000054
pod-036.worker-00,0.069786678834708,757.2275457599976,56.80890000000017
pod-036.worker-01,0.04654951285949189,776.1434457599977,37.89300000000009
pod-036.worker-02,0.04454468861789859,777.7754457599979,36.261
pod-036.worker-03,0.04355062993144193,778.5846457599979,35.45179999999997
pod-036.worker-04,0.045238023668116266,777.2110457599978,36.82540000000002
pod-036.worker-05,0.05259739932163126,771.2202457599979,42.81620000000003
pod-036.worker-06,0.04454051190072867,777.7788457599978,36.25760000000005
pod-036.worker-07,0.045292320991326115,777.1668457599977,36.869600000000055
pod-037.worker-00,0.06834571141106292,758.4005457599976,55.63590000000019
pod-037.worker-01,0.04539256220340583,777.0852457599977,36.9512000000001
pod-037.worker-02,0.04280508591659952,779.1915457599978,34.84490000000001
pod-037.worker-03,0.04174002303825312,780.0585457599979,33.97789999999999
pod-037.worker-04,0.043379384527472586,778.7240457599978,35.312400000000025
pod-037.worker-05,0.05127337997874577,772.2980457599978,41.73840000000004
pod-037.worker-06,0.04280090919942956,779.1949457599978,34.84150000000003
pod-037.worker-07,0.043450388719362375,778.6662457599978,35.370200000000054
pod-038.worker-00,0.069786678834708,757.2275457599976,56.80890000000017
pod-038.worker-01,0.04654951285949189,776.1434457599977,37.89300000000009
pod-038.worker-02,0.04454468861789859,777.7754457599979,36.261
pod-038.worker-03,0.04355062993144193,778.5846457599979,35.45179999999997
pod-038.worker-04,0.045238023668116266,777.2110457599978,36.82540000000002
pod-038.worker-05,0.05259739932163126,771.2202457599979,42.81620000000003
pod-038.worker-06,0.04454051190072867,777.7788457599978,36.25760000000005
pod-038.worker-07,0.045292320991326115,777.1668457599977,36.869600000000055
pod-039.worker-00,0.06834571141106292,758.4005457599976,55.63590000000019
pod-039.worker-01,0.04539256220340583,777.0852457599977,36.9512000000001
pod-039.worker-02,0.04280508591659952,779.1915457599978,34.84490000000001
pod-039.worker-03,0.04174002303825312,780.0585457599979,33.97789999999999
pod-039.worker-04,0.043379384527472586,778.7240457599978,35.312400000000025
pod-039.worker-05,0.05127337997874577,772.2980457599978,41.73840000000004
pod-039.worker-06,0.04280090919942956,779.1949457599978,34.84150000000003
pod-039.worker-07,0.043450388719362375,778.6662457599978,35.370200000000054
pod-040.worker-00,0.069786678834708,757.2275457599976,56.80890000000017
pod-040.worker-01,0.04654951285949189,776.1434457599977,37.89300000000009
pod-040.worker-02,0.04454468861789859,777.7754457599979,36.261
pod-040.worker-03,0.04355062993144193,778.5846457599979,35.45179999999997
pod-040.worker-04,0.045238023668116266,777.2110457599978,36.82540000000002
pod-040.worker-05,0.05259739932163126,771.2202457599979,42.81620000000003
pod-040.worker-06,0.04454051190072867,777.7788457599978,36.25760000000005
pod-040.worker-07,0.045292320991326115,777.1668457599977,36.869600000000055
pod-041.worker-00,0.06834571141106292,758.4005457599976,55.63590000000019
pod-041.worker-01,0.04539256220340583,777.0852457599977,36.9512000000001
pod-041.worker-02,0.04280508591659952,779.1915457599978,34.84490000000001
pod-041.worker-03,0.04174002303825312,780.0585457599979,33.97789999999999
pod-041.worker-04,0.043379384527472586,778.7240457599978,35.312400000000025
pod-041.worker-05,0.05127337997874577,772.2980457599978,41.73840000000004
pod-041.worker-06,0.04280090919942956,779.1949457599978,34.84150000000003
pod-041.worker-07,0.043450388719362375,778.6662457599978,35.370200000000054
pod-042.worker-00,0.069786678834708,757.2275457599976,56.80890000000017
pod-042.worker-01,0.04654951285949189,776.1434457599977,37.89300000000009
pod-042.worker-02,0.04454468861789859,777.7754457599979,36.261
pod-042.worker-03,0.04355062993144193,778.5846457599979,35.45179999999997
pod-042.worker-04,0.045238023668116266,777.2110457599978,36.82540000000002
pod-042.worker-05,0.05259739932163126,771.2202457599979,42.81620000000003
pod-042.worker-06,0.04454051190072867,777.7788457599978,36.25760000000005
pod-042.worker-07,0.045292320991326115,777.1668457599977,36.869600000000055
pod-043.worker-00,0.06834571141106292,758.4005457599976,55.63590000000019
pod-043.worker-01,0.04539256220340583,777.0852457599977,36.9512000000001
pod-043.worker-02,0.04280508591659952,779.1915457599978,34.84490000000001
pod-043.worker-03,0.04174002303825312,780.0585457599979,33.97789999999999
pod-043.worker-04,0.043379384527472586,778.7240457599978,35.312400000000025
pod-043.worker-05,0.05127337997874577,772.2980457599978,41.73840000000004
pod-043.worker-06,0.04280090919942956,779.1949457599978,34.84150000000003
pod-043.worker-07,0.043450388719362375,778.6662457599978,35.370200000000054
pod-044.worker-00,0.069786678834708,757.2275457599976,56.80890000000017
pod-044.worker-01,0.04654951285949189,776.1434457599977,37.89300000000009
pod-044.worker-02,0.04454468861789859,777.7754457599979,36.261
pod-044.worker-03,0.04355062993144193,778.5846457599979,35.45179999999997
pod-044.worker-04,0.045238023668116266,777.2110457599978,36.82540000000002
pod-044.worker-05,0.05259739932163126,771.2202457599979,42.81620000000003
pod-044.worker-06,0.04454051190072867,777.7788457599978,36.25760000000005
pod-044.worker-07,0.045292320991326115,777.1668457599977,36.869600000000055
pod-045.worker-00,0.06834571141106292,758.4005457599976,55.63590000000019
pod-045.worker-01,0.04539256220340583,777.0852457599977,36.9512000000001
pod-045.worker-02,0.04280508591659952,779.1915457599978,34.84490000000001
pod-045.worker-03,0.04174002303825312,780.0585457599979,33.97789999999999
pod-045.worker-04,0.043379384527472586,778.7240457599978,35.312400000000025
pod-045.worker-05,0.05127337997874577,772.2980457599978,41.73840000000004
pod-045.worker-06,0.04280090919942956,779.1949457599978,34.84150000000003
pod-045.worker-07,0.043450388719362375,778.6662457599978,35.370200000000054
pod-046.worker-00,0.04504171796112696,777.3708457599978,36.66560000000005
pod-046.worker-01,0.033390765415451516,786.8551457599979,27.18130000000001
pod-046.worker-02,0.031926826047371494,788.0468457599978,25.98960000000001
pod-046.worker-03,0.03131911369913856,788.5415457599978,25.494900000000012
pod-046.worker-04,0.0320145371079412,787.9754457599978,26.061000000000014
pod-046.worker-05,0.03598033006084273,784.7471457599978,29.289300000000022
pod-046.worker-06,0.03160521882528258,788.3086457599978,25.72780000000001
pod-046.worker-07,0.032227549683610475,787.8020457599978,26.234400000000015
