inventory_id,family,cohort,arm,network_mode,concurrency,status,target_passes_measured,target_rows_measured,measurement_window_ms,target_rows_per_second,p50_pass_latency_ms,p95_pass_latency_ms,abstract_node_cost,rows_per_second_per_abstract_cost,network_bytes,network_bytes_per_target_row,worker_compute_ms,worker_compute_ms_per_target_row,nodes_used,replica_nodes,replica_count,replica_checkpoint_bytes,replica_resident_bytes,new_nodes_activated,maximum_compute_utilization,maximum_tx_utilization,maximum_rx_utilization,plan_sha256
coarse-friendly-01,coarse-friendly,negative_control,FLEX_FREE,SHARED_NIC,1,PASS,128,2176,164180.12087039574,13.253736131171085,1282.65719429998,1282.6571943001181,46.93480000000001,0.2823861214103625,7490322432,3442243.7647058824,638325.558400005,293.34814264706114,48,3,8,15722348544,17187192052,0,0.19971267548209176,0.02471577919718599,0.023273253783363437,e13fba40341a89598690ee6d0d457bda62c0734a34f34cd726dfc20083e65594
coarse-friendly-01,coarse-friendly,negative_control,FLEX_FREE,SHARED_NIC,8,PASS,121,2057,36390.55161739463,56.525661430665345,2287.5906419993407,2393.9964017992497,46.93480000000001,1.2043443549491066,7078333824,3441095.6849781233,603415.742825004,293.3474685585824,48,3,8,15722348544,17187192052,0,0.8517516092057271,0.10577684323312239,0.09962486886478149,e13fba40341a89598690ee6d0d457bda62c0734a34f34cd726dfc20083e65594
coarse-friendly-01,coarse-friendly,negative_control,FLEX_FREE,SHARED_NIC,32,PASS,97,1649,36833.29951669507,44.769271871844495,9244.371225599181,9435.758007099732,46.93480000000001,0.9538609277517851,5674330368,3441073.600970285,483730.4401250032,293.3477502274125,48,3,8,15722348544,17187192052,0,0.6746015596223587,0.08380884563982122,0.07893638227773087,e13fba40341a89598690ee6d0d457bda62c0734a34f34cd726dfc20083e65594
coarse-friendly-01,coarse-friendly,negative_control,FLEX_FREE,SHARED_NIC,64,PASS,65,1105,37524.185659300456,29.44767436215163,18767.94449220023,18920.54774266035,46.93480000000001,0.6274166367418552,3803304960,3441904.9411764704,324153.040725002,293.3511680769249,48,3,8,15722348544,17187192052,0,0.4437295095802592,0.055159658178670946,0.05195463372079332,e13fba40341a89598690ee6d0d457bda62c0734a34f34cd726dfc20083e65594
coarse-friendly-01,coarse-friendly,negative_control,FLEX_FREE,SHARED_NIC,128,PASS,129,2193,74014.56698330533,29.62930257356841,37020.102664606704,37146.00460400225,46.93480000000001,0.631286435088003,7545182976,3440575.9124487005,643300.5717250046,293.3427139648904,48,3,8,15722348544,17187192052,0,0.44646635718957267,0.05527049758357328,0.05204584509518094,e13fba40341a89598690ee6d0d457bda62c0734a34f34cd726dfc20083e65594
coarse-friendly-01,coarse-friendly,negative_control,FLEX_FREE_NO_ALT,SHARED_NIC,1,PASS,128,2176,166531.9423359955,13.0665623031628,1301.0307994999675,1301.030799500135,46.93480000000001,0.27839816731216066,7497695232,3445632.0,638423.1712000057,293.39300147059083,48,0,0,0,0,0,0.19689226427110923,0.025230005632930295,0.023807694646356372,d1aa19ec99c69134fdb029b86dd477bc93a509560131b1f52ec1f87db8c3a1a8
coarse-friendly-01,coarse-friendly,negative_control,FLEX_FREE_NO_ALT,SHARED_NIC,8,PASS,121,2057,36897.74747059448,55.74866058258214,2323.2046434000295,2470.254583199232,46.93480000000001,1.187789456492456,7087665024,3445632.0,603509.4040250053,293.39300147059083,48,0,0,0,0,0,0.8400434450558769,0.10764415214140974,0.10157584353860348,d1aa19ec99c69134fdb029b86dd477bc93a509560131b1f52ec1f87db8c3a1a8
coarse-friendly-01,coarse-friendly,negative_control,FLEX_FREE_NO_ALT,SHARED_NIC,32,PASS,97,1649,36934.780432495034,44.646265137919116,9224.568892899784,9395.364181999788,46.93480000000001,0.9512401275369046,5681847168,3445632.0,483805.059425004,293.39300147059066,48,0,0,0,0,0,0.6727480442293085,0.08620672329755345,0.08134692376177312,d1aa19ec99c69134fdb029b86dd477bc93a509560131b1f52ec1f87db8c3a1a8
coarse-friendly-01,coarse-friendly,negative_control,FLEX_FREE_NO_ALT,SHARED_NIC,64,PASS,65,1105,36881.41502860101,29.960889492528644,18458.04705969956,18652.934994479587,46.93480000000001,0.6383512765054636,3807423360,3445632.0,324199.2666250022,293.3930014705902,48,0,0,0,0,0,0.4514628434697447,0.057850978178179954,0.05458969940385091,d1aa19ec99c69134fdb029b86dd477bc93a509560131b1f52ec1f87db8c3a1a8
coarse-friendly-01,coarse-friendly,negative_control,FLEX_FREE_NO_ALT,SHARED_NIC,128,PASS,129,2193,73672.84549070527,29.7667340713299,36596.00882050433,37094.34125519947,46.93480000000001,0.6342145715189985,7556270976,3445632.0,643410.8522250057,293.39300147059083,48,0,0,0,0,0,0.44853723077886254,0.05747608673719837,0.05423594201345348,d1aa19ec99c69134fdb029b86dd477bc93a509560131b1f52ec1f87db8c3a1a8
coarse-friendly-01,coarse-friendly,negative_control,FLEX_POOL,LEGACY_DIRECTED_LINK,1,PASS,128,2176,564094.2393092219,3.857511473020332,4406.986244600157,4406.986244613945,44.63710000000001,0.08641940164169112,8434040832,3875937.882352941,746749.1104000051,343.1751426470612,46,4,12,23583522816,25781273245,0,0.058126548571303435,0.008116654333514918,0.007697154589837752,d907774cca446fdfaf132accdb9930b0f4721ed53bd59c298d0f58e7078404ea
coarse-friendly-01,coarse-friendly,negative_control,FLEX_POOL,LEGACY_DIRECTED_LINK,8,PASS,121,2057,564094.2393087537,3.646553814342558,35255.88995681555,35255.88995691156,44.63710000000001,0.08169334061447893,7972804224,3875937.882352941,705911.2684250048,343.17514264706114,46,4,12,23583522816,25781273245,0,0.05494775294635588,0.007672774799657192,0.007276216448212036,d907774cca446fdfaf132accdb9930b0f4721ed53bd59c298d0f58e7078404ea
coarse-friendly-01,coarse-friendly,negative_control,FLEX_POOL,LEGACY_DIRECTED_LINK,32,PASS,97,1649,564094.2393071044,2.923270413159193,141023.55982645386,141023.55982764624,44.63710000000001,0.06548970280683988,6391421568,3875937.882352941,565895.8102250036,343.175142647061,46,4,12,23583522816,25781273245,0,0.04404902508935624,0.00615090211213987,0.005832999962633313,d907774cca446fdfaf132accdb9930b0f4721ed53bd59c298d0f58e7078404ea
coarse-friendly-01,coarse-friendly,negative_control,FLEX_POOL,LEGACY_DIRECTED_LINK,64,PASS,65,1105,564094.239304681,1.958892544908906,282047.11965224147,282047.1196524052,44.63710000000001,0.043884852396524544,4282911360,3875937.882352941,379208.53262500215,343.17514264706074,46,4,12,23583522816,25781273245,0,0.02951738794660266,0.004121738528771229,0.003908711315183439,d907774cca446fdfaf132accdb9930b0f4721ed53bd59c298d0f58e7078404ea
coarse-friendly-01,coarse-friendly,negative_control,FLEX_POOL,LEGACY_DIRECTED_LINK,128,PASS,129,2193,1128188.4786111293,1.943824140714254,564094.2393058538,564094.2393058538,44.63710000000001,0.04354727660879075,8499931776,3875937.882352941,752583.0878250052,343.1751426470612,46,4,12,23583522816,25781273245,0,0.029290331116198273,0.004090032847774268,0.003878644305060576,d907774cca446fdfaf132accdb9930b0f4721ed53bd59c298d0f58e7078404ea
coarse-friendly-01,coarse-friendly,negative_control,FLEX_POOL,SHARED_NIC,1,PASS,128,2176,172745.8247040006,12.596541790393886,1349.576755499933,1349.5767555003113,44.63710000000001,0.2821989284786396,8371372032,3847137.882352941,747883.6384000034,343.6965250000016,46,4,12,23583522816,25781273245,0,0.18980980441167555,0.026504594017512956,0.02513473521365786,d907774cca446fdfaf132accdb9930b0f4721ed53bd59c298d0f58e7078404ea
coarse-friendly-01,coarse-friendly,negative_control,FLEX_POOL,SHARED_NIC,8,PASS,121,2057,36533.76303679461,56.304082279405854,2293.800257900035,2430.3728945000275,44.63710000000001,1.2613741098638989,7977613824,3878276.044725328,707140.3810750031,343.77266945795,46,4,12,23583522816,25781273245,0,0.8484127646194818,0.12311627865626605,0.11699013243435662,d907774cca446fdfaf132accdb9930b0f4721ed53bd59c298d0f58e7078404ea
coarse-friendly-01,coarse-friendly,negative_control,FLEX_POOL,SHARED_NIC,32,PASS,97,1649,36518.59244609512,45.155081002480564,9139.227642697053,9315.699555299743,44.63710000000001,1.0116042709423452,6399600768,3880897.9793814435,566884.703550003,343.7748353850837,46,4,12,23583522816,25781273245,0,0.6804150881959008,0.09889293153154265,0.09397974326272213,d907774cca446fdfaf132accdb9930b0f4721ed53bd59c298d0f58e7078404ea
coarse-friendly-01,coarse-friendly,negative_control,FLEX_POOL,SHARED_NIC,64,PASS,65,1105,37005.35152540081,29.860545960265178,18438.958413599525,18722.437947480947,44.63710000000001,0.6689624989137998,4285704960,3878466.027149321,379889.5541000021,343.79145167421007,46,4,12,23583522816,25781273245,0,0.4499508263979298,0.06525945602063413,0.06201051931704752,d907774cca446fdfaf132accdb9930b0f4721ed53bd59c298d0f58e7078404ea
coarse-friendly-01,coarse-friendly,negative_control,FLEX_POOL,SHARED_NIC,128,PASS,129,2193,73958.83187370432,29.651631109383572,37013.96960950583,37189.046593580926,44.63710000000001,0.6642822026830498,8508370176,3879785.7619699044,753944.2246250038,343.7958160624732,46,4,12,23583522816,25781273245,0,0.44680281262999416,0.06470870521281934,0.06148256413466594,d907774cca446fdfaf132accdb9930b0f4721ed53bd59c298d0f58e7078404ea
coarse-friendly-01,coarse-friendly,negative_control,FLEX_POOL_NO_ALT,SHARED_NIC,1,PASS,128,2176,175279.98160639947,12.414423940814439,1369.374856299939,1369.3748563003028,44.63710000000001,0.2781189624956468,8375058432,3848832.0,747932.4448000042,343.7189544117667,46,0,0,0,0,0,0.18706557873579116,0.026121396807773475,0.024771343101518722,8679069e58c937cb1984cc1e12d45e9b7edeb074d48fcf0bfe2ebc6ca7f1bd32
coarse-friendly-01,coarse-friendly,negative_control,FLEX_POOL_NO_ALT,SHARED_NIC,8,PASS,121,2057,40012.924547994386,51.40838924514718,2509.156672099918,2636.726838199902,44.63710000000001,1.1516964418644393,7917047424,3848832.0,707029.889225004,343.7189544117667,46,0,0,0,0,0,0.7746424749038642,0.10816925063321685,0.10257864999287447,8679069e58c937cb1984cc1e12d45e9b7edeb074d48fcf0bfe2ebc6ca7f1bd32
coarse-friendly-01,coarse-friendly,negative_control,FLEX_POOL_NO_ALT,SHARED_NIC,32,PASS,97,1649,40226.60286969555,40.99277300003535,10031.06905499944,10205.438910478306,44.63710000000001,0.9183565464610232,6346723968,3848832.0,566792.5558250032,343.7189544117666,46,0,0,0,0,0,0.6176957418076906,0.08625357848981748,0.08179566361739135,8679069e58c937cb1984cc1e12d45e9b7edeb074d48fcf0bfe2ebc6ca7f1bd32
coarse-friendly-01,coarse-friendly,negative_control,FLEX_POOL_NO_ALT,SHARED_NIC,64,PASS,65,1105,39570.32656740218,27.92496539339387,19784.14694150103,20065.62626125948,44.63710000000001,0.6255999021754071,4252959360,3848832.0,379809.44462500216,343.7189544117667,46,0,0,0,0,0,0.4207847127983182,0.05875738619542664,0.055720579718853525,8679069e58c937cb1984cc1e12d45e9b7edeb074d48fcf0bfe2ebc6ca7f1bd32
coarse-friendly-01,coarse-friendly,negative_control,FLEX_POOL_NO_ALT,SHARED_NIC,128,PASS,129,2193,79636.94905670108,27.537468800300168,39734.11806410439,39911.19717089561,44.63710000000001,0.616918858982778,8440488576,3848832.0,753775.6670250043,343.7189544117667,46,0,0,0,0,0,0.414945756855553,0.05794204814042561,0.05494738145335573,8679069e58c937cb1984cc1e12d45e9b7edeb074d48fcf0bfe2ebc6ca7f1bd32
coarse-friendly-01,coarse-friendly,negative_control,U_STRONG,LEGACY_DIRECTED_LINK,1,PASS,128,2176,550665.8873093578,3.951579442540533,4302.07724460015,4302.077244613902,46.93480000000001,0.08419295368341896,7059013632,3244032.0,584033.3984000036,268.3977014705899,48,0,0,0,0,0,0.05954400291656263,0.002105518307780422,0.0026672257487685555,dd704e9398787162aaf48db1bc0e2ec04acc504a82fb35e95fbf28b2c3ca034c
coarse-friendly-01,coarse-friendly,negative_control,U_STRONG,LEGACY_DIRECTED_LINK,8,PASS,121,2057,550665.8873089085,3.7354774417796452,34416.61795682582,34416.617956911214,46.93480000000001,0.07958865152892192,6672973824,3244032.0,552094.0719250031,268.3977014705897,48,0,0,0,0,0,0.05628769025710904,0.0019903727753253038,0.002521361840634832,dd704e9398787162aaf48db1bc0e2ec04acc504a82fb35e95fbf28b2c3ca034c
coarse-friendly-01,coarse-friendly,negative_control,U_STRONG,LEGACY_DIRECTED_LINK,32,PASS,97,1649,550665.8873073389,2.994556296311227,137666.4718266228,137666.47182764485,46.93480000000001,0.06380247271344985,5349408768,3244032.0,442587.8097250025,268.39770147058977,48,0,0,0,0,0,0.04512318971037306,0.0015955880926206995,0.002021257012746081,dd704e9398787162aaf48db1bc0e2ec04acc504a82fb35e95fbf28b2c3ca034c
coarse-friendly-01,coarse-friendly,negative_control,U_STRONG,LEGACY_DIRECTED_LINK,64,PASS,65,1105,550665.8873047523,2.0066614356818975,275332.9436523318,275332.9436523996,46.93480000000001,0.042754234292718775,3584655360,3244032.0,296579.4601250022,268.3977014705902,48,0,0,0,0,0,0.030237188981319874,0.0010692085156786852,0.0013544505755578595,dd704e9398787162aaf48db1bc0e2ec04acc504a82fb35e95fbf28b2c3ca034c
coarse-friendly-01,coarse-friendly,negative_control,U_STRONG,LEGACY_DIRECTED_LINK,128,PASS,129,2193,1101331.7746107096,1.9912255784821655,550665.8873054981,550665.8873054981,46.93480000000001,0.042425355567343746,7114162176,3244032.0,588596.1593250036,268.3977014705899,48,0,0,0,0,0,0.030004595219892252,0.001060983834787691,0.001344031724975175,dd704e9398787162aaf48db1bc0e2ec04acc504a82fb35e95fbf28b2c3ca034c
coarse-friendly-01,coarse-friendly,negative_control,U_STRONG,SHARED_NIC,1,PASS,128,2176,160321.66535679513,13.572713302081299,1252.5130106000015,1252.5130106001016,46.93480000000001,0.2891822976145908,7059013632,3244032.0,584033.3984000036,268.3977014705899,48,0,0,0,0,0,0.20451915296057155,0.00723194276094676,0.009161271062967727,dd704e9398787162aaf48db1bc0e2ec04acc504a82fb35e95fbf28b2c3ca034c
coarse-friendly-01,coarse-friendly,negative_control,U_STRONG,SHARED_NIC,8,PASS,121,2057,37535.50745009454,54.80144374589557,2344.276453600025,2471.3608299992156,46.93480000000001,1.1676079102477386,6672973824,3244032.0,552094.0719250031,268.3977014705897,48,0,0,0,0,0,0.8257703973020852,0.029199828771656652,0.03698972118722496,dd704e9398787162aaf48db1bc0e2ec04acc504a82fb35e95fbf28b2c3ca034c
coarse-friendly-01,coarse-friendly,negative_control,U_STRONG,SHARED_NIC,32,PASS,97,1649,37339.488617895164,44.16236164545937,9337.600730199782,9517.477296957273,46.93480000000001,0.940930005996816,5349408768,3244032.0,442587.8097250025,268.39770147058977,48,0,0,0,0,0,0.6654563899970369,0.023531011412376724,0.029808584091496435,dd704e9398787162aaf48db1bc0e2ec04acc504a82fb35e95fbf28b2c3ca034c
coarse-friendly-01,coarse-friendly,negative_control,U_STRONG,SHARED_NIC,64,PASS,65,1105,37044.16268600115,29.829261073231798,18573.802225699554,18755.13242405957,46.93480000000001,0.6355467813484194,3584655360,3244032.0,296579.4601250022,268.3977014705902,48,0,0,0,0,0,0.44947941302212724,0.015893911842215742,0.020134069011684123,dd704e9398787162aaf48db1bc0e2ec04acc504a82fb35e95fbf28b2c3ca034c
coarse-friendly-01,coarse-friendly,negative_control,U_STRONG,SHARED_NIC,128,PASS,129,2193,74402.21945030527,29.474927175589816,37199.714492000145,37399.28514226686,46.93480000000001,0.627997289337332,7114162176,3244032.0,588596.1593250036,268.3977014705899,48,0,0,0,0,0,0.44414016603458145,0.015705112269943304,0.019894901734600463,dd704e9398787162aaf48db1bc0e2ec04acc504a82fb35e95fbf28b2c3ca034c
coarse-friendly-02,coarse-friendly,negative_control,FLEX_FREE,SHARED_NIC,1,PASS,128,2176,163761.44277759537,13.287621085234505,1279.3862717000084,1279.386271700103,47.71009999999999,0.2785075085827636,7497695232,3445632.0,631619.5152000041,290.2663213235313,48,1,8,15722348544,17187192052,0,0.19823012456043945,0.02568935490946683,0.02999037714311058,eaf243fb7246000d03f20744d56720e9d658d019aa074836f6d7911216dba8db
coarse-friendly-02,coarse-friendly,negative_control,FLEX_FREE,SHARED_NIC,8,PASS,121,2057,35557.257958995,57.850355119400774,2225.8120078993634,2334.417401400002,47.71009999999999,1.2125389617586377,7090977024,3447242.1118133203,597099.262462504,290.27674402649683,48,1,8,15722348544,17187192052,0,0.8630350781094752,0.11240715638447855,0.13113219838765644,eaf243fb7246000d03f20744d56720e9d658d019aa074836f6d7911216dba8db
coarse-friendly-02,coarse-friendly,negative_control,FLEX_FREE,SHARED_NIC,32,PASS,97,1649,35809.77087859562,46.04888441175835,8967.857815499978,9097.922948699947,47.71009999999999,0.9651810499612946,5684842368,3447448.3735597334,478668.8990625032,290.2782893041256,48,1,8,15722348544,17187192052,0,0.6869759480841665,0.08955277574023296,0.10445787596579854,eaf243fb7246000d03f20744d56720e9d658d019aa074836f6d7911216dba8db
coarse-friendly-02,coarse-friendly,negative_control,FLEX_FREE,SHARED_NIC,64,PASS,65,1105,36266.42790050024,30.46895059617267,18141.27952109994,18241.87397440022,47.71009999999999,0.6386268441309634,3809928960,3447899.511312217,320760.02816250204,290.2805684728525,48,1,8,15722348544,17187192052,0,0.4545481718030636,0.059298263956410684,0.06916040323798764,eaf243fb7246000d03f20744d56720e9d658d019aa074836f6d7911216dba8db
coarse-friendly-02,coarse-friendly,negative_control,FLEX_FREE,SHARED_NIC,128,PASS,129,2193,72091.00315070133,30.41988464795923,36059.712210102734,36237.3067009604,47.71009999999999,0.6375984256574444,7560533376,3447575.638850889,636581.425062504,290.27880759804106,48,1,8,15722348544,17187192052,0,0.453816186072613,0.05916348480661285,0.06900977753354522,eaf243fb7246000d03f20744d56720e9d658d019aa074836f6d7911216dba8db
coarse-friendly-02,coarse-friendly,negative_control,FLEX_FREE_NO_ALT,SHARED_NIC,1,PASS,128,2176,163761.44277759537,13.287621085234505,1279.3862717000084,1279.386271700103,47.71009999999999,0.2785075085827636,7497695232,3445632.0,631619.5152000041,290.2663213235313,48,0,0,0,0,0,0.19823012456043945,0.02568935490946683,0.02999037714311058,61e194bf763650c2aeed02bab90899431ee5a5e28fb7dcbc33ed2f3622fed31e
coarse-friendly-02,coarse-friendly,negative_control,FLEX_FREE_NO_ALT,SHARED_NIC,8,PASS,121,2057,35683.663776495036,57.645426010177616,2212.866993399268,2414.542337399831,47.71009999999999,1.2082436635047427,7087665024,3445632.0,597077.8229625039,290.2663213235313,48,0,0,0,0,0,0.8599778624809753,0.11144762468644162,0.13010666510814284,61e194bf763650c2aeed02bab90899431ee5a5e28fb7dcbc33ed2f3622fed31e
coarse-friendly-02,coarse-friendly,negative_control,FLEX_FREE_NO_ALT,SHARED_NIC,32,PASS,97,1649,35976.12880989571,45.83594885135115,8986.969160497276,9149.022393339963,47.71009999999999,0.9607179371108246,5681847168,3445632.0,478649.1638625031,290.26632132353126,48,0,0,0,0,0,0.6837992889672255,0.088616009600318,0.10345248287459627,61e194bf763650c2aeed02bab90899431ee5a5e28fb7dcbc33ed2f3622fed31e
coarse-friendly-02,coarse-friendly,negative_control,FLEX_FREE_NO_ALT,SHARED_NIC,64,PASS,65,1105,36316.25271030039,30.42714810954569,18105.804118899934,18238.765635319935,47.71009999999999,0.6377506672496116,3807423360,3445632.0,320744.2850625021,290.2663213235313,48,0,0,0,0,0,0.4539245453406706,0.05882571467496352,0.06867456870880921,61e194bf763650c2aeed02bab90899431ee5a5e28fb7dcbc33ed2f3622fed31e
coarse-friendly-02,coarse-friendly,negative_control,FLEX_FREE_NO_ALT,SHARED_NIC,128,PASS,129,2193,71902.37216800143,30.499689146221886,35975.164943502765,36142.55474102139,47.71009999999999,0.6392711217587449,7556270976,3445632.0,636554.0426625041,290.2663213235313,48,0,0,0,0,0,0.45500674196893287,0.058965960428866315,0.06883829500972619,61e194bf763650c2aeed02bab90899431ee5a5e28fb7dcbc33ed2f3622fed31e
coarse-friendly-02,coarse-friendly,negative_control,FLEX_POOL,LEGACY_DIRECTED_LINK,1,PASS,128,2176,492739.28346954513,4.416128514613332,3849.525652100201,3849.5256521124975,47.71009999999999,0.09256171155820954,7497695232,3445632.0,631619.5152000041,290.2663213235313,48,1,8,15722348544,17187192052,0,0.06588159760963411,0.008537833221612844,0.009967273962445414,eaf243fb7246000d03f20744d56720e9d658d019aa074836f6d7911216dba8db
coarse-friendly-02,coarse-friendly,negative_control,FLEX_POOL,LEGACY_DIRECTED_LINK,8,PASS,121,2057,492739.28346938535,4.17462148647177,30796.20521689899,30796.20521689998,47.71009999999999,0.08749974295739835,7087665024,3445632.0,597077.8229625039,290.2663213235313,48,1,8,15722348544,17187192052,0,0.062278697740377434,0.008070920467308507,0.009422188667627236,eaf243fb7246000d03f20744d56720e9d658d019aa074836f6d7911216dba8db
coarse-friendly-02,coarse-friendly,negative_control,FLEX_POOL,LEGACY_DIRECTED_LINK,32,PASS,97,1649,492739.2834679334,3.3465973899913624,123184.8208672626,123184.82086759992,47.71009999999999,0.07014442204043511,5681847168,3445632.0,478649.1638625031,290.26632132353126,48,1,8,15722348544,17187192052,0,0.049925898188714145,0.006470076738274651,0.007553324799690371,eaf243fb7246000d03f20744d56720e9d658d019aa074836f6d7911216dba8db
coarse-friendly-02,coarse-friendly,negative_control,FLEX_POOL,LEGACY_DIRECTED_LINK,64,PASS,65,1105,492739.28346521856,2.242565261346774,246369.64173243195,246369.64173264822,47.71009999999999,0.04700399415106601,3807423360,3445632.0,320744.2850625021,290.2663213235313,48,1,8,15722348544,17187192052,0,0.033455498786436076,0.004335618432888354,0.005061506309098754,eaf243fb7246000d03f20744d56720e9d658d019aa074836f6d7911216dba8db
coarse-friendly-02,coarse-friendly,negative_control,FLEX_POOL,LEGACY_DIRECTED_LINK,128,PASS,129,2193,985478.5669321567,2.225314759332531,492739.2834661603,492739.2834661603,47.71009999999999,0.04664242496520719,7556270976,3445632.0,636554.0426625041,290.2663213235313,48,1,8,15722348544,17187192052,0,0.03319814879571326,0.004302267521858617,0.0050225716451738475,eaf243fb7246000d03f20744d56720e9d658d019aa074836f6d7911216dba8db
coarse-friendly-02,coarse-friendly,negative_control,FLEX_POOL,SHARED_NIC,1,PASS,128,2176,163761.44277759537,13.287621085234505,1279.3862717000084,1279.386271700103,47.71009999999999,0.2785075085827636,7497695232,3445632.0,631619.5152000041,290.2663213235313,48,1,8,15722348544,17187192052,0,0.19823012456043945,0.02568935490946683,0.02999037714311058,eaf243fb7246000d03f20744d56720e9d658d019aa074836f6d7911216dba8db
coarse-friendly-02,coarse-friendly,negative_control,FLEX_POOL,SHARED_NIC,8,PASS,121,2057,35557.257958995,57.850355119400774,2225.8120078993634,2334.417401400002,47.71009999999999,1.2125389617586377,7090977024,3447242.1118133203,597099.262462504,290.27674402649683,48,1,8,15722348544,17187192052,0,0.8630350781094752,0.11240715638447855,0.13113219838765644,eaf243fb7246000d03f20744d56720e9d658d019aa074836f6d7911216dba8db
coarse-friendly-02,coarse-friendly,negative_control,FLEX_POOL,SHARED_NIC,32,PASS,97,1649,35809.77087859562,46.04888441175835,8967.857815499978,9097.922948699947,47.71009999999999,0.9651810499612946,5684842368,3447448.3735597334,478668.8990625032,290.2782893041256,48,1,8,15722348544,17187192052,0,0.6869759480841665,0.08955277574023296,0.10445787596579854,eaf243fb7246000d03f20744d56720e9d658d019aa074836f6d7911216dba8db
coarse-friendly-02,coarse-friendly,negative_control,FLEX_POOL,SHARED_NIC,64,PASS,65,1105,36266.42790050024,30.46895059617267,18141.27952109994,18241.87397440022,47.71009999999999,0.6386268441309634,3809928960,3447899.511312217,320760.02816250204,290.2805684728525,48,1,8,15722348544,17187192052,0,0.4545481718030636,0.059298263956410684,0.06916040323798764,eaf243fb7246000d03f20744d56720e9d658d019aa074836f6d7911216dba8db
coarse-friendly-02,coarse-friendly,negative_control,FLEX_POOL,SHARED_NIC,128,PASS,129,2193,72091.00315070133,30.41988464795923,36059.712210102734,36237.3067009604,47.71009999999999,0.6375984256574444,7560533376,3447575.638850889,636581.425062504,290.27880759804106,48,1,8,15722348544,17187192052,0,0.453816186072613,0.05916348480661285,0.06900977753354522,eaf243fb7246000d03f20744d56720e9d658d019aa074836f6d7911216dba8db
coarse-friendly-02,coarse-friendly,negative_control,FLEX_POOL_NO_ALT,SHARED_NIC,1,PASS,128,2176,163761.44277759537,13.287621085234505,1279.3862717000084,1279.386271700103,47.71009999999999,0.2785075085827636,7497695232,3445632.0,631619.5152000041,290.2663213235313,48,0,0,0,0,0,0.19823012456043945,0.02568935490946683,0.02999037714311058,61e194bf763650c2aeed02bab90899431ee5a5e28fb7dcbc33ed2f3622fed31e
coarse-friendly-02,coarse-friendly,negative_control,FLEX_POOL_NO_ALT,SHARED_NIC,8,PASS,121,2057,35683.663776495036,57.645426010177616,2212.866993399268,2414.542337399831,47.71009999999999,1.2082436635047427,7087665024,3445632.0,597077.8229625039,290.2663213235313,48,0,0,0,0,0,0.8599778624809753,0.11144762468644162,0.13010666510814284,61e194bf763650c2aeed02bab90899431ee5a5e28fb7dcbc33ed2f3622fed31e
coarse-friendly-02,coarse-friendly,negative_control,FLEX_POOL_NO_ALT,SHARED_NIC,32,PASS,97,1649,35976.12880989571,45.83594885135115,8986.969160497276,9149.022393339963,47.71009999999999,0.9607179371108246,5681847168,3445632.0,478649.1638625031,290.26632132353126,48,0,0,0,0,0,0.6837992889672255,0.088616009600318,0.10345248287459627,61e194bf763650c2aeed02bab90899431ee5a5e28fb7dcbc33ed2f3622fed31e
coarse-friendly-02,coarse-friendly,negative_control,FLEX_POOL_NO_ALT,SHARED_NIC,64,PASS,65,1105,36316.25271030039,30.42714810954569,18105.804118899934,18238.765635319935,47.71009999999999,0.6377506672496116,3807423360,3445632.0,320744.2850625021,290.2663213235313,48,0,0,0,0,0,0.4539245453406706,0.05882571467496352,0.06867456870880921,61e194bf763650c2aeed02bab90899431ee5a5e28fb7dcbc33ed2f3622fed31e
coarse-friendly-02,coarse-friendly,negative_control,FLEX_POOL_NO_ALT,SHARED_NIC,128,PASS,129,2193,71902.37216800143,30.499689146221886,35975.164943502765,36142.55474102139,47.71009999999999,0.6392711217587449,7556270976,3445632.0,636554.0426625041,290.2663213235313,48,0,0,0,0,0,0.45500674196893287,0.058965960428866315,0.06883829500972619,61e194bf763650c2aeed02bab90899431ee5a5e28fb7dcbc33ed2f3622fed31e
coarse-friendly-02,coarse-friendly,negative_control,U_STRONG,LEGACY_DIRECTED_LINK,1,PASS,128,2176,490881.20864074107,4.4328443657995855,3835.0094425002026,3835.00944251247,47.71009999999999,0.09291207450413197,7121403904,3272704.0,577229.7424000053,265.27102132353184,48,0,0,0,0,0,0.06613097146229965,0.003191552819750725,0.004629581717118068,2f42bfe671cbaef77251af3aefa1fcae120c876075aec693d81f8cdc31e364cb
coarse-friendly-02,coarse-friendly,negative_control,U_STRONG,LEGACY_DIRECTED_LINK,8,PASS,121,2057,490881.2086406047,4.190423189546085,30680.07554009545,30680.07554009976,47.71009999999999,0.08783094542971165,6731952128,3272704.0,545662.490862505,265.27102132353184,48,0,0,0,0,0,0.0625144339604725,0.003017014774921445,0.004376401466964389,2f42bfe671cbaef77251af3aefa1fcae120c876075aec693d81f8cdc31e364cb
coarse-friendly-02,coarse-friendly,negative_control,U_STRONG,LEGACY_DIRECTED_LINK,32,PASS,97,1649,490881.20863915613,3.359264870968345,122720.30216008547,122720.30216039903,47.71009999999999,0.07040993146038985,5396688896,3272704.0,437431.914162504,265.27102132353184,48,0,0,0,0,0,0.05011487681143576,0.0024185986212251517,0.003508354895014864,2f42bfe671cbaef77251af3aefa1fcae120c876075aec693d81f8cdc31e364cb
coarse-friendly-02,coarse-friendly,negative_control,U_STRONG,LEGACY_DIRECTED_LINK,64,PASS,65,1105,490881.2086364518,2.251053779527272,245440.60431803763,245440.60431827616,47.71009999999999,0.04718191283454179,3616337920,3272704.0,293124.47856250266,265.27102132353184,48,0,0,0,0,0,0.03358213394599247,0.0016207104162938239,0.0023509594657445624,2f42bfe671cbaef77251af3aefa1fcae120c876075aec693d81f8cdc31e364cb
coarse-friendly-02,coarse-friendly,negative_control,U_STRONG,LEGACY_DIRECTED_LINK,128,PASS,129,2193,981762.4172745971,2.2337379812193627,490881.20863738656,490881.20863738656,47.71009999999999,0.046818975043426095,7177039872,3272704.0,581739.3497625054,265.27102132353184,48,0,0,0,0,0,0.03332380983865813,0.0016082434130887924,0.0023328751621578864,2f42bfe671cbaef77251af3aefa1fcae120c876075aec693d81f8cdc31e364cb
coarse-friendly-02,coarse-friendly,negative_control,U_STRONG,SHARED_NIC,1,PASS,128,2176,161551.78922239388,13.469364904430092,1262.1233533000195,1262.1233533000632,47.71009999999999,0.28231684495379583,7121403904,3272704.0,577229.7424000053,265.27102132353184,48,0,0,0,0,0,0.2009414526218082,0.009697653694465137,0.014067158771429913,2f42bfe671cbaef77251af3aefa1fcae120c876075aec693d81f8cdc31e364cb
coarse-friendly-02,coarse-friendly,negative_control,U_STRONG,SHARED_NIC,8,PASS,121,2057,35795.18907719493,57.465823006659626,2232.7082712000347,2328.4567569000246,47.71009999999999,1.2044791984644685,6731952128,3272704.0,545662.490862505,265.27102132353184,48,0,0,0,0,0,0.8572984719768042,0.04137415941584008,0.060016256289833925,2f42bfe671cbaef77251af3aefa1fcae120c876075aec693d81f8cdc31e364cb
coarse-friendly-02,coarse-friendly,negative_control,U_STRONG,SHARED_NIC,32,PASS,97,1649,35729.000757195565,46.15298399208389,8945.089503497726,9082.816962019828,47.71009999999999,0.9673629691005448,5396688896,3272704.0,437431.914162504,265.27102132353184,48,0,0,0,0,0,0.6885289478756456,0.03322915808556153,0.04820133378214223,2f42bfe671cbaef77251af3aefa1fcae120c876075aec693d81f8cdc31e364cb
coarse-friendly-02,coarse-friendly,negative_control,U_STRONG,SHARED_NIC,64,PASS,65,1105,35911.73979230065,30.769882116290788,17928.94409789989,18037.63207757988,47.71009999999999,0.6449343454801142,3616337920,3272704.0,293124.47856250266,265.27102132353184,48,0,0,0,0,0,0.4590375903629791,0.02215365483825899,0.03213550306040645,2f42bfe671cbaef77251af3aefa1fcae120c876075aec693d81f8cdc31e364cb
coarse-friendly-02,coarse-friendly,negative_control,U_STRONG,SHARED_NIC,128,PASS,129,2193,71587.0761306012,30.634021090610823,35825.957167702334,35974.51892838256,47.71009999999999,0.6420867089067268,7177039872,3272704.0,581739.3497625054,265.27102132353184,48,0,0,0,0,0,0.4570107604382927,0.022055837815187232,0.03199361228584878,2f42bfe671cbaef77251af3aefa1fcae120c876075aec693d81f8cdc31e364cb
coarse-friendly-03,coarse-friendly,negative_control,FLEX_FREE,SHARED_NIC,1,PASS,128,2176,160185.2119807956,13.584275184284039,1251.4469686000025,1251.4469686000812,48.66230000000001,0.2791539895213345,7121403904,3272704.0,570305.9536000044,262.0891330882373,48,0,0,0,0,0,0.20265573081672414,0.00978038663012056,0.01418716896958285,6ec391eb8f3022dc97b417e315e2e326ed775f0379c5a6ca43dead1b534c15cf
coarse-friendly-03,coarse-friendly,negative_control,FLEX_FREE,SHARED_NIC,8,PASS,121,2057,36118.09433779505,56.952063438393914,2260.268070200018,2376.486477199298,48.66230000000001,1.170352889986579,6731952128,3272704.0,539117.3467625042,262.08913308823736,48,0,0,0,0,0,0.8496339982114739,0.04100426355136468,0.059479695177382504,6ec391eb8f3022dc97b417e315e2e326ed775f0379c5a6ca43dead1b534c15cf
coarse-friendly-03,coarse-friendly,negative_control,FLEX_FREE,SHARED_NIC,32,PASS,97,1649,36278.34737339591,45.45411021697381,9057.042354597841,9181.511484717723,48.66230000000001,0.9340723767058647,5396688896,3272704.0,432184.9804625033,262.0891330882373,48,0,0,0,0,0,0.6781028652380211,0.032725983964491286,0.0474714427720302,6ec391eb8f3022dc97b417e315e2e326ed775f0379c5a6ca43dead1b534c15cf
coarse-friendly-03,coarse-friendly,negative_control,FLEX_FREE,SHARED_NIC,64,PASS,65,1105,36467.98431090138,30.30055049326327,18245.989084800196,18384.768563920512,48.66230000000001,0.6226699209298218,3616337920,3272704.0,289608.49206250225,262.0891330882373,48,0,0,0,0,0,0.4520359107172311,0.021815746140983652,0.0316453416827598,6ec391eb8f3022dc97b417e315e2e326ed775f0379c5a6ca43dead1b534c15cf
coarse-friendly-03,coarse-friendly,negative_control,FLEX_FREE,SHARED_NIC,128,PASS,129,2193,72294.65764690712,30.334191645401894,36068.28010620597,36289.64671216415,48.66230000000001,0.6233612395098852,7177039872,3272704.0,574761.4688625045,262.0891330882373,48,0,0,0,0,0,0.4525377830791852,0.021839967048623954,0.0316804758878055,6ec391eb8f3022dc97b417e315e2e326ed775f0379c5a6ca43dead1b534c15cf
coarse-friendly-03,coarse-friendly,negative_control,FLEX_FREE_NO_ALT,SHARED_NIC,1,PASS,128,2176,160185.2119807956,13.584275184284039,1251.4469686000025,1251.4469686000812,48.66230000000001,0.2791539895213345,7121403904,3272704.0,570305.9536000044,262.0891330882373,48,0,0,0,0,0,0.20265573081672414,0.00978038663012056,0.01418716896958285,6ec391eb8f3022dc97b417e315e2e326ed775f0379c5a6ca43dead1b534c15cf
coarse-friendly-03,coarse-friendly,negative_control,FLEX_FREE_NO_ALT,SHARED_NIC,8,PASS,121,2057,36118.09433779505,56.952063438393914,2260.268070200018,2376.486477199298,48.66230000000001,1.170352889986579,6731952128,3272704.0,539117.3467625042,262.08913308823736,48,0,0,0,0,0,0.8496339982114739,0.04100426355136468,0.059479695177382504,6ec391eb8f3022dc97b417e315e2e326ed775f0379c5a6ca43dead1b534c15cf
coarse-friendly-03,coarse-friendly,negative_control,FLEX_FREE_NO_ALT,SHARED_NIC,32,PASS,97,1649,36278.34737339591,45.45411021697381,9057.042354597841,9181.511484717723,48.66230000000001,0.9340723767058647,5396688896,3272704.0,432184.9804625033,262.0891330882373,48,0,0,0,0,0,0.6781028652380211,0.032725983964491286,0.0474714427720302,6ec391eb8f3022dc97b417e315e2e326ed775f0379c5a6ca43dead1b534c15cf
coarse-friendly-03,coarse-friendly,negative_control,FLEX_FREE_NO_ALT,SHARED_NIC,64,PASS,65,1105,36467.98431090138,30.30055049326327,18245.989084800196,18384.768563920512,48.66230000000001,0.6226699209298218,3616337920,3272704.0,289608.49206250225,262.0891330882373,48,0,0,0,0,0,0.4520359107172311,0.021815746140983652,0.0316453416827598,6ec391eb8f3022dc97b417e315e2e326ed775f0379c5a6ca43dead1b534c15cf
coarse-friendly-03,coarse-friendly,negative_control,FLEX_FREE_NO_ALT,SHARED_NIC,128,PASS,129,2193,72294.65764690712,30.334191645401894,36068.28010620597,36289.64671216415,48.66230000000001,0.6233612395098852,7177039872,3272704.0,574761.4688625045,262.0891330882373,48,0,0,0,0,0,0.4525377830791852,0.021839967048623954,0.0316804758878055,6ec391eb8f3022dc97b417e315e2e326ed775f0379c5a6ca43dead1b534c15cf
coarse-friendly-03,coarse-friendly,negative_control,FLEX_POOL,LEGACY_DIRECTED_LINK,1,PASS,128,2176,498943.8153863179,4.361212491060112,3897.9985577003863,3897.9985577117186,46.7537,0.09328058508866917,8375058432,3848832.0,731169.8384000052,336.01555073529653,46,3,14,27514109952,30077586092,0,0.0650623380808223,0.008431662432257405,0.009843327603123718,b604d69a85e1db7273d231ac27db2c7bd9a1e3a9c1000e94fe096c7227efc2c8
coarse-friendly-03,coarse-friendly,negative_control,FLEX_POOL,LEGACY_DIRECTED_LINK,8,PASS,121,2057,498943.8153860717,4.122708682957296,31183.988461679022,31183.98846169375,46.7537,0.08817930309167608,7917047424,3848832.0,691183.9878625049,336.01555073529653,46,3,14,27514109952,30077586092,0,0.06150424146705769,0.00797055589299726,0.009305020624832482,b604d69a85e1db7273d231ac27db2c7bd9a1e3a9c1000e94fe096c7227efc2c8
coarse-friendly-03,coarse-friendly,negative_control,FLEX_POOL,LEGACY_DIRECTED_LINK,32,PASS,97,1649,498943.81538456475,3.3049813408931037,124735.95384636283,124735.953846775,46.7537,0.07068919338775548,6346723968,3848832.0,554089.6431625037,336.01555073529636,46,3,14,27514109952,30077586092,0,0.0493050530770464,0.0063896191869675205,0.007459396699268403,b604d69a85e1db7273d231ac27db2c7bd9a1e3a9c1000e94fe096c7227efc2c8
coarse-friendly-03,coarse-friendly,negative_control,FLEX_POOL,LEGACY_DIRECTED_LINK,64,PASS,65,1105,498943.81538182445,2.214678218136408,249471.90769077092,249471.90769091458,46.7537,0.047369047115766415,4252959360,3848832.0,371297.18356250215,336.0155507352961,46,3,14,27514109952,30077586092,0,0.03303946855696513,0.004281703578919286,0.004998564798506278,b604d69a85e1db7273d231ac27db2c7bd9a1e3a9c1000e94fe096c7227efc2c8
coarse-friendly-03,coarse-friendly,negative_control,FLEX_POOL,LEGACY_DIRECTED_LINK,128,PASS,129,2193,997887.6307661106,2.1976422318376296,498943.8153831363,498943.8153831363,46.7537,0.047004669830144556,8440488576,3848832.0,736882.1027625053,336.01555073529653,46,3,14,27514109952,30077586092,0,0.03278531879875375,0.004248767397532491,0.004960114300043996,b604d69a85e1db7273d231ac27db2c7bd9a1e3a9c1000e94fe096c7227efc2c8
coarse-friendly-03,coarse-friendly,negative_control,FLEX_POOL,SHARED_NIC,1,PASS,128,2176,170165.3313024019,12.787563620306514,1329.4166507999762,1329.416650800209,46.7537,0.2735091259153075,8367685632,3845443.7647058824,731072.2256000041,335.9706919117666,46,3,14,27514109952,30077586092,0,0.19077006433414323,0.024722578869627893,0.02886173930265597,b604d69a85e1db7273d231ac27db2c7bd9a1e3a9c1000e94fe096c7227efc2c8
coarse-friendly-03,coarse-friendly,negative_control,FLEX_POOL,SHARED_NIC,8,PASS,121,2057,35649.688959794934,57.7003631734304,2224.514145800007,2344.814898999881,46.7537,1.2341346925148253,7866129024,3824078.2809917354,690821.9294625042,335.8395379010716,46,3,14,27514109952,30077586092,0,0.8607974373804053,0.11155383634580993,0.13023065918011065,b604d69a85e1db7273d231ac27db2c7bd9a1e3a9c1000e94fe096c7227efc2c8
coarse-friendly-03,coarse-friendly,negative_control,FLEX_POOL,SHARED_NIC,32,PASS,97,1649,35792.22582429579,46.07145719561977,8890.97320199716,9027.718299160046,46.7537,0.9854077259258576,6304935168,3823490.095815646,553794.5068625032,335.8365717783525,46,3,14,27514109952,30077586092,0,0.6873126980357058,0.08907132491983599,0.10398402904224055,b604d69a85e1db7273d231ac27db2c7bd9a1e3a9c1000e94fe096c7227efc2c8
coarse-friendly-03,coarse-friendly,negative_control,FLEX_POOL,SHARED_NIC,64,PASS,65,1105,36028.53092060124,30.670137576110747,18072.807540300615,18260.788512460545,46.7537,0.6559938053268671,4228565760,3826756.3438914027,371121.13246250217,335.85622847285265,46,3,14,27514109952,30077586092,0,0.4575495608280246,0.059295493471770745,0.0692229998912868,b604d69a85e1db7273d231ac27db2c7bd9a1e3a9c1000e94fe096c7227efc2c8
coarse-friendly-03,coarse-friendly,negative_control,FLEX_POOL,SHARED_NIC,128,PASS,129,2193,71845.9241753075,30.52365217891797,35804.60016920543,35948.47365042563,46.7537,0.652860675816416,8386718976,3824313.2585499315,736498.0656625045,335.8404312186523,46,3,14,27514109952,30077586092,0,0.45536423221686506,0.059012288876049444,0.06889237996469579,b604d69a85e1db7273d231ac27db2c7bd9a1e3a9c1000e94fe096c7227efc2c8
coarse-friendly-03,coarse-friendly,negative_control,FLEX_POOL_NO_ALT,SHARED_NIC,1,PASS,128,2176,177779.35715840035,12.239891260610177,1388.901227799979,1388.9012278002192,46.7537,0.26179513622686923,8375058432,3848832.0,731169.8384000052,336.01555073529653,46,0,0,0,0,0,0.18259966578164727,0.023663747530888218,0.02762563386942668,bfbea0cc1dc0493d20fc296aa495f4131df9ff058ea7504d41d5b9b155aab39b
coarse-friendly-03,coarse-friendly,negative_control,FLEX_POOL_NO_ALT,SHARED_NIC,8,PASS,121,2057,36344.82544529491,56.596777527412584,2287.147185499274,2416.3593633000073,46.7537,1.2105304505827899,7917047424,3848832.0,691183.9878625049,336.01555073529653,46,0,0,0,0,0,0.8443336987871728,0.1094202412386279,0.12773984840807742,bfbea0cc1dc0493d20fc296aa495f4131df9ff058ea7504d41d5b9b155aab39b
coarse-friendly-03,coarse-friendly,negative_control,FLEX_POOL_NO_ALT,SHARED_NIC,32,PASS,97,1649,36744.704941395794,44.877214353197104,9184.72989129708,9364.978570379753,46.7537,0.9598644460908357,6346723968,3848832.0,554089.6431625037,336.01555073529636,46,0,0,0,0,0,0.6694964985903497,0.08676245954579416,0.10128860350180914,bfbea0cc1dc0493d20fc296aa495f4131df9ff058ea7504d41d5b9b155aab39b
coarse-friendly-03,coarse-friendly,negative_control,FLEX_POOL_NO_ALT,SHARED_NIC,64,PASS,65,1105,36648.593494701316,30.151225316730418,18454.236590400025,18586.200500080067,46.7537,0.6448949562650745,4252959360,3848832.0,371297.18356250215,336.0155507352961,46,0,0,0,0,0,0.44980821712526003,0.058292264894391474,0.06805180647275284,bfbea0cc1dc0493d20fc296aa495f4131df9ff058ea7504d41d5b9b155aab39b
coarse-friendly-03,coarse-friendly,negative_control,FLEX_POOL_NO_ALT,SHARED_NIC,128,PASS,129,2193,73222.11930200677,29.94996622475385,36660.0182510053,36808.8880286255,46.7537,0.6405902896402605,8440488576,3848832.0,736882.1027625053,336.01555073529653,46,0,0,0,0,0,0.4468057523036399,0.057903164677777806,0.0675975614251902,bfbea0cc1dc0493d20fc296aa495f4131df9ff058ea7504d41d5b9b155aab39b
coarse-friendly-03,coarse-friendly,negative_control,U_STRONG,LEGACY_DIRECTED_LINK,1,PASS,128,2176,486615.81524553633,4.471700121176775,3801.6860566001487,3801.686056612467,48.66230000000001,0.0918924942137296,7121403904,3272704.0,570305.9536000044,262.0891330882373,48,0,0,0,0,0,0.06671063739188197,0.0032195281298235037,0.004670161958573623,6ec391eb8f3022dc97b417e315e2e326ed775f0379c5a6ca43dead1b534c15cf
coarse-friendly-03,coarse-friendly,negative_control,U_STRONG,LEGACY_DIRECTED_LINK,8,PASS,121,2057,486615.81524544425,4.22715402080072,30413.488452899735,30413.488452899735,48.66230000000001,0.0868671234364327,6731952128,3272704.0,539117.3467625042,262.08913308823736,48,0,0,0,0,0,0.06306239940952536,0.003043460185224356,0.004414762476464964,6ec391eb8f3022dc97b417e315e2e326ed775f0379c5a6ca43dead1b534c15cf
coarse-friendly-03,coarse-friendly,negative_control,U_STRONG,LEGACY_DIRECTED_LINK,32,PASS,97,1649,486615.81524393073,3.388710248090456,121653.95381132932,121653.95381159894,48.66230000000001,0.06963728077157173,5396688896,3272704.0,432184.9804625033,262.0891330882373,48,0,0,0,0,0,0.05055415489870236,0.0024397986608899204,0.0035391071092432517,6ec391eb8f3022dc97b417e315e2e326ed775f0379c5a6ca43dead1b534c15cf
coarse-friendly-03,coarse-friendly,negative_control,U_STRONG,LEGACY_DIRECTED_LINK,64,PASS,65,1105,486615.81524115195,2.2707852178055408,243307.9076203555,243307.90762065435,48.66230000000001,0.046664157218330005,3616337920,3272704.0,289608.49206250225,262.0891330882373,48,0,0,0,0,0,0.033876495550870286,0.0016349166284407256,0.002371566619609537,6ec391eb8f3022dc97b417e315e2e326ed775f0379c5a6ca43dead1b534c15cf
coarse-friendly-03,coarse-friendly,negative_control,U_STRONG,LEGACY_DIRECTED_LINK,128,PASS,129,2193,973231.6304847258,2.253317639201429,486615.8152424991,486615.8152424991,48.66230000000001,0.04630520216268916,7177039872,3272704.0,574761.4688625045,262.0891330882373,48,0,0,0,0,0,0.03361590712347225,0.001622340346679455,0.002353323799452837,6ec391eb8f3022dc97b417e315e2e326ed775f0379c5a6ca43dead1b534c15cf
coarse-friendly-03,coarse-friendly,negative_control,U_STRONG,SHARED_NIC,1,PASS,128,2176,160185.2119807956,13.584275184284039,1251.4469686000025,1251.4469686000812,48.66230000000001,0.2791539895213345,7121403904,3272704.0,570305.9536000044,262.0891330882373,48,0,0,0,0,0,0.20265573081672414,0.00978038663012056,0.01418716896958285,6ec391eb8f3022dc97b417e315e2e326ed775f0379c5a6ca43dead1b534c15cf
coarse-friendly-03,coarse-friendly,negative_control,U_STRONG,SHARED_NIC,8,PASS,121,2057,36118.09433779505,56.952063438393914,2260.268070200018,2376.486477199298,48.66230000000001,1.170352889986579,6731952128,3272704.0,539117.3467625042,262.08913308823736,48,0,0,0,0,0,0.8496339982114739,0.04100426355136468,0.059479695177382504,6ec391eb8f3022dc97b417e315e2e326ed775f0379c5a6ca43dead1b534c15cf
coarse-friendly-03,coarse-friendly,negative_control,U_STRONG,SHARED_NIC,32,PASS,97,1649,36278.34737339591,45.45411021697381,9057.042354597841,9181.511484717723,48.66230000000001,0.9340723767058647,5396688896,3272704.0,432184.9804625033,262.0891330882373,48,0,0,0,0,0,0.6781028652380211,0.032725983964491286,0.0474714427720302,6ec391eb8f3022dc97b417e315e2e326ed775f0379c5a6ca43dead1b534c15cf
coarse-friendly-03,coarse-friendly,negative_control,U_STRONG,SHARED_NIC,64,PASS,65,1105,36467.98431090138,30.30055049326327,18245.989084800196,18384.768563920512,48.66230000000001,0.6226699209298218,3616337920,3272704.0,289608.49206250225,262.0891330882373,48,0,0,0,0,0,0.4520359107172311,0.021815746140983652,0.0316453416827598,6ec391eb8f3022dc97b417e315e2e326ed775f0379c5a6ca43dead1b534c15cf
coarse-friendly-03,coarse-friendly,negative_control,U_STRONG,SHARED_NIC,128,PASS,129,2193,72294.65764690712,30.334191645401894,36068.28010620597,36289.64671216415,48.66230000000001,0.6233612395098852,7177039872,3272704.0,574761.4688625045,262.0891330882373,48,0,0,0,0,0,0.4525377830791852,0.021839967048623954,0.0316804758878055,6ec391eb8f3022dc97b417e315e2e326ed775f0379c5a6ca43dead1b534c15cf
