architecture,scenario,available_node_budget,placement_sha256,concurrency,status,active_sequence_count,microbatch_count,microbatch_sizes,warmup_steps_per_batch,measured_decode_steps,measured_output_tokens,measurement_window_ms,aggregate_output_tokens_per_second,p50_token_latency_ms,p95_token_latency_ms,active_node_count,active_compute_equivalents,network_bytes,network_bytes_per_output_token,network_messages,worker_compute_ms,compute_queue_wait_ms,network_queue_wait_ms,maximum_compute_utilization,maximum_tx_utilization,maximum_rx_utilization,resident_model_bytes,peak_transient_bytes,whole_layer_incapable_compute_share,overall_whole_layer_incapable_compute_share,p8_required_whole_layer_incapable_compute_share,p8_required_compute_ms,p8_required_incapable_compute_ms,task_graph_sha256,service_table_sha256,task_count_simulated,task_graph_replication_factor,placement_kind,layer_zero_candidate_id,whole_layer_layer_ids,p8_layer_ids,whole_layer_layer_count,p8_layer_count,whole_layer_only_commodity_model_feasible,canonical_commodity_architecture
SWARM_CURRENT_OPT,COMMODITY_GOOD,192,cbf28d444304e182e65151aeced7432597d799aa3119e346d5045b94f5b7e9d7,4,PASS,4,1,4,2,64,256,159897.7136682665,1.6010235176414915,2498.401776066664,2498.401776066664,192,134.39999999999995,34373500928,134271488.0,336128,248993.3538666619,0.0,0.0,0.02059008302539222,0.005431281441595457,0.005431281441595457,1714206781030,22020096,0.9965835387576694,0.9965835387576694,1.0,247543.13306666657,247543.13306666657,fc531c04294a43cb6d75b7a79001033ff21dbe0405304d3dc75ddb4ce05935f4,9d40d0974de9168348119daf53d91fcb0938531fbfaabc0e9c6fc72e920767d6,32067,64,CURRENT_PLACEMENT,layer-00:WHOLE_LAYER:p1,0,1|2|3|4|5|6|7|8|9|10|11|12|13|14|15|16|17|18|19|20|21|22|23|24|25|26|27|28|29|30|31|32|33|34|35|36|37|38|39|40|41|42|43|44|45|46|47|48|49|50|51|52|53|54|55|56|57|58|59|60|61|62|63|64|65|66|67|68|69|70|71|72|73|74|75|76|77|78|79|80|81|82|83|84|85|86|87|88|89|90|91|92,1,92,False,1-WHOLE-L0+92-P8
SWARM_CURRENT_OPT,COMMODITY_GOOD,192,cbf28d444304e182e65151aeced7432597d799aa3119e346d5045b94f5b7e9d7,16,PASS,16,4,4|4|4|4,2,64,256,40317.738096060784,6.3495625520969465,2506.7895260662026,2574.524762766653,192,134.39999999999995,34373500928,134271488.0,336128,248993.35386655384,1257.8399200667163,229.5437195334698,0.08165902541843555,0.021540134090132723,0.021540134090132723,1714206781030,22020096,0.9965835387576693,0.9965835387576693,1.0,247543.1330666634,247543.1330666634,0bacbf8f476e033afdfea3ed68d6330ac73b3108e4a1b78182ec5e6a170cfb55,9d40d0974de9168348119daf53d91fcb0938531fbfaabc0e9c6fc72e920767d6,769608,1,CURRENT_PLACEMENT,layer-00:WHOLE_LAYER:p1,0,1|2|3|4|5|6|7|8|9|10|11|12|13|14|15|16|17|18|19|20|21|22|23|24|25|26|27|28|29|30|31|32|33|34|35|36|37|38|39|40|41|42|43|44|45|46|47|48|49|50|51|52|53|54|55|56|57|58|59|60|61|62|63|64|65|66|67|68|69|70|71|72|73|74|75|76|77|78|79|80|81|82|83|84|85|86|87|88|89|90|91|92,1,92,False,1-WHOLE-L0+92-P8
SWARM_CURRENT_OPT,COMMODITY_GOOD,192,cbf28d444304e182e65151aeced7432597d799aa3119e346d5045b94f5b7e9d7,64,PASS,64,16,4|4|4|4|4|4|4|4|4|4|4|4|4|4|4|4,2,64,256,11484.428210866809,22.29105318084251,2667.055980683507,3044.753812733382,192,134.39999999999995,34373500928,134271488.0,336128,248993.35386655384,17776.259107564696,2788.5823961336573,0.2866757612612184,0.07561974082246921,0.07561974082246921,1714206781030,22020096,0.9965835387576693,0.9965835387576693,1.0,247543.1330666634,247543.1330666634,ab636bc06df0d60315d7effe26c1805a3d168901ced336c023358da924fc248c,9d40d0974de9168348119daf53d91fcb0938531fbfaabc0e9c6fc72e920767d6,1026144,1,CURRENT_PLACEMENT,layer-00:WHOLE_LAYER:p1,0,1|2|3|4|5|6|7|8|9|10|11|12|13|14|15|16|17|18|19|20|21|22|23|24|25|26|27|28|29|30|31|32|33|34|35|36|37|38|39|40|41|42|43|44|45|46|47|48|49|50|51|52|53|54|55|56|57|58|59|60|61|62|63|64|65|66|67|68|69|70|71|72|73|74|75|76|77|78|79|80|81|82|83|84|85|86|87|88|89|90|91|92,1,92,False,1-WHOLE-L0+92-P8
SWARM_CURRENT_OPT,COMMODITY_GOOD,224,186fff7f67b9c0a2bbd95e70e2bce68fdd2369681fcab2243c536fb03e7fc09b,4,PASS,4,1,4,2,64,256,153902.24860160018,1.6633935002645457,2404.722634400003,2404.722634400003,224,156.80000000000004,34373500928,134271488.0,336128,241737.67599999573,0.0,0.0,0.017075690731478212,0.0042464133925149495,0.0042464133925149495,1714206781030,25690112,0.996480738950069,0.996480738950069,1.0,240287.45519999988,240287.45519999988,c8bb47c530b214eb3788a603391678cbcac26ec1fe04730629bc05f336c79b44,9d40d0974de9168348119daf53d91fcb0938531fbfaabc0e9c6fc72e920767d6,32067,64,CURRENT_PLACEMENT,layer-00:WHOLE_LAYER:p1,0,1|2|3|4|5|6|7|8|9|10|11|12|13|14|15|16|17|18|19|20|21|22|23|24|25|26|27|28|29|30|31|32|33|34|35|36|37|38|39|40|41|42|43|44|45|46|47|48|49|50|51|52|53|54|55|56|57|58|59|60|61|62|63|64|65|66|67|68|69|70|71|72|73|74|75|76|77|78|79|80|81|82|83|84|85|86|87|88|89|90|91|92,1,92,False,1-WHOLE-L0+92-P8
SWARM_CURRENT_OPT,COMMODITY_GOOD,224,186fff7f67b9c0a2bbd95e70e2bce68fdd2369681fcab2243c536fb03e7fc09b,16,PASS,16,4,4|4|4|4,2,64,256,39065.157985627025,6.553154094351502,2417.2129178337564,2461.882805566852,224,156.80000000000004,34373500928,134271488.0,336128,241737.67599987364,1835.480829865467,254.67878100015878,0.0672718948421226,0.01672929544635265,0.01672929544635265,1714206781030,25690112,0.996480738950069,0.996480738950069,1.0,240287.4551999971,240287.4551999971,0d62e0dc6e4c0f0d01001d54cc5ca37718262b33986ca99dcc3e9175ac0fbf8c,9d40d0974de9168348119daf53d91fcb0938531fbfaabc0e9c6fc72e920767d6,769608,1,CURRENT_PLACEMENT,layer-00:WHOLE_LAYER:p1,0,1|2|3|4|5|6|7|8|9|10|11|12|13|14|15|16|17|18|19|20|21|22|23|24|25|26|27|28|29|30|31|32|33|34|35|36|37|38|39|40|41|42|43|44|45|46|47|48|49|50|51|52|53|54|55|56|57|58|59|60|61|62|63|64|65|66|67|68|69|70|71|72|73|74|75|76|77|78|79|80|81|82|83|84|85|86|87|88|89|90|91|92,1,92,False,1-WHOLE-L0+92-P8
SWARM_CURRENT_OPT,COMMODITY_GOOD,224,186fff7f67b9c0a2bbd95e70e2bce68fdd2369681fcab2243c536fb03e7fc09b,64,PASS,64,16,4|4|4|4|4|4|4|4|4|4|4|4|4|4|4|4,2,64,256,10902.184968300551,23.481531522749947,2539.3304102335496,2872.827805533396,224,156.80000000000004,34373500928,134271488.0,336128,241737.67599987364,14542.330873097564,2416.7029921335397,0.24105142296165444,0.0599451001336176,0.0599451001336176,1714206781030,25690112,0.996480738950069,0.996480738950069,1.0,240287.4551999971,240287.4551999971,d23e1a6f805967dbd78f8c41cb5188b11ac40e4c6e19620d161f13dd9bde8a48,9d40d0974de9168348119daf53d91fcb0938531fbfaabc0e9c6fc72e920767d6,1026144,1,CURRENT_PLACEMENT,layer-00:WHOLE_LAYER:p1,0,1|2|3|4|5|6|7|8|9|10|11|12|13|14|15|16|17|18|19|20|21|22|23|24|25|26|27|28|29|30|31|32|33|34|35|36|37|38|39|40|41|42|43|44|45|46|47|48|49|50|51|52|53|54|55|56|57|58|59|60|61|62|63|64|65|66|67|68|69|70|71|72|73|74|75|76|77|78|79|80|81|82|83|84|85|86|87|88|89|90|91|92,1,92,False,1-WHOLE-L0+92-P8
SWARM_CURRENT_OPT,COMMODITY_GOOD,256,9be1512f370019d05c2d621424bc53646c73d844cb57afe9c98aed226bd142f8,4,PASS,4,1,4,2,64,256,153449.64380160044,1.6682997344131338,2397.650684400007,2397.650684400007,256,179.20000000000013,34373500928,134271488.0,336128,239293.1375999955,0.0,0.0,0.017092815173889924,0.005670099689022057,0.005670099689022057,1714206781030,29360128,0.996444696747389,0.996444696747389,1.0,237842.91679999998,237842.91679999998,f0b5f20418b363c74bde782a618b8520dd99d86d270a83a9dc546b69eb3ea316,9d40d0974de9168348119daf53d91fcb0938531fbfaabc0e9c6fc72e920767d6,32067,64,CURRENT_PLACEMENT,layer-00:WHOLE_LAYER:p1,0,1|2|3|4|5|6|7|8|9|10|11|12|13|14|15|16|17|18|19|20|21|22|23|24|25|26|27|28|29|30|31|32|33|34|35|36|37|38|39|40|41|42|43|44|45|46|47|48|49|50|51|52|53|54|55|56|57|58|59|60|61|62|63|64|65|66|67|68|69|70|71|72|73|74|75|76|77|78|79|80|81|82|83|84|85|86|87|88|89|90|91|92,1,92,False,1-WHOLE-L0+92-P8
SWARM_CURRENT_OPT,COMMODITY_GOOD,256,9be1512f370019d05c2d621424bc53646c73d844cb57afe9c98aed226bd142f8,16,PASS,16,4,4|4|4|4,2,64,256,39147.536707760366,6.539364198341811,2433.042816516112,2488.217580600186,256,179.20000000000013,34373500928,134271488.0,336128,239293.13759989257,2954.1073295983288,274.77391416685987,0.06700003679874154,0.022225530666084584,0.022225530666084584,1714206781030,29360128,0.9964446967473889,0.9964446967473889,1.0,237842.91679999733,237842.91679999733,f2097beaa21f28cc654b107f7645258908cfd67ae46f419ecfb3131b3b267c70,9d40d0974de9168348119daf53d91fcb0938531fbfaabc0e9c6fc72e920767d6,769608,1,CURRENT_PLACEMENT,layer-00:WHOLE_LAYER:p1,0,1|2|3|4|5|6|7|8|9|10|11|12|13|14|15|16|17|18|19|20|21|22|23|24|25|26|27|28|29|30|31|32|33|34|35|36|37|38|39|40|41|42|43|44|45|46|47|48|49|50|51|52|53|54|55|56|57|58|59|60|61|62|63|64|65|66|67|68|69|70|71|72|73|74|75|76|77|78|79|80|81|82|83|84|85|86|87|88|89|90|91|92,1,92,False,1-WHOLE-L0+92-P8
SWARM_CURRENT_OPT,COMMODITY_GOOD,256,9be1512f370019d05c2d621424bc53646c73d844cb57afe9c98aed226bd142f8,64,PASS,64,16,4|4|4|4|4|4|4|4|4|4|4|4|4|4|4|4,2,64,256,10977.691422733787,23.320021500135045,2486.3756442335025,2877.171374600058,256,179.20000000000013,34373500928,134271488.0,336128,239293.13759989257,12651.786266066925,2456.256195933526,0.23892877828286135,0.07925844734514538,0.07925844734514538,1714206781030,29360128,0.9964446967473889,0.9964446967473889,1.0,237842.91679999733,237842.91679999733,97bcde76656229bb6b91a6444d7009d6e631eebbf18e48af8d2ccc27d763a756,9d40d0974de9168348119daf53d91fcb0938531fbfaabc0e9c6fc72e920767d6,1026144,1,CURRENT_PLACEMENT,layer-00:WHOLE_LAYER:p1,0,1|2|3|4|5|6|7|8|9|10|11|12|13|14|15|16|17|18|19|20|21|22|23|24|25|26|27|28|29|30|31|32|33|34|35|36|37|38|39|40|41|42|43|44|45|46|47|48|49|50|51|52|53|54|55|56|57|58|59|60|61|62|63|64|65|66|67|68|69|70|71|72|73|74|75|76|77|78|79|80|81|82|83|84|85|86|87|88|89|90|91|92,1,92,False,1-WHOLE-L0+92-P8
SWARM_CURRENT_OPT,COMMODITY_GOOD,320,1f6dac85165871c5235412659d0b0c6054c602ff5c552b40f2aaa22453ff3c25,4,PASS,4,1,4,2,64,256,153770.48646826664,1.664818821086518,2402.663851066666,2402.663851066666,320,224.0000000000003,34373500928,134271488.0,336128,238912.04453332906,0.0,0.0,0.0168074281311021,0.003775702537819673,0.003775702537819673,1714206781030,36700160,0.9964390113003154,0.9964390113003154,1.0,237461.82373333324,237461.82373333324,b9720a82259bcb119022f12dfbdfd1348eda7f231cac9f910844657a7327014f,9d40d0974de9168348119daf53d91fcb0938531fbfaabc0e9c6fc72e920767d6,32067,64,CURRENT_PLACEMENT,layer-00:WHOLE_LAYER:p1,0,1|2|3|4|5|6|7|8|9|10|11|12|13|14|15|16|17|18|19|20|21|22|23|24|25|26|27|28|29|30|31|32|33|34|35|36|37|38|39|40|41|42|43|44|45|46|47|48|49|50|51|52|53|54|55|56|57|58|59|60|61|62|63|64|65|66|67|68|69|70|71|72|73|74|75|76|77|78|79|80|81|82|83|84|85|86|87|88|89|90|91|92,1,92,False,1-WHOLE-L0+92-P8
SWARM_CURRENT_OPT,COMMODITY_GOOD,320,1f6dac85165871c5235412659d0b0c6054c602ff5c552b40f2aaa22453ff3c25,16,PASS,16,4,4|4|4|4,2,64,256,39224.843252127364,6.526476048724957,2415.851622967086,2500.1314721002063,320,224.0000000000003,34373500928,134271488.0,336128,238912.0445332298,2788.838495000213,355.8437055335653,0.06588901792131094,0.014801629984041085,0.014801629984041085,1714206781030,36700160,0.9964390113003154,0.9964390113003154,1.0,237461.82373333068,237461.82373333068,d1078f88a207e7535ce5e4dbdfef2aabbe1dac0004eae1bf53ee7fc236d946c4,9d40d0974de9168348119daf53d91fcb0938531fbfaabc0e9c6fc72e920767d6,769608,1,CURRENT_PLACEMENT,layer-00:WHOLE_LAYER:p1,0,1|2|3|4|5|6|7|8|9|10|11|12|13|14|15|16|17|18|19|20|21|22|23|24|25|26|27|28|29|30|31|32|33|34|35|36|37|38|39|40|41|42|43|44|45|46|47|48|49|50|51|52|53|54|55|56|57|58|59|60|61|62|63|64|65|66|67|68|69|70|71|72|73|74|75|76|77|78|79|80|81|82|83|84|85|86|87|88|89|90|91|92,1,92,False,1-WHOLE-L0+92-P8
SWARM_CURRENT_OPT,COMMODITY_GOOD,320,1f6dac85165871c5235412659d0b0c6054c602ff5c552b40f2aaa22453ff3c25,64,PASS,64,16,4|4|4|4|4|4|4|4|4|4|4|4|4|4|4|4,2,64,256,10736.722379133927,23.843403131808472,2509.201921633544,2989.8455374667365,320,224.0000000000003,34373500928,134271488.0,336128,238912.0445332298,12162.078898867252,2316.941001866985,0.24071465282764523,0.054075312325141185,0.054075312325141185,1714206781030,36700160,0.9964390113003154,0.9964390113003154,1.0,237461.82373333068,237461.82373333068,28cd0eb36c08435470f871b3416b033565d918e0eb4293ff9efd393dde8f28ca,9d40d0974de9168348119daf53d91fcb0938531fbfaabc0e9c6fc72e920767d6,1026144,1,CURRENT_PLACEMENT,layer-00:WHOLE_LAYER:p1,0,1|2|3|4|5|6|7|8|9|10|11|12|13|14|15|16|17|18|19|20|21|22|23|24|25|26|27|28|29|30|31|32|33|34|35|36|37|38|39|40|41|42|43|44|45|46|47|48|49|50|51|52|53|54|55|56|57|58|59|60|61|62|63|64|65|66|67|68|69|70|71|72|73|74|75|76|77|78|79|80|81|82|83|84|85|86|87|88|89|90|91|92,1,92,False,1-WHOLE-L0+92-P8
SWARM_D_OPT,COMMODITY_GOOD,192,a4b1e66121c7632cfc16585a40ad819f7106bec92e254160e1133bf8d0e22279,4,PASS,4,1,4,2,64,256,127429.34387626947,2.0089564319547093,1991.0834980667105,1991.0834980667105,192,134.39999999999995,22851485696,89263616.0,294912,231123.69626666242,5860.24959999969,16856.26252799903,0.021723749929120646,0.006616422471880994,0.006616422471880994,1714206781030,22020096,0.9963187008371711,0.9963187008371711,1.0,229673.4754666665,229673.4754666665,71a6579853212998cfcf8e7158251a505f141df226373b1bcf4dd3b990b84fd4,9d40d0974de9168348119daf53d91fcb0938531fbfaabc0e9c6fc72e920767d6,31791,64,D_PLACEMENT,layer-00:WHOLE_LAYER:p1,0,1|2|3|4|5|6|7|8|9|10|11|12|13|14|15|16|17|18|19|20|21|22|23|24|25|26|27|28|29|30|31|32|33|34|35|36|37|38|39|40|41|42|43|44|45|46|47|48|49|50|51|52|53|54|55|56|57|58|59|60|61|62|63|64|65|66|67|68|69|70|71|72|73|74|75|76|77|78|79|80|81|82|83|84|85|86|87|88|89|90|91|92,1,92,False,1-WHOLE-L0+92-P8
SWARM_D_OPT,COMMODITY_GOOD,192,a4b1e66121c7632cfc16585a40ad819f7106bec92e254160e1133bf8d0e22279,16,PASS,16,4,4|4|4|4,2,64,256,32420.250160793366,7.896299341625294,1999.9925759503494,2048.0421781661644,192,134.39999999999995,22851485696,89263616.0,294912,231123.69626656515,7679.2888176041915,16936.938991985786,0.08538623811569888,0.026006164980787665,0.026006164980787665,1714206781030,22020096,0.9963187008371712,0.9963187008371712,1.0,229673.47546666354,229673.47546666354,bb53a09f10f077dff3f63871c62a1c7e2e61a3fbc4af1da15d96ff507bcaa3e7,9d40d0974de9168348119daf53d91fcb0938531fbfaabc0e9c6fc72e920767d6,762984,1,D_PLACEMENT,layer-00:WHOLE_LAYER:p1,0,1|2|3|4|5|6|7|8|9|10|11|12|13|14|15|16|17|18|19|20|21|22|23|24|25|26|27|28|29|30|31|32|33|34|35|36|37|38|39|40|41|42|43|44|45|46|47|48|49|50|51|52|53|54|55|56|57|58|59|60|61|62|63|64|65|66|67|68|69|70|71|72|73|74|75|76|77|78|79|80|81|82|83|84|85|86|87|88|89|90|91|92,1,92,False,1-WHOLE-L0+92-P8
SWARM_D_OPT,COMMODITY_GOOD,192,a4b1e66121c7632cfc16585a40ad819f7106bec92e254160e1133bf8d0e22279,64,PASS,64,16,4|4|4|4|4|4|4|4|4|4|4|4|4|4|4|4,2,64,256,9570.632821067462,26.748492475489932,2255.937114750205,2479.0308239335645,192,134.39999999999995,22851485696,89263616.0,294912,231123.69626656515,33909.12647529507,19919.87741772367,0.2892434859590895,0.08809515422470904,0.08809515422470904,1714206781030,22020096,0.9963187008371712,0.9963187008371712,1.0,229673.47546666354,229673.47546666354,990327cb59a3948f6194f99248ac3e9c0772975df830b8a7d8a115e5ef4895fd,9d40d0974de9168348119daf53d91fcb0938531fbfaabc0e9c6fc72e920767d6,1017312,1,D_PLACEMENT,layer-00:WHOLE_LAYER:p1,0,1|2|3|4|5|6|7|8|9|10|11|12|13|14|15|16|17|18|19|20|21|22|23|24|25|26|27|28|29|30|31|32|33|34|35|36|37|38|39|40|41|42|43|44|45|46|47|48|49|50|51|52|53|54|55|56|57|58|59|60|61|62|63|64|65|66|67|68|69|70|71|72|73|74|75|76|77|78|79|80|81|82|83|84|85|86|87|88|89|90|91|92,1,92,False,1-WHOLE-L0+92-P8
SWARM_D_OPT,COMMODITY_GOOD,224,329d62ffd090ce867b8671af3f9e0f6da1160b38e508125f63b69935247bcb5b,4,PASS,4,1,4,2,64,256,123096.65726080316,2.079666545758561,1923.3852697000493,1923.3852697000493,224,156.80000000000004,22851485696,89263616.0,294912,225218.0103999955,5432.330399999599,18680.378886399238,0.017317851251504333,0.0046469134087700715,0.0046469134087700715,1714206781030,25690112,0.9962219109525935,0.9962219109525935,1.0,223767.7895999998,223767.7895999998,23c4f305edc52b338f02ec7929c4e04e03a8bdef8094eba3d9e94426cb75f127,9d40d0974de9168348119daf53d91fcb0938531fbfaabc0e9c6fc72e920767d6,31791,64,D_PLACEMENT,layer-00:WHOLE_LAYER:p1,0,1|2|3|4|5|6|7|8|9|10|11|12|13|14|15|16|17|18|19|20|21|22|23|24|25|26|27|28|29|30|31|32|33|34|35|36|37|38|39|40|41|42|43|44|45|46|47|48|49|50|51|52|53|54|55|56|57|58|59|60|61|62|63|64|65|66|67|68|69|70|71|72|73|74|75|76|77|78|79|80|81|82|83|84|85|86|87|88|89|90|91|92,1,92,False,1-WHOLE-L0+92-P8
SWARM_D_OPT,COMMODITY_GOOD,224,329d62ffd090ce867b8671af3f9e0f6da1160b38e508125f63b69935247bcb5b,16,PASS,16,4,4|4|4|4,2,64,256,31345.598565892833,8.167015839938491,1937.579905716385,1959.6819042000334,224,156.80000000000004,22851485696,89263616.0,294912,225218.01039988376,7501.718760131373,18619.20041145376,0.0680085784777317,0.018248798343969534,0.018248798343969534,1714206781030,25690112,0.9962219109525936,0.9962219109525936,1.0,223767.789599997,223767.789599997,fc440d69c1fbd940f7d441a51938eb4877c7de46e05afbdb82ecd8458fe04380,9d40d0974de9168348119daf53d91fcb0938531fbfaabc0e9c6fc72e920767d6,762984,1,D_PLACEMENT,layer-00:WHOLE_LAYER:p1,0,1|2|3|4|5|6|7|8|9|10|11|12|13|14|15|16|17|18|19|20|21|22|23|24|25|26|27|28|29|30|31|32|33|34|35|36|37|38|39|40|41|42|43|44|45|46|47|48|49|50|51|52|53|54|55|56|57|58|59|60|61|62|63|64|65|66|67|68|69|70|71|72|73|74|75|76|77|78|79|80|81|82|83|84|85|86|87|88|89|90|91|92,1,92,False,1-WHOLE-L0+92-P8
SWARM_D_OPT,COMMODITY_GOOD,224,329d62ffd090ce867b8671af3f9e0f6da1160b38e508125f63b69935247bcb5b,64,PASS,64,16,4|4|4|4|4|4|4|4|4|4|4|4|4|4|4|4,2,64,256,9521.96824980104,26.88519781667504,2125.720433866979,2384.451309833362,224,156.80000000000004,22851485696,89263616.0,294912,225218.01039988376,35400.563290926766,21105.842179292704,0.2238790913889615,0.06007366252370681,0.06007366252370681,1714206781030,25690112,0.9962219109525936,0.9962219109525936,1.0,223767.789599997,223767.789599997,c49bd3d91d03771f763ce54644bd239c056d8f30eae5d15f932a9c187b7548e3,9d40d0974de9168348119daf53d91fcb0938531fbfaabc0e9c6fc72e920767d6,1017312,1,D_PLACEMENT,layer-00:WHOLE_LAYER:p1,0,1|2|3|4|5|6|7|8|9|10|11|12|13|14|15|16|17|18|19|20|21|22|23|24|25|26|27|28|29|30|31|32|33|34|35|36|37|38|39|40|41|42|43|44|45|46|47|48|49|50|51|52|53|54|55|56|57|58|59|60|61|62|63|64|65|66|67|68|69|70|71|72|73|74|75|76|77|78|79|80|81|82|83|84|85|86|87|88|89|90|91|92,1,92,False,1-WHOLE-L0+92-P8
SWARM_D_OPT,COMMODITY_GOOD,256,fed5828cd26018f9ead7e39f3eedfee8014e545b635c05481f7f0700405d9ba1,4,PASS,4,1,4,2,64,256,122759.20286080294,2.0853833686935817,1918.1125447000459,1918.1125447000459,256,179.20000000000013,22851485696,89263616.0,294912,222853.59679999572,5404.523999999568,18825.92288639894,0.017365456522369413,0.00688137139630881,0.00688137139630881,1714206781030,29360128,0.9961817179948056,0.9961817179948056,1.0,221403.37599999984,221403.37599999984,371c6ab85430002c2b59148bc3d1520abdcd2b3f168c72d0bc9c1353b7f742b0,9d40d0974de9168348119daf53d91fcb0938531fbfaabc0e9c6fc72e920767d6,31791,64,D_PLACEMENT,layer-00:WHOLE_LAYER:p1,0,1|2|3|4|5|6|7|8|9|10|11|12|13|14|15|16|17|18|19|20|21|22|23|24|25|26|27|28|29|30|31|32|33|34|35|36|37|38|39|40|41|42|43|44|45|46|47|48|49|50|51|52|53|54|55|56|57|58|59|60|61|62|63|64|65|66|67|68|69|70|71|72|73|74|75|76|77|78|79|80|81|82|83|84|85|86|87|88|89|90|91|92,1,92,False,1-WHOLE-L0+92-P8
SWARM_D_OPT,COMMODITY_GOOD,256,fed5828cd26018f9ead7e39f3eedfee8014e545b635c05481f7f0700405d9ba1,16,PASS,16,4,4|4|4|4,2,64,256,31262.392557159354,8.188752653269777,1935.6723290488244,1988.1733585003803,256,179.20000000000013,22851485696,89263616.0,294912,222853.596799901,8089.883421698091,18942.93357698627,0.06818958581312433,0.02702133771928927,0.02702133771928927,1714206781030,29360128,0.9961817179948054,0.9961817179948054,1.0,221403.37599999722,221403.37599999722,f845d064c7096a9821a1af670e3b99ee60600bc2ba29e5101e2e58310a650322,9d40d0974de9168348119daf53d91fcb0938531fbfaabc0e9c6fc72e920767d6,762984,1,D_PLACEMENT,layer-00:WHOLE_LAYER:p1,0,1|2|3|4|5|6|7|8|9|10|11|12|13|14|15|16|17|18|19|20|21|22|23|24|25|26|27|28|29|30|31|32|33|34|35|36|37|38|39|40|41|42|43|44|45|46|47|48|49|50|51|52|53|54|55|56|57|58|59|60|61|62|63|64|65|66|67|68|69|70|71|72|73|74|75|76|77|78|79|80|81|82|83|84|85|86|87|88|89|90|91|92,1,92,False,1-WHOLE-L0+92-P8
SWARM_D_OPT,COMMODITY_GOOD,256,fed5828cd26018f9ead7e39f3eedfee8014e545b635c05481f7f0700405d9ba1,64,PASS,64,16,4|4|4|4|4|4|4|4|4|4|4|4|4|4|4|4,2,64,256,9043.763484767685,28.306799534417067,2083.1914799668584,2450.2606134333846,256,179.20000000000013,22851485696,89263616.0,294912,222853.596799901,24093.24858599648,21000.851629056735,0.23571708875298583,0.09340709413982404,0.09340709413982404,1714206781030,29360128,0.9961817179948054,0.9961817179948054,1.0,221403.37599999722,221403.37599999722,792de682f6055e64cfbb1468c0877906f78ad011540567d29aaf6051bffcdb86,9d40d0974de9168348119daf53d91fcb0938531fbfaabc0e9c6fc72e920767d6,1017312,1,D_PLACEMENT,layer-00:WHOLE_LAYER:p1,0,1|2|3|4|5|6|7|8|9|10|11|12|13|14|15|16|17|18|19|20|21|22|23|24|25|26|27|28|29|30|31|32|33|34|35|36|37|38|39|40|41|42|43|44|45|46|47|48|49|50|51|52|53|54|55|56|57|58|59|60|61|62|63|64|65|66|67|68|69|70|71|72|73|74|75|76|77|78|79|80|81|82|83|84|85|86|87|88|89|90|91|92,1,92,False,1-WHOLE-L0+92-P8
SWARM_D_OPT,COMMODITY_GOOD,320,ff7fc8e0aeca0dbbc5437bae801169dba4f02fb3e8fa3f613de59803ba38bde0,4,PASS,4,1,4,2,64,256,122977.08606080321,2.081688615336248,1921.5169697000501,1921.5169697000501,320,224.0000000000003,22851485696,89263616.0,294912,222381.42213332752,5432.4359999995795,18679.639686399576,0.01729321183418281,0.00458385834675971,0.00458385834675971,1714206781030,36700160,0.9961735887790106,0.9961735887790106,1.0,220931.20133333316,220931.20133333316,bac6e02a5b172d42f12a544aa110d9e09488e3a74dddc00e206c0326b8ca17fd,9d40d0974de9168348119daf53d91fcb0938531fbfaabc0e9c6fc72e920767d6,31791,64,D_PLACEMENT,layer-00:WHOLE_LAYER:p1,0,1|2|3|4|5|6|7|8|9|10|11|12|13|14|15|16|17|18|19|20|21|22|23|24|25|26|27|28|29|30|31|32|33|34|35|36|37|38|39|40|41|42|43|44|45|46|47|48|49|50|51|52|53|54|55|56|57|58|59|60|61|62|63|64|65|66|67|68|69|70|71|72|73|74|75|76|77|78|79|80|81|82|83|84|85|86|87|88|89|90|91|92,1,92,False,1-WHOLE-L0+92-P8
SWARM_D_OPT,COMMODITY_GOOD,320,ff7fc8e0aeca0dbbc5437bae801169dba4f02fb3e8fa3f613de59803ba38bde0,16,PASS,16,4,4|4|4|4,2,64,256,31461.83402822671,8.13684287350584,1931.010403999726,2067.171354066766,320,224.0000000000003,22851485696,89263616.0,294912,222381.42213323724,7625.958421937076,18919.772292753667,0.06759519480307571,0.017917249893768302,0.017917249893768302,1714206781030,36700160,0.9961735887790106,0.9961735887790106,1.0,220931.20133333068,220931.20133333068,1f1afeb2bb58989d1307e3144a114f8997009acfd8fe9bcd8e0ea77e9b8fa768,9d40d0974de9168348119daf53d91fcb0938531fbfaabc0e9c6fc72e920767d6,762984,1,D_PLACEMENT,layer-00:WHOLE_LAYER:p1,0,1|2|3|4|5|6|7|8|9|10|11|12|13|14|15|16|17|18|19|20|21|22|23|24|25|26|27|28|29|30|31|32|33|34|35|36|37|38|39|40|41|42|43|44|45|46|47|48|49|50|51|52|53|54|55|56|57|58|59|60|61|62|63|64|65|66|67|68|69|70|71|72|73|74|75|76|77|78|79|80|81|82|83|84|85|86|87|88|89|90|91|92,1,92,False,1-WHOLE-L0+92-P8
SWARM_D_OPT,COMMODITY_GOOD,320,ff7fc8e0aeca0dbbc5437bae801169dba4f02fb3e8fa3f613de59803ba38bde0,64,PASS,64,16,4|4|4|4|4|4|4|4|4|4|4|4|4|4|4|4,2,64,256,8862.401519801064,28.886075566315174,2043.1161353335942,2444.025362500088,320,224.0000000000003,22851485696,89263616.0,294912,222381.42213323724,22084.759480331282,20879.1891141562,0.23996529555205243,0.06360686109070068,0.06360686109070068,1714206781030,36700160,0.9961735887790106,0.9961735887790106,1.0,220931.20133333068,220931.20133333068,f87949fcc9a757cdd2b9dde9b468f008a08c8b1f6066afceaa5c45a766729022,9d40d0974de9168348119daf53d91fcb0938531fbfaabc0e9c6fc72e920767d6,1017312,1,D_PLACEMENT,layer-00:WHOLE_LAYER:p1,0,1|2|3|4|5|6|7|8|9|10|11|12|13|14|15|16|17|18|19|20|21|22|23|24|25|26|27|28|29|30|31|32|33|34|35|36|37|38|39|40|41|42|43|44|45|46|47|48|49|50|51|52|53|54|55|56|57|58|59|60|61|62|63|64|65|66|67|68|69|70|71|72|73|74|75|76|77|78|79|80|81|82|83|84|85|86|87|88|89|90|91|92,1,92,False,1-WHOLE-L0+92-P8
SWARM_CURRENT_OPT,COMMODITY_REGIONAL,192,1cda5bb0be91f9b97e3e1a50bef049812d16087db722da79260953013ad5f55d,4,PASS,4,1,4,2,64,256,212491.20739413908,1.2047557314932034,3320.175115533423,3320.175115533423,192,134.39999999999995,34373500928,134271488.0,336128,278468.82693332515,0.0,0.0,0.025569283861812432,0.00541914548899006,0.00541914548899006,1714206781030,22020096,0.996945948576355,0.996945948576355,1.0,277018.6061333333,277018.6061333333,2a2286b6d99d42c1583043de9389eb70e503418cde8e323c9ba10729756f588d,9d40d0974de9168348119daf53d91fcb0938531fbfaabc0e9c6fc72e920767d6,32067,64,CURRENT_PLACEMENT,layer-00:WHOLE_LAYER:p1,0,1|2|3|4|5|6|7|8|9|10|11|12|13|14|15|16|17|18|19|20|21|22|23|24|25|26|27|28|29|30|31|32|33|34|35|36|37|38|39|40|41|42|43|44|45|46|47|48|49|50|51|52|53|54|55|56|57|58|59|60|61|62|63|64|65|66|67|68|69|70|71|72|73|74|75|76|77|78|79|80|81|82|83|84|85|86|87|88|89|90|91|92,1,92,False,1-WHOLE-L0+92-P8
SWARM_CURRENT_OPT,COMMODITY_REGIONAL,192,1cda5bb0be91f9b97e3e1a50bef049812d16087db722da79260953013ad5f55d,16,PASS,16,4,4|4|4|4,2,64,256,55635.662050161234,4.601365213721908,3384.5018955159903,3606.1284513668543,192,134.39999999999995,34373500928,134271488.0,336128,278468.82693317946,8787.488360667943,618.5604683328302,0.09765764978407841,0.020697529706068543,0.020697529706068543,1714206781030,22020096,0.996945948576355,0.996945948576355,1.0,277018.6061333288,277018.6061333288,294a84c210dc1bb753b094b2e57dfcd108a2797651e4332a4aeeb3c53891238f,9d40d0974de9168348119daf53d91fcb0938531fbfaabc0e9c6fc72e920767d6,769608,1,CURRENT_PLACEMENT,layer-00:WHOLE_LAYER:p1,0,1|2|3|4|5|6|7|8|9|10|11|12|13|14|15|16|17|18|19|20|21|22|23|24|25|26|27|28|29|30|31|32|33|34|35|36|37|38|39|40|41|42|43|44|45|46|47|48|49|50|51|52|53|54|55|56|57|58|59|60|61|62|63|64|65|66|67|68|69|70|71|72|73|74|75|76|77|78|79|80|81|82|83|84|85|86|87|88|89|90|91|92,1,92,False,1-WHOLE-L0+92-P8
SWARM_CURRENT_OPT,COMMODITY_REGIONAL,192,1cda5bb0be91f9b97e3e1a50bef049812d16087db722da79260953013ad5f55d,64,PASS,64,16,4|4|4|4|4|4|4|4|4|4|4|4|4|4|4|4,2,64,256,15398.957678899435,16.624501822664687,3548.319398849617,4139.824609233628,192,134.39999999999995,34373500928,134271488.0,336128,278468.82693317946,24993.696024079705,1622.773183266152,0.35283219249605097,0.0747791371345792,0.0747791371345792,1714206781030,22020096,0.996945948576355,0.996945948576355,1.0,277018.6061333288,277018.6061333288,debe274b069e4be296243d7c0cc93cee90d2ca23259267ca581b54446a8c3fa8,9d40d0974de9168348119daf53d91fcb0938531fbfaabc0e9c6fc72e920767d6,1026144,1,CURRENT_PLACEMENT,layer-00:WHOLE_LAYER:p1,0,1|2|3|4|5|6|7|8|9|10|11|12|13|14|15|16|17|18|19|20|21|22|23|24|25|26|27|28|29|30|31|32|33|34|35|36|37|38|39|40|41|42|43|44|45|46|47|48|49|50|51|52|53|54|55|56|57|58|59|60|61|62|63|64|65|66|67|68|69|70|71|72|73|74|75|76|77|78|79|80|81|82|83|84|85|86|87|88|89|90|91|92,1,92,False,1-WHOLE-L0+92-P8
SWARM_CURRENT_OPT,COMMODITY_REGIONAL,224,2c990f8804f53e5c17897946d4f5ce5801a9d0e66b4e3ef138d95d7ec86c56c2,4,PASS,4,1,4,2,64,256,205280.32426667237,1.2470751929806945,3207.5050666667557,3207.5050666667557,224,156.80000000000004,34373500928,134271488.0,336128,264005.9423999939,0.0,0.0,0.019881652148493842,0.006958021121130383,0.006958021121130383,1714206781030,25690112,0.9967782581248743,0.9967782581248743,1.0,262555.72159999993,262555.72159999993,6cf712c05aa5cec89b32102b4769e78790f0d1d5f2eed75b48c121aa19674535,9d40d0974de9168348119daf53d91fcb0938531fbfaabc0e9c6fc72e920767d6,32067,64,CURRENT_PLACEMENT,layer-00:WHOLE_LAYER:p1,0,1|2|3|4|5|6|7|8|9|10|11|12|13|14|15|16|17|18|19|20|21|22|23|24|25|26|27|28|29|30|31|32|33|34|35|36|37|38|39|40|41|42|43|44|45|46|47|48|49|50|51|52|53|54|55|56|57|58|59|60|61|62|63|64|65|66|67|68|69|70|71|72|73|74|75|76|77|78|79|80|81|82|83|84|85|86|87|88|89|90|91|92,1,92,False,1-WHOLE-L0+92-P8
SWARM_CURRENT_OPT,COMMODITY_REGIONAL,224,2c990f8804f53e5c17897946d4f5ce5801a9d0e66b4e3ef138d95d7ec86c56c2,16,PASS,16,4,4|4|4|4,2,64,256,52624.42120689407,4.86466157971658,3228.55914774982,3514.988117633584,224,156.80000000000004,34373500928,134271488.0,336128,264005.9423999095,4162.490810266298,218.68029083327474,0.07755547531732834,0.02714224307350442,0.02714224307350442,1714206781030,25690112,0.9967782581248742,0.9967782581248742,1.0,262555.7215999959,262555.7215999959,2262875825aab94d6a2642cb2cf6b869b8295d369e8ff3d802a197e6eb0f360b,9d40d0974de9168348119daf53d91fcb0938531fbfaabc0e9c6fc72e920767d6,769608,1,CURRENT_PLACEMENT,layer-00:WHOLE_LAYER:p1,0,1|2|3|4|5|6|7|8|9|10|11|12|13|14|15|16|17|18|19|20|21|22|23|24|25|26|27|28|29|30|31|32|33|34|35|36|37|38|39|40|41|42|43|44|45|46|47|48|49|50|51|52|53|54|55|56|57|58|59|60|61|62|63|64|65|66|67|68|69|70|71|72|73|74|75|76|77|78|79|80|81|82|83|84|85|86|87|88|89|90|91|92,1,92,False,1-WHOLE-L0+92-P8
SWARM_CURRENT_OPT,COMMODITY_REGIONAL,224,2c990f8804f53e5c17897946d4f5ce5801a9d0e66b4e3ef138d95d7ec86c56c2,64,PASS,64,16,4|4|4|4|4|4|4|4|4|4|4|4|4|4|4|4,2,64,256,14662.218011532186,17.459841328143522,3383.656908566346,4258.354603900202,224,156.80000000000004,34373500928,134271488.0,336128,264005.9423999095,23302.96557990063,1612.1873673664313,0.2783557028540916,0.09741669581481958,0.09741669581481958,1714206781030,25690112,0.9967782581248742,0.9967782581248742,1.0,262555.7215999959,262555.7215999959,f79a9cdc08608b9936a89fab72e6605595a37b5d7f8c51ff5a219109a02351ef,9d40d0974de9168348119daf53d91fcb0938531fbfaabc0e9c6fc72e920767d6,1026144,1,CURRENT_PLACEMENT,layer-00:WHOLE_LAYER:p1,0,1|2|3|4|5|6|7|8|9|10|11|12|13|14|15|16|17|18|19|20|21|22|23|24|25|26|27|28|29|30|31|32|33|34|35|36|37|38|39|40|41|42|43|44|45|46|47|48|49|50|51|52|53|54|55|56|57|58|59|60|61|62|63|64|65|66|67|68|69|70|71|72|73|74|75|76|77|78|79|80|81|82|83|84|85|86|87|88|89|90|91|92,1,92,False,1-WHOLE-L0+92-P8
SWARM_CURRENT_OPT,COMMODITY_REGIONAL,256,66c000a83c7e827da7ace4b049c17e3be00439fb9414b737dd302c41c59707ca,4,PASS,4,1,4,2,64,256,202900.62947840348,1.2617013592224875,3170.3223356000544,3170.3223356000544,256,179.20000000000013,34373500928,134271488.0,336128,261679.26559999483,0.0,0.0,0.020114831632074406,0.004295546054443211,0.004295546054443211,1714206781030,29360128,0.9967495465456622,0.9967495465456622,1.0,260229.04479999986,260229.04479999986,804fe3c9e90df64d36c00638d8f9a227039e41ce4d75c434c20a0f93b459e64b,9d40d0974de9168348119daf53d91fcb0938531fbfaabc0e9c6fc72e920767d6,32067,64,CURRENT_PLACEMENT,layer-00:WHOLE_LAYER:p1,0,1|2|3|4|5|6|7|8|9|10|11|12|13|14|15|16|17|18|19|20|21|22|23|24|25|26|27|28|29|30|31|32|33|34|35|36|37|38|39|40|41|42|43|44|45|46|47|48|49|50|51|52|53|54|55|56|57|58|59|60|61|62|63|64|65|66|67|68|69|70|71|72|73|74|75|76|77|78|79|80|81|82|83|84|85|86|87|88|89|90|91|92,1,92,False,1-WHOLE-L0+92-P8
SWARM_CURRENT_OPT,COMMODITY_REGIONAL,256,66c000a83c7e827da7ace4b049c17e3be00439fb9414b737dd302c41c59707ca,16,PASS,16,4,4|4|4|4,2,64,256,52509.41757616205,4.875315930303092,3210.321588599423,3469.8636083335077,256,179.20000000000013,34373500928,134271488.0,336128,261679.26559985572,7220.869754734789,406.19659176638925,0.07772533363334762,0.016598336805694565,0.016598336805694565,1714206781030,29360128,0.9967495465456621,0.9967495465456621,1.0,260229.0447999968,260229.0447999968,691640d346af30bf230b478669624d29972dd4877f19aa07143ba0f9be6996d2,9d40d0974de9168348119daf53d91fcb0938531fbfaabc0e9c6fc72e920767d6,769608,1,CURRENT_PLACEMENT,layer-00:WHOLE_LAYER:p1,0,1|2|3|4|5|6|7|8|9|10|11|12|13|14|15|16|17|18|19|20|21|22|23|24|25|26|27|28|29|30|31|32|33|34|35|36|37|38|39|40|41|42|43|44|45|46|47|48|49|50|51|52|53|54|55|56|57|58|59|60|61|62|63|64|65|66|67|68|69|70|71|72|73|74|75|76|77|78|79|80|81|82|83|84|85|86|87|88|89|90|91|92,1,92,False,1-WHOLE-L0+92-P8
SWARM_CURRENT_OPT,COMMODITY_REGIONAL,256,66c000a83c7e827da7ace4b049c17e3be00439fb9414b737dd302c41c59707ca,64,PASS,64,16,4|4|4|4|4|4|4|4|4|4|4|4|4|4|4|4,2,64,256,14478.560135032487,17.68131620910145,3322.9368525829505,3865.7089857668907,256,179.20000000000013,34373500928,134271488.0,336128,261679.26559985572,17727.295421503637,1536.4178097660788,0.2818865938281235,0.06019721507328187,0.06019721507328187,1714206781030,29360128,0.9967495465456621,0.9967495465456621,1.0,260229.0447999968,260229.0447999968,c5160207abf08ad55cb433915994a3c6fbb2ac954889ab10b11b96ddc3647cf4,9d40d0974de9168348119daf53d91fcb0938531fbfaabc0e9c6fc72e920767d6,1026144,1,CURRENT_PLACEMENT,layer-00:WHOLE_LAYER:p1,0,1|2|3|4|5|6|7|8|9|10|11|12|13|14|15|16|17|18|19|20|21|22|23|24|25|26|27|28|29|30|31|32|33|34|35|36|37|38|39|40|41|42|43|44|45|46|47|48|49|50|51|52|53|54|55|56|57|58|59|60|61|62|63|64|65|66|67|68|69|70|71|72|73|74|75|76|77|78|79|80|81|82|83|84|85|86|87|88|89|90|91|92,1,92,False,1-WHOLE-L0+92-P8
SWARM_CURRENT_OPT,COMMODITY_REGIONAL,320,1a280d415a8aff5ace0a038751a59c829113e453cb7b3869e46cc2715239f847,4,PASS,4,1,4,2,64,256,198282.32449707028,1.291088354190555,3098.161320266723,3098.161320266723,320,224.0000000000003,34373500928,134271488.0,336128,247906.70719999514,0.0,0.0,0.013722224981818125,0.0043867381311280314,0.0043867381311280314,1714206781030,36700160,0.9965685269923937,0.9965685269923937,1.0,246456.48639999994,246456.48639999994,1e35d2b6f9b0f6914b5018cd0a30990770bbd60fd57726eed9dc732270c9dd95,9d40d0974de9168348119daf53d91fcb0938531fbfaabc0e9c6fc72e920767d6,32067,64,CURRENT_PLACEMENT,layer-00:WHOLE_LAYER:p1,0,1|2|3|4|5|6|7|8|9|10|11|12|13|14|15|16|17|18|19|20|21|22|23|24|25|26|27|28|29|30|31|32|33|34|35|36|37|38|39|40|41|42|43|44|45|46|47|48|49|50|51|52|53|54|55|56|57|58|59|60|61|62|63|64|65|66|67|68|69|70|71|72|73|74|75|76|77|78|79|80|81|82|83|84|85|86|87|88|89|90|91|92,1,92,False,1-WHOLE-L0+92-P8
SWARM_CURRENT_OPT,COMMODITY_REGIONAL,320,1a280d415a8aff5ace0a038751a59c829113e453cb7b3869e46cc2715239f847,16,PASS,16,4,4|4|4|4,2,64,256,51023.524092527594,5.017293582774916,3105.246943716593,3400.5008642336343,320,224.0000000000003,34373500928,134271488.0,336128,247906.70719989677,4379.127558067932,326.21285413317946,0.05332588673672521,0.0170472865030383,0.0170472865030383,1714206781030,36700160,0.9965685269923937,0.9965685269923937,1.0,246456.48639999694,246456.48639999694,49533b7ca1cd37f50b794950833d57476f425d1b1e01e9d4e3f08eefb35cd6a6,9d40d0974de9168348119daf53d91fcb0938531fbfaabc0e9c6fc72e920767d6,769608,1,CURRENT_PLACEMENT,layer-00:WHOLE_LAYER:p1,0,1|2|3|4|5|6|7|8|9|10|11|12|13|14|15|16|17|18|19|20|21|22|23|24|25|26|27|28|29|30|31|32|33|34|35|36|37|38|39|40|41|42|43|44|45|46|47|48|49|50|51|52|53|54|55|56|57|58|59|60|61|62|63|64|65|66|67|68|69|70|71|72|73|74|75|76|77|78|79|80|81|82|83|84|85|86|87|88|89|90|91|92,1,92,False,1-WHOLE-L0+92-P8
SWARM_CURRENT_OPT,COMMODITY_REGIONAL,320,1a280d415a8aff5ace0a038751a59c829113e453cb7b3869e46cc2715239f847,64,PASS,64,16,4|4|4|4|4|4|4|4|4|4|4|4|4|4|4|4,2,64,256,13660.406232432302,18.74029188035486,3212.1918559835476,3852.3406042001843,320,224.0000000000003,34373500928,134271488.0,336128,247906.70719989677,15298.456189769831,1449.4048719666753,0.1991796305593638,0.06367399466751589,0.06367399466751589,1714206781030,36700160,0.9965685269923937,0.9965685269923937,1.0,246456.48639999694,246456.48639999694,a5bb55301e2ca89bb8e4651ba7543e8b0686c8884737986181519a947d52f7ce,9d40d0974de9168348119daf53d91fcb0938531fbfaabc0e9c6fc72e920767d6,1026144,1,CURRENT_PLACEMENT,layer-00:WHOLE_LAYER:p1,0,1|2|3|4|5|6|7|8|9|10|11|12|13|14|15|16|17|18|19|20|21|22|23|24|25|26|27|28|29|30|31|32|33|34|35|36|37|38|39|40|41|42|43|44|45|46|47|48|49|50|51|52|53|54|55|56|57|58|59|60|61|62|63|64|65|66|67|68|69|70|71|72|73|74|75|76|77|78|79|80|81|82|83|84|85|86|87|88|89|90|91|92,1,92,False,1-WHOLE-L0+92-P8
SWARM_D_OPT,COMMODITY_REGIONAL,192,67703454689a63e5ff7541adb91610448d2d2fe1115e3a36bc5d86a04245ac6a,4,PASS,4,1,4,2,64,256,171846.0818901339,1.4897051895757978,2685.0950295333423,2685.0950295333423,192,134.39999999999995,22851485696,89263616.0,294912,253421.90853332652,8127.315199999663,9226.505343997094,0.02484002711253207,0.006700884624976204,0.006700884624976204,1714206781030,22020096,0.9966433835757774,0.9966433835757774,1.0,251971.68773333335,251971.68773333335,6c3a3db2b26e40ddb42beae8e1f5e1081fd3a2fa203ce6796b72af9585ea0df2,9d40d0974de9168348119daf53d91fcb0938531fbfaabc0e9c6fc72e920767d6,31791,64,D_PLACEMENT,layer-00:WHOLE_LAYER:p1,0,1|2|3|4|5|6|7|8|9|10|11|12|13|14|15|16|17|18|19|20|21|22|23|24|25|26|27|28|29|30|31|32|33|34|35|36|37|38|39|40|41|42|43|44|45|46|47|48|49|50|51|52|53|54|55|56|57|58|59|60|61|62|63|64|65|66|67|68|69|70|71|72|73|74|75|76|77|78|79|80|81|82|83|84|85|86|87|88|89|90|91|92,1,92,False,1-WHOLE-L0+92-P8
SWARM_D_OPT,COMMODITY_REGIONAL,192,67703454689a63e5ff7541adb91610448d2d2fe1115e3a36bc5d86a04245ac6a,16,PASS,16,4,4|4|4|4,2,64,256,45515.106491425875,5.624506229557547,2780.6925131493736,2884.48722550029,192,134.39999999999995,22851485696,89263616.0,294912,253421.90853324332,19432.189539172752,9929.593095749697,0.09378559477033153,0.025299748957347285,0.025299748957347285,1714206781030,22020096,0.9966433835757774,0.9966433835757774,1.0,251971.68773332957,251971.68773332957,d53b7f77c04077668b2573f6b4e311d718663e8823dffdd271c860799a377075,9d40d0974de9168348119daf53d91fcb0938531fbfaabc0e9c6fc72e920767d6,762984,1,D_PLACEMENT,layer-00:WHOLE_LAYER:p1,0,1|2|3|4|5|6|7|8|9|10|11|12|13|14|15|16|17|18|19|20|21|22|23|24|25|26|27|28|29|30|31|32|33|34|35|36|37|38|39|40|41|42|43|44|45|46|47|48|49|50|51|52|53|54|55|56|57|58|59|60|61|62|63|64|65|66|67|68|69|70|71|72|73|74|75|76|77|78|79|80|81|82|83|84|85|86|87|88|89|90|91|92,1,92,False,1-WHOLE-L0+92-P8
SWARM_D_OPT,COMMODITY_REGIONAL,192,67703454689a63e5ff7541adb91610448d2d2fe1115e3a36bc5d86a04245ac6a,64,PASS,64,16,4|4|4|4|4|4|4|4|4|4|4|4|4|4|4|4,2,64,256,14086.514927333545,18.173409201679565,3108.0718080833017,3644.0433209669654,192,134.39999999999995,22851485696,89263616.0,294912,253421.90853324332,54279.929514976015,13872.255232282208,0.30303175450802394,0.08174632078553266,0.08174632078553266,1714206781030,22020096,0.9966433835757774,0.9966433835757774,1.0,251971.68773332957,251971.68773332957,49044fd13b623d465a00c4fb4034d720bca398e737651db26ac8d05c89dcdb07,9d40d0974de9168348119daf53d91fcb0938531fbfaabc0e9c6fc72e920767d6,1017312,1,D_PLACEMENT,layer-00:WHOLE_LAYER:p1,0,1|2|3|4|5|6|7|8|9|10|11|12|13|14|15|16|17|18|19|20|21|22|23|24|25|26|27|28|29|30|31|32|33|34|35|36|37|38|39|40|41|42|43|44|45|46|47|48|49|50|51|52|53|54|55|56|57|58|59|60|61|62|63|64|65|66|67|68|69|70|71|72|73|74|75|76|77|78|79|80|81|82|83|84|85|86|87|88|89|90|91|92,1,92,False,1-WHOLE-L0+92-P8
SWARM_D_OPT,COMMODITY_REGIONAL,224,8f6ad217a5d72e2b56c7fb0031931aeb473a158eac054f46041a35fe474c89e2,4,PASS,4,1,4,2,64,256,166278.02553173457,1.5395900882353317,2598.0941489333527,2598.0941489333527,224,156.80000000000004,22851485696,89263616.0,294912,240265.3258666617,7703.37919999985,10598.491127463756,0.019292218498154882,0.008590099788786564,0.008590099788786564,1714206781030,25690112,0.9964591187217371,0.9964591187217371,1.0,238815.10506666664,238815.10506666664,bd04fbbc3fed40b5896be6bea4337a8089057780ab1e5704e008630243c00985,9d40d0974de9168348119daf53d91fcb0938531fbfaabc0e9c6fc72e920767d6,31791,64,D_PLACEMENT,layer-00:WHOLE_LAYER:p1,0,1|2|3|4|5|6|7|8|9|10|11|12|13|14|15|16|17|18|19|20|21|22|23|24|25|26|27|28|29|30|31|32|33|34|35|36|37|38|39|40|41|42|43|44|45|46|47|48|49|50|51|52|53|54|55|56|57|58|59|60|61|62|63|64|65|66|67|68|69|70|71|72|73|74|75|76|77|78|79|80|81|82|83|84|85|86|87|88|89|90|91|92,1,92,False,1-WHOLE-L0+92-P8
SWARM_D_OPT,COMMODITY_REGIONAL,224,8f6ad217a5d72e2b56c7fb0031931aeb473a158eac054f46041a35fe474c89e2,16,PASS,16,4,4|4|4|4,2,64,256,43534.32877415868,5.880416839043071,2615.9296851325744,3164.135899800369,224,156.80000000000004,22851485696,89263616.0,294912,240265.32586656496,15678.955320235127,11346.245172812249,0.07368603330583813,0.03280962110176931,0.03280962110176931,1714206781030,25690112,0.9964591187217371,0.9964591187217371,1.0,238815.10506666335,238815.10506666335,ae1c2d5ffcbf9a1f1ea3e93dd09ef6c43fe9f1eaafe3f6fc1a114003eff87ed4,9d40d0974de9168348119daf53d91fcb0938531fbfaabc0e9c6fc72e920767d6,762984,1,D_PLACEMENT,layer-00:WHOLE_LAYER:p1,0,1|2|3|4|5|6|7|8|9|10|11|12|13|14|15|16|17|18|19|20|21|22|23|24|25|26|27|28|29|30|31|32|33|34|35|36|37|38|39|40|41|42|43|44|45|46|47|48|49|50|51|52|53|54|55|56|57|58|59|60|61|62|63|64|65|66|67|68|69|70|71|72|73|74|75|76|77|78|79|80|81|82|83|84|85|86|87|88|89|90|91|92,1,92,False,1-WHOLE-L0+92-P8
SWARM_D_OPT,COMMODITY_REGIONAL,224,8f6ad217a5d72e2b56c7fb0031931aeb473a158eac054f46041a35fe474c89e2,64,PASS,64,16,4|4|4|4|4|4|4|4|4|4|4|4|4|4|4|4,2,64,256,13191.737058833634,19.406087224015256,2860.3592126836547,3615.790860500313,224,156.80000000000004,22851485696,89263616.0,294912,240265.32586656496,42971.76382780053,13901.884028585819,0.24317282748232646,0.10827572029595084,0.10827572029595084,1714206781030,25690112,0.9964591187217371,0.9964591187217371,1.0,238815.10506666335,238815.10506666335,4d2f7a614a93d08fd3c628933346d5df395e50e1d91ed1171345568376400451,9d40d0974de9168348119daf53d91fcb0938531fbfaabc0e9c6fc72e920767d6,1017312,1,D_PLACEMENT,layer-00:WHOLE_LAYER:p1,0,1|2|3|4|5|6|7|8|9|10|11|12|13|14|15|16|17|18|19|20|21|22|23|24|25|26|27|28|29|30|31|32|33|34|35|36|37|38|39|40|41|42|43|44|45|46|47|48|49|50|51|52|53|54|55|56|57|58|59|60|61|62|63|64|65|66|67|68|69|70|71|72|73|74|75|76|77|78|79|80|81|82|83|84|85|86|87|88|89|90|91|92,1,92,False,1-WHOLE-L0+92-P8
SWARM_D_OPT,COMMODITY_REGIONAL,256,990ba56f9c9639b2d89d38aa7f26869da6e02979393812bdbdf45ec4667af659,4,PASS,4,1,4,2,64,256,164145.593728001,1.5595910568529012,2564.7749020000156,2564.7749020000156,256,179.20000000000013,22851485696,89263616.0,294912,238165.83199999417,7630.425599999609,10567.97521919792,0.019542845635659487,0.004761717213653523,0.004761717213653523,1714206781030,29360128,0.996427825885843,0.996427825885843,1.0,236715.61119999996,236715.61119999996,70b7f6352d2d7f26ffc7cab9d2288878a48495c126806be376ec72d451eac4f1,9d40d0974de9168348119daf53d91fcb0938531fbfaabc0e9c6fc72e920767d6,31791,64,D_PLACEMENT,layer-00:WHOLE_LAYER:p1,0,1|2|3|4|5|6|7|8|9|10|11|12|13|14|15|16|17|18|19|20|21|22|23|24|25|26|27|28|29|30|31|32|33|34|35|36|37|38|39|40|41|42|43|44|45|46|47|48|49|50|51|52|53|54|55|56|57|58|59|60|61|62|63|64|65|66|67|68|69|70|71|72|73|74|75|76|77|78|79|80|81|82|83|84|85|86|87|88|89|90|91|92,1,92,False,1-WHOLE-L0+92-P8
SWARM_D_OPT,COMMODITY_REGIONAL,256,990ba56f9c9639b2d89d38aa7f26869da6e02979393812bdbdf45ec4667af659,16,PASS,16,4,4|4|4|4,2,64,256,43243.60030679294,5.919951118403667,2626.024284149854,3143.7034920001497,256,179.20000000000013,22851485696,89263616.0,294912,238165.83199985145,19860.5317189708,11668.354883679282,0.0741814274769359,0.018074695299531197,0.018074695299531197,1714206781030,29360128,0.9964278258858429,0.9964278258858429,1.0,236715.6111999977,236715.6111999977,f629348be6f5136206c3b9d6c206b6bfb05e329942aaf6945a9708a63a8e51ce,9d40d0974de9168348119daf53d91fcb0938531fbfaabc0e9c6fc72e920767d6,762984,1,D_PLACEMENT,layer-00:WHOLE_LAYER:p1,0,1|2|3|4|5|6|7|8|9|10|11|12|13|14|15|16|17|18|19|20|21|22|23|24|25|26|27|28|29|30|31|32|33|34|35|36|37|38|39|40|41|42|43|44|45|46|47|48|49|50|51|52|53|54|55|56|57|58|59|60|61|62|63|64|65|66|67|68|69|70|71|72|73|74|75|76|77|78|79|80|81|82|83|84|85|86|87|88|89|90|91|92,1,92,False,1-WHOLE-L0+92-P8
SWARM_D_OPT,COMMODITY_REGIONAL,256,990ba56f9c9639b2d89d38aa7f26869da6e02979393812bdbdf45ec4667af659,64,PASS,64,16,4|4|4|4|4|4|4|4|4|4|4|4|4|4|4|4,2,64,256,13006.465664267216,19.682518418766996,2884.0182341502777,3473.1278176336673,256,179.20000000000013,22851485696,89263616.0,294912,238165.83199985145,42973.526534340184,14778.613579953051,0.24663671767596176,0.060094334569869665,0.060094334569869665,1714206781030,29360128,0.9964278258858429,0.9964278258858429,1.0,236715.6111999977,236715.6111999977,6275123b16e0e0557560f1a2a85440d8ed32df4a1ece29ce6f815990bd724f25,9d40d0974de9168348119daf53d91fcb0938531fbfaabc0e9c6fc72e920767d6,1017312,1,D_PLACEMENT,layer-00:WHOLE_LAYER:p1,0,1|2|3|4|5|6|7|8|9|10|11|12|13|14|15|16|17|18|19|20|21|22|23|24|25|26|27|28|29|30|31|32|33|34|35|36|37|38|39|40|41|42|43|44|45|46|47|48|49|50|51|52|53|54|55|56|57|58|59|60|61|62|63|64|65|66|67|68|69|70|71|72|73|74|75|76|77|78|79|80|81|82|83|84|85|86|87|88|89|90|91|92,1,92,False,1-WHOLE-L0+92-P8
SWARM_D_OPT,COMMODITY_REGIONAL,320,152f02c6fb6d5d434ea649fe45651a6b24951c66da88cf06d6c82b76339d5e98,4,PASS,4,1,4,2,64,256,161054.04991573497,1.5895284852131422,2516.469529933359,2516.469529933359,320,224.0000000000003,22851485696,89263616.0,294912,225614.3818666622,7233.099200000055,11788.010602663737,0.013278656044056389,0.004832938470080372,0.004832938470080372,1714206781030,36700160,0.996228566248726,0.996228566248726,1.0,224164.16106666657,224164.16106666657,04bb183d98cc79b28f397cc69486b8bf1183cc7d0b0bd3dcd942f4f87e619003,9d40d0974de9168348119daf53d91fcb0938531fbfaabc0e9c6fc72e920767d6,31791,64,D_PLACEMENT,layer-00:WHOLE_LAYER:p1,0,1|2|3|4|5|6|7|8|9|10|11|12|13|14|15|16|17|18|19|20|21|22|23|24|25|26|27|28|29|30|31|32|33|34|35|36|37|38|39|40|41|42|43|44|45|46|47|48|49|50|51|52|53|54|55|56|57|58|59|60|61|62|63|64|65|66|67|68|69|70|71|72|73|74|75|76|77|78|79|80|81|82|83|84|85|86|87|88|89|90|91|92,1,92,False,1-WHOLE-L0+92-P8
SWARM_D_OPT,COMMODITY_REGIONAL,320,152f02c6fb6d5d434ea649fe45651a6b24951c66da88cf06d6c82b76339d5e98,16,PASS,16,4,4|4|4|4,2,64,256,42099.05297415909,6.080896882814346,2522.3710397327613,3013.7431635665635,320,224.0000000000003,22851485696,89263616.0,294912,225614.38186654804,13055.523454168471,12508.588247843349,0.05079879907621801,0.018488879407281895,0.018488879407281895,1714206781030,36700160,0.9962285662487259,0.9962285662487259,1.0,224164.16106666453,224164.16106666453,bb98227b8a85eb72331c5e13fb7b136e54856bc24116fd02401f789203a0cbbf,9d40d0974de9168348119daf53d91fcb0938531fbfaabc0e9c6fc72e920767d6,762984,1,D_PLACEMENT,layer-00:WHOLE_LAYER:p1,0,1|2|3|4|5|6|7|8|9|10|11|12|13|14|15|16|17|18|19|20|21|22|23|24|25|26|27|28|29|30|31|32|33|34|35|36|37|38|39|40|41|42|43|44|45|46|47|48|49|50|51|52|53|54|55|56|57|58|59|60|61|62|63|64|65|66|67|68|69|70|71|72|73|74|75|76|77|78|79|80|81|82|83|84|85|86|87|88|89|90|91|92,1,92,False,1-WHOLE-L0+92-P8
SWARM_D_OPT,COMMODITY_REGIONAL,320,152f02c6fb6d5d434ea649fe45651a6b24951c66da88cf06d6c82b76339d5e98,64,PASS,64,16,4|4|4|4|4|4|4|4|4|4|4|4|4|4|4|4,2,64,256,12026.530789934084,21.2862715334555,2745.2212576331012,3314.3995182000717,320,224.0000000000003,22851485696,89263616.0,294912,225614.38186654804,32567.191013866373,14988.312507727493,0.17782196467856773,0.06472060207516134,0.06472060207516134,1714206781030,36700160,0.9962285662487259,0.9962285662487259,1.0,224164.16106666453,224164.16106666453,c885bc98c7699e9933583506bf484e5a39d6024714acb6f1743141a7cc1e5356,9d40d0974de9168348119daf53d91fcb0938531fbfaabc0e9c6fc72e920767d6,1017312,1,D_PLACEMENT,layer-00:WHOLE_LAYER:p1,0,1|2|3|4|5|6|7|8|9|10|11|12|13|14|15|16|17|18|19|20|21|22|23|24|25|26|27|28|29|30|31|32|33|34|35|36|37|38|39|40|41|42|43|44|45|46|47|48|49|50|51|52|53|54|55|56|57|58|59|60|61|62|63|64|65|66|67|68|69|70|71|72|73|74|75|76|77|78|79|80|81|82|83|84|85|86|87|88|89|90|91|92,1,92,False,1-WHOLE-L0+92-P8
SWARM_CURRENT_OPT,COMMODITY_WAN,192,f42ca55d9a99a9bb575c5f63112297e7119a26bf626de6b0ecda9588ad4cccd5,4,PASS,4,1,4,2,64,256,562380.9971413112,0.4552074150821176,8787.203080332987,8787.203080332987,192,134.39999999999995,34373500928,134271488.0,336128,278468.82693332515,0.0,0.0,0.009661151474922205,0.010001489574845427,0.010001489574845427,1714206781030,22020096,0.996945948576355,0.996945948576355,1.0,277018.6061333333,277018.6061333333,01fcadf5e4804250de7fdb92bec5b9478733303b4a58a978f18ef6068466dab7,9d40d0974de9168348119daf53d91fcb0938531fbfaabc0e9c6fc72e920767d6,32067,64,CURRENT_PLACEMENT,layer-00:WHOLE_LAYER:p1,0,1|2|3|4|5|6|7|8|9|10|11|12|13|14|15|16|17|18|19|20|21|22|23|24|25|26|27|28|29|30|31|32|33|34|35|36|37|38|39|40|41|42|43|44|45|46|47|48|49|50|51|52|53|54|55|56|57|58|59|60|61|62|63|64|65|66|67|68|69|70|71|72|73|74|75|76|77|78|79|80|81|82|83|84|85|86|87|88|89|90|91|92,1,92,False,1-WHOLE-L0+92-P8
SWARM_CURRENT_OPT,COMMODITY_WAN,192,f42ca55d9a99a9bb575c5f63112297e7119a26bf626de6b0ecda9588ad4cccd5,16,PASS,16,4,4|4|4|4,2,64,256,142720.98532698242,1.7937095894726938,8879.057705332787,9037.831509499625,192,134.39999999999995,34373500928,134271488.0,336128,278468.82693317946,6064.405451002767,7526.397446498835,0.03806901968587231,0.039410095628989575,0.039410095628989575,1714206781030,22020096,0.996945948576355,0.996945948576355,1.0,277018.6061333288,277018.6061333288,d44633851778dceab0702e3caca9b44dc331a2fcb4aa64c41a58bad53425c431,9d40d0974de9168348119daf53d91fcb0938531fbfaabc0e9c6fc72e920767d6,769608,1,CURRENT_PLACEMENT,layer-00:WHOLE_LAYER:p1,0,1|2|3|4|5|6|7|8|9|10|11|12|13|14|15|16|17|18|19|20|21|22|23|24|25|26|27|28|29|30|31|32|33|34|35|36|37|38|39|40|41|42|43|44|45|46|47|48|49|50|51|52|53|54|55|56|57|58|59|60|61|62|63|64|65|66|67|68|69|70|71|72|73|74|75|76|77|78|79|80|81|82|83|84|85|86|87|88|89|90|91|92,1,92,False,1-WHOLE-L0+92-P8
SWARM_CURRENT_OPT,COMMODITY_WAN,192,f42ca55d9a99a9bb575c5f63112297e7119a26bf626de6b0ecda9588ad4cccd5,64,PASS,64,16,4|4|4|4|4|4|4|4|4|4|4|4|4|4|4|4,2,64,256,37022.559111998824,6.914702984889872,8858.534444166407,10142.688731666436,192,134.39999999999995,34373500928,134271488.0,336128,278468.82693317946,9033.002531169157,47730.588102823436,0.14675506313768297,0.15192487539785102,0.15192487539785102,1714206781030,22020096,0.996945948576355,0.996945948576355,1.0,277018.6061333288,277018.6061333288,f25df1f07f322aac8b8081787e441e7278db15bd4940f3ca041678a9e8c09119,9d40d0974de9168348119daf53d91fcb0938531fbfaabc0e9c6fc72e920767d6,1026144,1,CURRENT_PLACEMENT,layer-00:WHOLE_LAYER:p1,0,1|2|3|4|5|6|7|8|9|10|11|12|13|14|15|16|17|18|19|20|21|22|23|24|25|26|27|28|29|30|31|32|33|34|35|36|37|38|39|40|41|42|43|44|45|46|47|48|49|50|51|52|53|54|55|56|57|58|59|60|61|62|63|64|65|66|67|68|69|70|71|72|73|74|75|76|77|78|79|80|81|82|83|84|85|86|87|88|89|90|91|92,1,92,False,1-WHOLE-L0+92-P8
SWARM_CURRENT_OPT,COMMODITY_WAN,224,4691411d1231eaa11f6bccfc08c280d9b06c532f4c6316b0b3b64ead14e92951,4,PASS,4,1,4,2,64,256,552809.5658666391,0.4630889474545706,8637.649466666237,8637.649466666237,224,156.80000000000004,34373500928,134271488.0,336128,264005.9423999939,0.0,0.0,0.007382853430912922,0.015182241477392808,0.015182241477392808,1714206781030,25690112,0.9967782581248743,0.9967782581248743,1.0,262555.72159999993,262555.72159999993,a2793638198e91c2ba536f68dc7e90835eaec995af029871ae7a138b5c764d90,9d40d0974de9168348119daf53d91fcb0938531fbfaabc0e9c6fc72e920767d6,32067,64,CURRENT_PLACEMENT,layer-00:WHOLE_LAYER:p1,0,1|2|3|4|5|6|7|8|9|10|11|12|13|14|15|16|17|18|19|20|21|22|23|24|25|26|27|28|29|30|31|32|33|34|35|36|37|38|39|40|41|42|43|44|45|46|47|48|49|50|51|52|53|54|55|56|57|58|59|60|61|62|63|64|65|66|67|68|69|70|71|72|73|74|75|76|77|78|79|80|81|82|83|84|85|86|87|88|89|90|91|92,1,92,False,1-WHOLE-L0+92-P8
SWARM_CURRENT_OPT,COMMODITY_WAN,224,4691411d1231eaa11f6bccfc08c280d9b06c532f4c6316b0b3b64ead14e92951,16,PASS,16,4,4|4|4|4,2,64,256,139152.23276781713,1.8397117668039833,8642.409446166526,8992.411312999637,224,156.80000000000004,34373500928,134271488.0,336128,264005.9423999095,1704.81152983621,8714.231177999445,0.02932983480624309,0.0603144351553738,0.0603144351553738,1714206781030,25690112,0.9967782581248742,0.9967782581248742,1.0,262555.7215999959,262555.7215999959,f0c4ef077a3c65322f136843c358b8dab526398be25cf5d488d5e61c2bffdad9,9d40d0974de9168348119daf53d91fcb0938531fbfaabc0e9c6fc72e920767d6,769608,1,CURRENT_PLACEMENT,layer-00:WHOLE_LAYER:p1,0,1|2|3|4|5|6|7|8|9|10|11|12|13|14|15|16|17|18|19|20|21|22|23|24|25|26|27|28|29|30|31|32|33|34|35|36|37|38|39|40|41|42|43|44|45|46|47|48|49|50|51|52|53|54|55|56|57|58|59|60|61|62|63|64|65|66|67|68|69|70|71|72|73|74|75|76|77|78|79|80|81|82|83|84|85|86|87|88|89|90|91|92,1,92,False,1-WHOLE-L0+92-P8
SWARM_CURRENT_OPT,COMMODITY_WAN,224,4691411d1231eaa11f6bccfc08c280d9b06c532f4c6316b0b3b64ead14e92951,64,PASS,64,16,4|4|4|4|4|4|4|4|4|4|4|4|4|4|4|4,2,64,256,36455.257935998474,7.022306643651743,8735.800697583141,9947.278123332977,224,156.80000000000004,34373500928,134271488.0,336128,264005.9423999095,10328.275298827426,44514.74609548873,0.11195400145474735,0.23022435706626182,0.23022435706626182,1714206781030,25690112,0.9967782581248742,0.9967782581248742,1.0,262555.7215999959,262555.7215999959,400e5b718f038b28d7abc6b3b7a3983cc1a1ffd5545543b31f7def89d04e7ebe,9d40d0974de9168348119daf53d91fcb0938531fbfaabc0e9c6fc72e920767d6,1026144,1,CURRENT_PLACEMENT,layer-00:WHOLE_LAYER:p1,0,1|2|3|4|5|6|7|8|9|10|11|12|13|14|15|16|17|18|19|20|21|22|23|24|25|26|27|28|29|30|31|32|33|34|35|36|37|38|39|40|41|42|43|44|45|46|47|48|49|50|51|52|53|54|55|56|57|58|59|60|61|62|63|64|65|66|67|68|69|70|71|72|73|74|75|76|77|78|79|80|81|82|83|84|85|86|87|88|89|90|91|92,1,92,False,1-WHOLE-L0+92-P8
SWARM_CURRENT_OPT,COMMODITY_WAN,256,57ca01d04816de98c90c419bc8a62de78a3a3481b0051384e3954149a27622a1,4,PASS,4,1,4,2,64,256,545708.7747839729,0.4691146850283679,8526.699605999576,8526.699605999576,256,179.20000000000013,34373500928,134271488.0,336128,261679.26559999483,0.0,0.0,0.007478919505400383,0.008508426865296514,0.008508426865296514,1714206781030,29360128,0.9967495465456622,0.9967495465456622,1.0,260229.04479999986,260229.04479999986,13311d8799f55f82f591698d6215aad6d28f126f44839d0bb54c692dc4740ece,9d40d0974de9168348119daf53d91fcb0938531fbfaabc0e9c6fc72e920767d6,32067,64,CURRENT_PLACEMENT,layer-00:WHOLE_LAYER:p1,0,1|2|3|4|5|6|7|8|9|10|11|12|13|14|15|16|17|18|19|20|21|22|23|24|25|26|27|28|29|30|31|32|33|34|35|36|37|38|39|40|41|42|43|44|45|46|47|48|49|50|51|52|53|54|55|56|57|58|59|60|61|62|63|64|65|66|67|68|69|70|71|72|73|74|75|76|77|78|79|80|81|82|83|84|85|86|87|88|89|90|91|92,1,92,False,1-WHOLE-L0+92-P8
SWARM_CURRENT_OPT,COMMODITY_WAN,256,57ca01d04816de98c90c419bc8a62de78a3a3481b0051384e3954149a27622a1,16,PASS,16,4,4|4|4|4,2,64,256,138175.47632364905,1.8527166094247434,8593.4731059997,8839.36292866624,256,179.20000000000013,34373500928,134271488.0,336128,261679.26559985572,4500.464852834502,8509.247205164502,0.029537166135329883,0.033603091688458445,0.033603091688458445,1714206781030,29360128,0.9967495465456621,0.9967495465456621,1.0,260229.0447999968,260229.0447999968,336cac472e987ae06daf9bea63816c13ae723ab56b09672b8104a880d9e31eea,9d40d0974de9168348119daf53d91fcb0938531fbfaabc0e9c6fc72e920767d6,769608,1,CURRENT_PLACEMENT,layer-00:WHOLE_LAYER:p1,0,1|2|3|4|5|6|7|8|9|10|11|12|13|14|15|16|17|18|19|20|21|22|23|24|25|26|27|28|29|30|31|32|33|34|35|36|37|38|39|40|41|42|43|44|45|46|47|48|49|50|51|52|53|54|55|56|57|58|59|60|61|62|63|64|65|66|67|68|69|70|71|72|73|74|75|76|77|78|79|80|81|82|83|84|85|86|87|88|89|90|91|92,1,92,False,1-WHOLE-L0+92-P8
SWARM_CURRENT_OPT,COMMODITY_WAN,256,57ca01d04816de98c90c419bc8a62de78a3a3481b0051384e3954149a27622a1,64,PASS,64,16,4|4|4|4|4|4|4|4|4|4|4|4|4|4|4|4,2,64,256,36095.95851149941,7.092206733295192,8621.788115999974,9993.678773166412,256,179.20000000000013,34373500928,134271488.0,336128,261679.26559985572,9771.459682170269,60264.81197398734,0.11306839237139922,0.1286327719631215,0.1286327719631215,1714206781030,29360128,0.9967495465456621,0.9967495465456621,1.0,260229.0447999968,260229.0447999968,58459ca056799b5f5a4b0446c8c4d966794ef7869e41e53e0464a5ce40826940,9d40d0974de9168348119daf53d91fcb0938531fbfaabc0e9c6fc72e920767d6,1026144,1,CURRENT_PLACEMENT,layer-00:WHOLE_LAYER:p1,0,1|2|3|4|5|6|7|8|9|10|11|12|13|14|15|16|17|18|19|20|21|22|23|24|25|26|27|28|29|30|31|32|33|34|35|36|37|38|39|40|41|42|43|44|45|46|47|48|49|50|51|52|53|54|55|56|57|58|59|60|61|62|63|64|65|66|67|68|69|70|71|72|73|74|75|76|77|78|79|80|81|82|83|84|85|86|87|88|89|90|91|92,1,92,False,1-WHOLE-L0+92-P8
SWARM_CURRENT_OPT,COMMODITY_WAN,320,fa9980544d011bc06f1b56b14f53d110081849d31d0183a3726f858b955dead8,4,PASS,4,1,4,2,64,256,546991.8401706337,0.4680142941805877,8546.747502666152,8546.747502666152,320,224.0000000000003,34373500928,134271488.0,336128,247906.70719999514,0.0,0.0,0.004974250924507193,0.008488468856412155,0.008488468856412155,1714206781030,36700160,0.9965685269923937,0.9965685269923937,1.0,246456.48639999994,246456.48639999994,a2877d589a3a7eeaf1b14cd39cb16d10dd9b0727b792340d5398ba4434c39218,9d40d0974de9168348119daf53d91fcb0938531fbfaabc0e9c6fc72e920767d6,32067,64,CURRENT_PLACEMENT,layer-00:WHOLE_LAYER:p1,0,1|2|3|4|5|6|7|8|9|10|11|12|13|14|15|16|17|18|19|20|21|22|23|24|25|26|27|28|29|30|31|32|33|34|35|36|37|38|39|40|41|42|43|44|45|46|47|48|49|50|51|52|53|54|55|56|57|58|59|60|61|62|63|64|65|66|67|68|69|70|71|72|73|74|75|76|77|78|79|80|81|82|83|84|85|86|87|88|89|90|91|92,1,92,False,1-WHOLE-L0+92-P8
SWARM_CURRENT_OPT,COMMODITY_WAN,320,fa9980544d011bc06f1b56b14f53d110081849d31d0183a3726f858b955dead8,16,PASS,16,4,4|4|4|4,2,64,256,137694.42019848444,1.8591893529961478,8546.829002662555,8951.473258666145,320,224.0000000000003,34373500928,134271488.0,336128,247906.70719989677,1145.579134000669,9916.366026997803,0.01976023910587369,0.03372048913316172,0.03372048913316172,1714206781030,36700160,0.9965685269923937,0.9965685269923937,1.0,246456.48639999694,246456.48639999694,803d73d27e222cd7b5f899c708f6ec5c6fb56f600e28137618721736794197e6,9d40d0974de9168348119daf53d91fcb0938531fbfaabc0e9c6fc72e920767d6,769608,1,CURRENT_PLACEMENT,layer-00:WHOLE_LAYER:p1,0,1|2|3|4|5|6|7|8|9|10|11|12|13|14|15|16|17|18|19|20|21|22|23|24|25|26|27|28|29|30|31|32|33|34|35|36|37|38|39|40|41|42|43|44|45|46|47|48|49|50|51|52|53|54|55|56|57|58|59|60|61|62|63|64|65|66|67|68|69|70|71|72|73|74|75|76|77|78|79|80|81|82|83|84|85|86|87|88|89|90|91|92,1,92,False,1-WHOLE-L0+92-P8
SWARM_CURRENT_OPT,COMMODITY_WAN,320,fa9980544d011bc06f1b56b14f53d110081849d31d0183a3726f858b955dead8,64,PASS,64,16,4|4|4|4|4|4|4|4|4|4|4|4|4|4|4|4,2,64,256,36121.7912578321,7.087134693091746,8621.918455832829,10021.731250332901,320,224.0000000000003,34373500928,134271488.0,336128,247906.70719989677,8213.526267001173,60035.70266198698,0.07532502049096869,0.12854077935554356,0.12854077935554356,1714206781030,36700160,0.9965685269923937,0.9965685269923937,1.0,246456.48639999694,246456.48639999694,efe85083398f9addfff7be1590bcb6dd6813ada9412d0a9770ae33be1fa441da,9d40d0974de9168348119daf53d91fcb0938531fbfaabc0e9c6fc72e920767d6,1026144,1,CURRENT_PLACEMENT,layer-00:WHOLE_LAYER:p1,0,1|2|3|4|5|6|7|8|9|10|11|12|13|14|15|16|17|18|19|20|21|22|23|24|25|26|27|28|29|30|31|32|33|34|35|36|37|38|39|40|41|42|43|44|45|46|47|48|49|50|51|52|53|54|55|56|57|58|59|60|61|62|63|64|65|66|67|68|69|70|71|72|73|74|75|76|77|78|79|80|81|82|83|84|85|86|87|88|89|90|91|92,1,92,False,1-WHOLE-L0+92-P8
SWARM_D_OPT,COMMODITY_WAN,192,d80b367a274dead7ca2dd9ee6f3186207db63459c8c631a4bb173dc7901ca908,4,PASS,4,1,4,2,64,256,485495.4885333185,0.5272963519668861,7585.867008333102,7585.867008333102,192,134.39999999999995,22851485696,89263616.0,294912,253421.90853332652,8127.315200002748,204737.55366396124,0.008792381050190508,0.011585375792043004,0.011585375792043004,1714206781030,22020096,0.9966433835757774,0.9966433835757774,1.0,251971.68773333335,251971.68773333335,f19519d9dd8a924f1ab8177ef01edf6a2d5277384dc48eb1cf9271b29454446e,9d40d0974de9168348119daf53d91fcb0938531fbfaabc0e9c6fc72e920767d6,31791,64,D_PLACEMENT,layer-00:WHOLE_LAYER:p1,0,1|2|3|4|5|6|7|8|9|10|11|12|13|14|15|16|17|18|19|20|21|22|23|24|25|26|27|28|29|30|31|32|33|34|35|36|37|38|39|40|41|42|43|44|45|46|47|48|49|50|51|52|53|54|55|56|57|58|59|60|61|62|63|64|65|66|67|68|69|70|71|72|73|74|75|76|77|78|79|80|81|82|83|84|85|86|87|88|89|90|91|92,1,92,False,1-WHOLE-L0+92-P8
SWARM_D_OPT,COMMODITY_WAN,192,d80b367a274dead7ca2dd9ee6f3186207db63459c8c631a4bb173dc7901ca908,16,PASS,16,4,4|4|4|4,2,64,256,121821.36067883536,2.1014377000344586,7585.867008334157,7815.709153833479,192,134.39999999999995,22851485696,89263616.0,294912,253421.90853324332,9309.038015678916,206467.97164927944,0.03504033536932057,0.04617127611001306,0.04617127611001306,1714206781030,22020096,0.9966433835757774,0.9966433835757774,1.0,251971.68773332957,251971.68773332957,ba0c4716822eb7125ad2aa7c3a49c63a3c7c717daa9fa097e4898f29f76d2a98,9d40d0974de9168348119daf53d91fcb0938531fbfaabc0e9c6fc72e920767d6,762984,1,D_PLACEMENT,layer-00:WHOLE_LAYER:p1,0,1|2|3|4|5|6|7|8|9|10|11|12|13|14|15|16|17|18|19|20|21|22|23|24|25|26|27|28|29|30|31|32|33|34|35|36|37|38|39|40|41|42|43|44|45|46|47|48|49|50|51|52|53|54|55|56|57|58|59|60|61|62|63|64|65|66|67|68|69|70|71|72|73|74|75|76|77|78|79|80|81|82|83|84|85|86|87|88|89|90|91|92,1,92,False,1-WHOLE-L0+92-P8
SWARM_D_OPT,COMMODITY_WAN,192,d80b367a274dead7ca2dd9ee6f3186207db63459c8c631a4bb173dc7901ca908,64,PASS,64,16,4|4|4|4|4|4|4|4|4|4|4|4|4|4|4|4,2,64,256,31667.636501498167,8.08396294393138,7596.371028666052,8656.09611983327,192,134.39999999999995,22851485696,89263616.0,294912,253421.90853324332,13596.610450007844,225687.30430095995,0.13479570327679513,0.17761501335074054,0.17761501335074054,1714206781030,22020096,0.9966433835757774,0.9966433835757774,1.0,251971.68773332957,251971.68773332957,1187ae4141e9c0eadaf23c34a0fc819fbfb88c1708762d5aca4afb1dcc70171f,9d40d0974de9168348119daf53d91fcb0938531fbfaabc0e9c6fc72e920767d6,1017312,1,D_PLACEMENT,layer-00:WHOLE_LAYER:p1,0,1|2|3|4|5|6|7|8|9|10|11|12|13|14|15|16|17|18|19|20|21|22|23|24|25|26|27|28|29|30|31|32|33|34|35|36|37|38|39|40|41|42|43|44|45|46|47|48|49|50|51|52|53|54|55|56|57|58|59|60|61|62|63|64|65|66|67|68|69|70|71|72|73|74|75|76|77|78|79|80|81|82|83|84|85|86|87|88|89|90|91|92,1,92,False,1-WHOLE-L0+92-P8
SWARM_D_OPT,COMMODITY_WAN,224,a97da22da7533f8a3cb7c7f7c01fbf21214f3397369d711fb7a31f069b87a672,4,PASS,4,1,4,2,64,256,477687.2679253137,0.5359154769015647,7463.863561333026,7463.863561333026,224,156.80000000000004,22851485696,89263616.0,294912,240265.3258666617,7703.379200002411,206952.22673063073,0.006715422862184281,0.017569838853884266,0.017569838853884266,1714206781030,25690112,0.9964591187217371,0.9964591187217371,1.0,238815.10506666664,238815.10506666664,71c30394f3294da1dd380edf7b8bb495f6d3a566751bdd6163f1ae39b946239f,9d40d0974de9168348119daf53d91fcb0938531fbfaabc0e9c6fc72e920767d6,31791,64,D_PLACEMENT,layer-00:WHOLE_LAYER:p1,0,1|2|3|4|5|6|7|8|9|10|11|12|13|14|15|16|17|18|19|20|21|22|23|24|25|26|27|28|29|30|31|32|33|34|35|36|37|38|39|40|41|42|43|44|45|46|47|48|49|50|51|52|53|54|55|56|57|58|59|60|61|62|63|64|65|66|67|68|69|70|71|72|73|74|75|76|77|78|79|80|81|82|83|84|85|86|87|88|89|90|91|92,1,92,False,1-WHOLE-L0+92-P8
SWARM_D_OPT,COMMODITY_WAN,224,a97da22da7533f8a3cb7c7f7c01fbf21214f3397369d711fb7a31f069b87a672,16,PASS,16,4,4|4|4|4,2,64,256,119880.1381143378,2.13546634185419,7465.86481133441,7631.125829999897,224,156.80000000000004,22851485696,89263616.0,294912,240265.32586656496,8784.830291014763,209218.78718811137,0.02675899486318909,0.0700106660871138,0.0700106660871138,1714206781030,25690112,0.9964591187217371,0.9964591187217371,1.0,238815.10506666335,238815.10506666335,7e6279cc9918b07776fd5ad4e7a36d2be21ac361065f999e824540546c65b697,9d40d0974de9168348119daf53d91fcb0938531fbfaabc0e9c6fc72e920767d6,762984,1,D_PLACEMENT,layer-00:WHOLE_LAYER:p1,0,1|2|3|4|5|6|7|8|9|10|11|12|13|14|15|16|17|18|19|20|21|22|23|24|25|26|27|28|29|30|31|32|33|34|35|36|37|38|39|40|41|42|43|44|45|46|47|48|49|50|51|52|53|54|55|56|57|58|59|60|61|62|63|64|65|66|67|68|69|70|71|72|73|74|75|76|77|78|79|80|81|82|83|84|85|86|87|88|89|90|91|92,1,92,False,1-WHOLE-L0+92-P8
SWARM_D_OPT,COMMODITY_WAN,224,a97da22da7533f8a3cb7c7f7c01fbf21214f3397369d711fb7a31f069b87a672,64,PASS,64,16,4|4|4|4|4|4|4|4|4|4|4|4|4|4|4|4,2,64,256,31464.388946331397,8.136182159350291,7530.144257999409,8597.561609166534,224,156.80000000000004,22851485696,89263616.0,294912,240265.32586656496,16500.22955749988,231243.47141296865,0.1019524645932775,0.26674245396329427,0.26674245396329427,1714206781030,25690112,0.9964591187217371,0.9964591187217371,1.0,238815.10506666335,238815.10506666335,f8c8997b53950d5792698c1b5221620edc49684eeb0544ce7f5dfc286c3a9bec,9d40d0974de9168348119daf53d91fcb0938531fbfaabc0e9c6fc72e920767d6,1017312,1,D_PLACEMENT,layer-00:WHOLE_LAYER:p1,0,1|2|3|4|5|6|7|8|9|10|11|12|13|14|15|16|17|18|19|20|21|22|23|24|25|26|27|28|29|30|31|32|33|34|35|36|37|38|39|40|41|42|43|44|45|46|47|48|49|50|51|52|53|54|55|56|57|58|59|60|61|62|63|64|65|66|67|68|69|70|71|72|73|74|75|76|77|78|79|80|81|82|83|84|85|86|87|88|89|90|91|92,1,92,False,1-WHOLE-L0+92-P8
SWARM_D_OPT,COMMODITY_WAN,256,23da06c5af354222bfa07cc738654aae9cb01170915faa85802cf325ea77fe85,4,PASS,4,1,4,2,64,256,470892.3477759856,0.5436486730121703,7357.692933999775,7357.692933999775,256,179.20000000000013,22851485696,89263616.0,294912,238165.83199999417,7630.425600002636,207331.96646396548,0.0068123256093472525,0.009860264712156336,0.009860264712156336,1714206781030,29360128,0.996427825885843,0.996427825885843,1.0,236715.61119999996,236715.61119999996,afb95d7f256ef42d3882c7a4b6f6d0f9be9827dbc9dca5e356128d96ee2ed781,9d40d0974de9168348119daf53d91fcb0938531fbfaabc0e9c6fc72e920767d6,31791,64,D_PLACEMENT,layer-00:WHOLE_LAYER:p1,0,1|2|3|4|5|6|7|8|9|10|11|12|13|14|15|16|17|18|19|20|21|22|23|24|25|26|27|28|29|30|31|32|33|34|35|36|37|38|39|40|41|42|43|44|45|46|47|48|49|50|51|52|53|54|55|56|57|58|59|60|61|62|63|64|65|66|67|68|69|70|71|72|73|74|75|76|77|78|79|80|81|82|83|84|85|86|87|88|89|90|91|92,1,92,False,1-WHOLE-L0+92-P8
SWARM_D_OPT,COMMODITY_WAN,256,23da06c5af354222bfa07cc738654aae9cb01170915faa85802cf325ea77fe85,16,PASS,16,4,4|4|4|4,2,64,256,118147.94502900557,2.1667748849728317,7357.69293400101,7564.904619000101,256,179.20000000000013,22851485696,89263616.0,294912,238165.83199985145,8490.538318015451,209496.34184593896,0.027151314389873008,0.03929922944372923,0.03929922944372923,1714206781030,29360128,0.9964278258858429,0.9964278258858429,1.0,236715.6111999977,236715.6111999977,d92413a9fe2e5587af38d67152463660924f7edd58fd7c80090d7c4e305e6e8e,9d40d0974de9168348119daf53d91fcb0938531fbfaabc0e9c6fc72e920767d6,762984,1,D_PLACEMENT,layer-00:WHOLE_LAYER:p1,0,1|2|3|4|5|6|7|8|9|10|11|12|13|14|15|16|17|18|19|20|21|22|23|24|25|26|27|28|29|30|31|32|33|34|35|36|37|38|39|40|41|42|43|44|45|46|47|48|49|50|51|52|53|54|55|56|57|58|59|60|61|62|63|64|65|66|67|68|69|70|71|72|73|74|75|76|77|78|79|80|81|82|83|84|85|86|87|88|89|90|91|92,1,92,False,1-WHOLE-L0+92-P8
SWARM_D_OPT,COMMODITY_WAN,256,23da06c5af354222bfa07cc738654aae9cb01170915faa85802cf325ea77fe85,64,PASS,64,16,4|4|4|4|4|4|4|4|4|4|4|4|4|4|4|4,2,64,256,30750.185028665088,8.325153157984538,7379.646710666184,8415.256521333189,256,179.20000000000013,22851485696,89263616.0,294912,238165.83199985145,11953.370752673116,231007.0214359544,0.10432041293441358,0.1509949678569971,0.1509949678569971,1714206781030,29360128,0.9964278258858429,0.9964278258858429,1.0,236715.6111999977,236715.6111999977,6af502ec1ad089cf48dc5670f2c68ca993a95340755b1608debbc44b56fca01a,9d40d0974de9168348119daf53d91fcb0938531fbfaabc0e9c6fc72e920767d6,1017312,1,D_PLACEMENT,layer-00:WHOLE_LAYER:p1,0,1|2|3|4|5|6|7|8|9|10|11|12|13|14|15|16|17|18|19|20|21|22|23|24|25|26|27|28|29|30|31|32|33|34|35|36|37|38|39|40|41|42|43|44|45|46|47|48|49|50|51|52|53|54|55|56|57|58|59|60|61|62|63|64|65|66|67|68|69|70|71|72|73|74|75|76|77|78|79|80|81|82|83|84|85|86|87|88|89|90|91|92,1,92,False,1-WHOLE-L0+92-P8
SWARM_D_OPT,COMMODITY_WAN,320,f1f5e24c04fdfeb1a45ab9fa6caa6ae923f133213be5f725ef4b41e2008e4dbf,4,PASS,4,1,4,2,64,256,473824.6702293141,0.5402842360996214,7403.510472333033,7403.510472333033,320,224.0000000000003,22851485696,89263616.0,294912,225614.3818666622,7233.099200003082,209409.47313063184,0.004513444461003554,0.009799243246986052,0.009799243246986052,1714206781030,36700160,0.996228566248726,0.996228566248726,1.0,224164.16106666657,224164.16106666657,fbee55167c97a2c4a40826f00bb6953f9f20e90903311d84cda8b8d512c3021b,9d40d0974de9168348119daf53d91fcb0938531fbfaabc0e9c6fc72e920767d6,31791,64,D_PLACEMENT,layer-00:WHOLE_LAYER:p1,0,1|2|3|4|5|6|7|8|9|10|11|12|13|14|15|16|17|18|19|20|21|22|23|24|25|26|27|28|29|30|31|32|33|34|35|36|37|38|39|40|41|42|43|44|45|46|47|48|49|50|51|52|53|54|55|56|57|58|59|60|61|62|63|64|65|66|67|68|69|70|71|72|73|74|75|76|77|78|79|80|81|82|83|84|85|86|87|88|89|90|91|92,1,92,False,1-WHOLE-L0+92-P8
SWARM_D_OPT,COMMODITY_WAN,320,f1f5e24c04fdfeb1a45ab9fa6caa6ae923f133213be5f725ef4b41e2008e4dbf,16,PASS,16,4,4|4|4|4,2,64,256,118861.14956500742,2.1537735495313273,7403.51047233463,7590.846079999988,320,224.0000000000003,22851485696,89263616.0,294912,225614.38186654804,7906.522418682975,211851.24336861304,0.017992265270526726,0.039063421622559574,0.039063421622559574,1714206781030,36700160,0.9962285662487259,0.9962285662487259,1.0,224164.16106666453,224164.16106666453,d1752d18f94bdbbaca6b99a40f58ed7e66c7ae7cba335ab91596550300cc58a5,9d40d0974de9168348119daf53d91fcb0938531fbfaabc0e9c6fc72e920767d6,762984,1,D_PLACEMENT,layer-00:WHOLE_LAYER:p1,0,1|2|3|4|5|6|7|8|9|10|11|12|13|14|15|16|17|18|19|20|21|22|23|24|25|26|27|28|29|30|31|32|33|34|35|36|37|38|39|40|41|42|43|44|45|46|47|48|49|50|51|52|53|54|55|56|57|58|59|60|61|62|63|64|65|66|67|68|69|70|71|72|73|74|75|76|77|78|79|80|81|82|83|84|85|86|87|88|89|90|91|92,1,92,False,1-WHOLE-L0+92-P8
SWARM_D_OPT,COMMODITY_WAN,320,f1f5e24c04fdfeb1a45ab9fa6caa6ae923f133213be5f725ef4b41e2008e4dbf,64,PASS,64,16,4|4|4|4|4|4|4|4|4|4|4|4|4|4|4|4,2,64,256,30886.41161566489,8.288434512417188,7405.673494332863,8449.467768666504,320,224.0000000000003,22851485696,89263616.0,294912,225614.38186654804,11111.718479004718,232500.92059163947,0.06924020051098217,0.15032899443861297,0.15032899443861297,1714206781030,36700160,0.9962285662487259,0.9962285662487259,1.0,224164.16106666453,224164.16106666453,f328d464ec72faaba6d139db52dd2e254a34adbf74277d375e68c68202572828,9d40d0974de9168348119daf53d91fcb0938531fbfaabc0e9c6fc72e920767d6,1017312,1,D_PLACEMENT,layer-00:WHOLE_LAYER:p1,0,1|2|3|4|5|6|7|8|9|10|11|12|13|14|15|16|17|18|19|20|21|22|23|24|25|26|27|28|29|30|31|32|33|34|35|36|37|38|39|40|41|42|43|44|45|46|47|48|49|50|51|52|53|54|55|56|57|58|59|60|61|62|63|64|65|66|67|68|69|70|71|72|73|74|75|76|77|78|79|80|81|82|83|84|85|86|87|88|89|90|91|92,1,92,False,1-WHOLE-L0+92-P8
