block,chunk,accepted_target_tokens,target_pass_ms,predicted_tok_s_per_user,total_compute_work_ms,network_critical_path_ms,total_network_bytes,average_worker_utilization,service_source,prediction_hardware,predicted,corrected_replay_status,prediction_use
7,1,8,688.7177670399981,11.61578861887469,5152.814400000012,479.19036704000075,1120710528,0.07793489956079915,post-fusion bottom-up RTX 5090 sharded worker measurements,RTX 3090 SM86; physically unvalidated until E021,True,FAIL,UNVALIDATED_DIAGNOSTIC_ONLY
7,2,8,603.6848526399978,13.251947543515277,3438.3040000000024,401.01375264000194,1120710080,0.05932841698783697,post-fusion bottom-up RTX 5090 sharded worker measurements,RTX 3090 SM86; physically unvalidated until E021,True,FAIL,UNVALIDATED_DIAGNOSTIC_ONLY
7,4,8,630.0135238400015,12.698140114896459,2626.9214000000015,382.66052383999954,1120709856,0.043433614593776045,post-fusion bottom-up RTX 5090 sharded worker measurements,RTX 3090 SM86; physically unvalidated until E021,True,FAIL,UNVALIDATED_DIAGNOSTIC_ONLY
12,1,13,866.2849958400013,15.006608751655024,8373.323399999988,600.5915958400011,1821154608,0.10068524696704934,post-fusion bottom-up RTX 5090 sharded worker measurements,RTX 3090 SM86; physically unvalidated until E021,True,FAIL,UNVALIDATED_DIAGNOSTIC_ONLY
12,2,13,719.6965902399998,18.06316741846011,6017.032,475.59189024000284,1821153936,0.08708866696973716,post-fusion bottom-up RTX 5090 sharded worker measurements,RTX 3090 SM86; physically unvalidated until E021,True,FAIL,UNVALIDATED_DIAGNOSTIC_ONLY
12,4,13,718.9158790400036,18.08278322821219,5253.842799999999,432.5924790399996,1821153600,0.0761250805028072,post-fusion bottom-up RTX 5090 sharded worker measurements,RTX 3090 SM86; physically unvalidated until E021,True,FAIL,UNVALIDATED_DIAGNOSTIC_ONLY
16,1,17,1008.3387788800039,16.859413082260385,10949.73059999994,697.7125788800014,2381509872,0.11311644076278544,post-fusion bottom-up RTX 5090 sharded worker measurements,RTX 3090 SM86; physically unvalidated until E021,True,FAIL,UNVALIDATED_DIAGNOSTIC_ONLY
16,2,17,798.4399732800011,21.291519173525085,7736.184000000007,526.712873280004,2381508976,0.10092837620460672,post-fusion bottom-up RTX 5090 sharded worker measurements,RTX 3090 SM86; physically unvalidated until E021,True,FAIL,UNVALIDATED_DIAGNOSTIC_ONLY
16,4,17,766.5220620800055,22.178096157949373,6567.303499999991,460.71346207999943,2381508528,0.08924650031950819,post-fusion bottom-up RTX 5090 sharded worker measurements,RTX 3090 SM86; physically unvalidated until E021,True,FAIL,UNVALIDATED_DIAGNOSTIC_ONLY
